<?xml version="1.0" encoding="UTF-8"?>
<PharmML xmlns:xsi="http://www.w3.org/2001/XMLSchema-instance"
    xmlns="http://www.pharmml.org/pharmml/0.7/PharmML"
    xsi:schemaLocation="http://www.pharmml.org/pharmml/0.7/PharmML http://www.pharmml.org/pharmml/0.7/PharmML"
    xmlns:math="http://www.pharmml.org/pharmml/0.7/Maths"
    xmlns:ct="http://www.pharmml.org/pharmml/0.7/CommonTypes"
    xmlns:ds="http://www.pharmml.org/pharmml/0.7/Dataset"
    xmlns:mstep="http://www.pharmml.org/pharmml/0.7/ModellingSteps"
    implementedBy="MJS" writtenVersion="0.7.1" id="i1">
    
    <ct:Name id="i2">Cumulative probabilities model (3 categories)</ct:Name>
    
    <ct:Description>Categorical model - cumulative probabilities with three categories</ct:Description>

    <IndependentVariable symbId="t"/>
    
    <!-- SECTION I -->
    <ModelDefinition id="i3" xmlns="http://www.pharmml.org/pharmml/0.7/ModelDefinition">
        
        <!-- OBSERVATIONS -->
        <ObservationModel blkId="om1">
            <Discrete>
                <CategoricalData ordered="yes">
                    <PopulationParameter symbId="a1"/>
                    <PopulationParameter symbId="a2"/>
                    <PopulationParameter symbId="a3"/>
                    
                    <ListOfCategories> 
                        <Category symbId="cat1"/>
                        <Category symbId="cat2"/>
                        <Category symbId="cat3"/>
                    </ListOfCategories>
                    
                    <CategoryVariable symbId="y"/>
                    
                    <!-- P(y <= 1) = a1/(a1+a2+a3) --> 
                    <ProbabilityAssignment>
                        <Probability linkFunction="identity">
                            <math:LogicBinop op="leq">
                                <ct:SymbRef symbIdRef="y"/>
                                <ct:SymbRef symbIdRef="cat1"/>
                            </math:LogicBinop>
                        </Probability>
                        <ct:Assign>
                            <math:Binop op="divide">
                                <ct:SymbRef symbIdRef="a1"/>
                                <math:Binop op="plus">
                                    <ct:SymbRef symbIdRef="a1"/>
                                    <math:Binop op="plus">
                                        <ct:SymbRef symbIdRef="a2"/>
                                        <ct:SymbRef symbIdRef="a3"/>
                                    </math:Binop>
                                </math:Binop>
                            </math:Binop>
                        </ct:Assign>
                    </ProbabilityAssignment>
                    
                    <!-- P(y <= 2) = a2/(a1+a2+a3) -->
                    <ProbabilityAssignment>
                        <Probability linkFunction="identity">
                            <math:LogicBinop op="leq">
                                <ct:SymbRef symbIdRef="y"/>
                                <ct:SymbRef symbIdRef="cat2"/>
                            </math:LogicBinop>
                        </Probability>
                        <ct:Assign>
                            <math:Binop op="divide">
                                <ct:SymbRef symbIdRef="a2"/>
                                <math:Binop op="plus">
                                    <ct:SymbRef symbIdRef="a1"/>
                                    <math:Binop op="plus">
                                        <ct:SymbRef symbIdRef="a2"/>
                                        <ct:SymbRef symbIdRef="a3"/>
                                    </math:Binop>
                                </math:Binop>
                            </math:Binop>
                        </ct:Assign>
                    </ProbabilityAssignment>
                </CategoricalData>
            </Discrete>
        </ObservationModel>
    </ModelDefinition>
    
    <!-- SECTION II -->
    <TrialDesign xmlns="http://www.pharmml.org/pharmml/0.7/TrialDesign">
        
        <ExternalDataSet toolName="NONMEM" oid="NMoid">
            <ColumnMapping>
                <ds:ColumnRef columnIdRef="TIME"/>
                <ct:SymbRef symbIdRef="t"/>
            </ColumnMapping>
            <ColumnMapping>
                <ds:ColumnRef columnIdRef="DV"/>
                <ct:SymbRef blkIdRef="om1" symbIdRef="y"/>
                <ds:CategoryMapping>
                    <ds:Map dataSymbol="1" modelSymbol="cat1"/>
                    <ds:Map dataSymbol="2" modelSymbol="cat2"/>
                    <ds:Map dataSymbol="3" modelSymbol="cat3"/>
                </ds:CategoryMapping>
            </ColumnMapping>
            <ds:DataSet>
                <ds:Definition>
                    <ds:Column columnId="ID" columnType="id" valueType="id" columnNum="1"/>
                    <ds:Column columnId="TIME" columnType="time" valueType="real" columnNum="2"/>
                    <ds:Column columnId="DV" columnType="dv" valueType="real" columnNum="3"/>
                </ds:Definition>
                <ds:ExternalFile oid="importData">
                    <ds:path>myFile.csv</ds:path>
                    <ds:format>CSV</ds:format>
                    <ds:delimiter>COMMA</ds:delimiter>
                </ds:ExternalFile>
            </ds:DataSet>
        </ExternalDataSet>
        
    </TrialDesign>
    
    <!-- SECTION III -->
    <mstep:ModellingSteps>
        
        <mstep:EstimationStep oid="estStep1">
            <mstep:ExternalDataSetReference>
                <ct:OidRef oidRef="NMoid"/>
            </mstep:ExternalDataSetReference>
            <mstep:ParametersToEstimate>
                <mstep:ParameterEstimation>
                    <ct:SymbRef blkIdRef="om1" symbIdRef="a1"/>
                    <mstep:InitialEstimate>
                        <ct:Real>1</ct:Real>
                    </mstep:InitialEstimate>
                </mstep:ParameterEstimation>
                <!-- omitted a2 -->
                <mstep:ParameterEstimation>
                    <ct:SymbRef blkIdRef="om1" symbIdRef="a3"/>
                    <mstep:InitialEstimate>
                        <ct:Real>0.6</ct:Real>
                    </mstep:InitialEstimate>
                </mstep:ParameterEstimation>
            </mstep:ParametersToEstimate>
            
            <mstep:Operation order="1" opType="estPop"/>
        </mstep:EstimationStep>
    </mstep:ModellingSteps>
</PharmML>
