<?xml version="1.0" encoding="UTF-8"?>
<PharmML xmlns:xsi="http://www.w3.org/2001/XMLSchema-instance"
    xmlns="http://www.pharmml.org/pharmml/0.7/PharmML"
    xsi:schemaLocation="http://www.pharmml.org/pharmml/0.7/PharmML http://www.pharmml.org/pharmml/0.7/PharmML"
    xmlns:math="http://www.pharmml.org/pharmml/0.7/Maths"
    xmlns:ct="http://www.pharmml.org/pharmml/0.7/CommonTypes"
    xmlns:ds="http://www.pharmml.org/pharmml/0.7/Dataset"
    xmlns:mstep="http://www.pharmml.org/pharmml/0.7/ModellingSteps"
    implementedBy="MJS" writtenVersion="0.7.1" id="i1">
    
    <ct:Name>Binomial Markov model</ct:Name>
    
    <ct:Description>Categorical model - binomial with Markov dependency</ct:Description>
    
    <IndependentVariable symbId="t"/>
    
    <!-- SECTION I -->
    <ModelDefinition xmlns="http://www.pharmml.org/pharmml/0.7/ModelDefinition">
        
        <!-- OBSERVATIONS -->
        <ObservationModel blkId="om1">
            <Discrete>
                <CategoricalData ordered="no">
                    <PopulationParameter symbId="p01"/>
                    <PopulationParameter symbId="p11"/>
                    
                    <ListOfCategories> 
                        <Category symbId="cat0"/>
                        <Category symbId="cat1"/>
                    </ListOfCategories>
                    
                    <CategoryVariable symbId="y"/>
                    <PreviousStateVariable symbId="yp"/>
                    
                    <Dependance type="discreteMarkov"/>
                    
                    <!-- P(y=1|yp=0)=p01 -->
                    <ProbabilityAssignment>
                        <Probability>
                            <CurrentState>
                                <math:LogicBinop op="eq">
                                    <ct:SymbRef symbIdRef="y"/>
                                    <ct:SymbRef symbIdRef="cat1"/>
                                </math:LogicBinop>
                            </CurrentState>
                            <PreviousState>
                                <math:LogicBinop op="eq">
                                    <ct:SymbRef symbIdRef="yp"/>
                                    <ct:SymbRef symbIdRef="cat0"/>
                                </math:LogicBinop>
                            </PreviousState>
                        </Probability>
                        <ct:Assign>
                            <ct:SymbRef symbIdRef="p01"/>
                        </ct:Assign>
                    </ProbabilityAssignment>
                    
                    <!-- P(y=1|yp=1)=p11-->
                    <ProbabilityAssignment>
                        <Probability>
                            <CurrentState>
                                <math:LogicBinop op="eq">
                                    <ct:SymbRef symbIdRef="y"/>
                                    <ct:SymbRef symbIdRef="cat1"/>
                                </math:LogicBinop>
                            </CurrentState>
                            <PreviousState>
                                <math:LogicBinop op="eq">
                                    <ct:SymbRef symbIdRef="yp"/>
                                    <ct:SymbRef symbIdRef="cat1"/>
                                </math:LogicBinop>
                            </PreviousState>
                        </Probability>
                        <ct:Assign>
                            <ct:SymbRef symbIdRef="p11"/>
                        </ct:Assign>
                    </ProbabilityAssignment>
                </CategoricalData>
            </Discrete>
        </ObservationModel>
    </ModelDefinition>
    

    <!-- SECTION II -->
    <TrialDesign xmlns="http://www.pharmml.org/pharmml/0.7/TrialDesign">
        
        <ExternalDataSet toolName="NONMEM" oid="NMoid">
            <ColumnMapping>
                <ds:ColumnRef columnIdRef="TIME"/>
                <ct:SymbRef symbIdRef="t"/>
            </ColumnMapping>
            <ColumnMapping>
                <ds:ColumnRef columnIdRef="DV"/>
                <ct:SymbRef blkIdRef="om1" symbIdRef="y"/>
                <ds:CategoryMapping>
                    <ds:Map dataSymbol="0" modelSymbol="cat0"/>
                    <ds:Map dataSymbol="1" modelSymbol="cat1"/>
                </ds:CategoryMapping>
            </ColumnMapping>
            <ds:DataSet>
                <ds:Definition>
                    <ds:Column columnId="ID" columnType="id" valueType="string" columnNum="1"/>
                    <ds:Column columnId="TIME" columnType="time" valueType="real" columnNum="2"/>
                    <ds:Column columnId="DV" columnType="dv" valueType="real" columnNum="3"/>
                </ds:Definition>
                <ds:ExternalFile oid="importData">
                    <ds:path>myFile.csv</ds:path>
                    <ds:format>CSV</ds:format>
                    <ds:delimiter>COMMA</ds:delimiter>
                </ds:ExternalFile>
            </ds:DataSet>
        </ExternalDataSet>
    
    </TrialDesign>
    
    
    <!-- SECTION III -->
    <mstep:ModellingSteps>
        
        <mstep:EstimationStep oid="estStep1">
            <mstep:TargetToolReference>
                <ct:OidRef oidRef="NMoid"/>
            </mstep:TargetToolReference>
            <mstep:ParametersToEstimate>
                <mstep:ParameterEstimation>
                    <ct:SymbRef blkIdRef="om1" symbIdRef="p01"/>
                    <mstep:InitialEstimate>
                        <ct:Real>1</ct:Real>
                    </mstep:InitialEstimate>
                </mstep:ParameterEstimation>
                <mstep:ParameterEstimation>
                    <ct:SymbRef blkIdRef="om1" symbIdRef="p11"/>
                    <mstep:InitialEstimate>
                        <ct:Real>1</ct:Real>
                    </mstep:InitialEstimate>
                </mstep:ParameterEstimation>
            </mstep:ParametersToEstimate>
            
            <mstep:Operation order="1" opType="estPop"/>
        </mstep:EstimationStep>
    </mstep:ModellingSteps>
</PharmML>
