<?xml version="1.0" encoding="UTF-8"?>
<PharmML xmlns:xsi="http://www.w3.org/2001/XMLSchema-instance"
    xmlns="http://www.pharmml.org/pharmml/0.7/PharmML"
    xsi:schemaLocation="http://www.pharmml.org/pharmml/0.7/PharmML http://www.pharmml.org/pharmml/0.7/PharmML"
    xmlns:math="http://www.pharmml.org/pharmml/0.7/Maths"
    xmlns:ct="http://www.pharmml.org/pharmml/0.7/CommonTypes"
    xmlns:ds="http://www.pharmml.org/pharmml/0.7/Dataset"
    xmlns:mstep="http://www.pharmml.org/pharmml/0.7/ModellingSteps"
    xmlns:po="http://www.pharmml.org/probonto/ProbOnto"
    implementedBy="MJS" writtenVersion="0.7.1" id="i1">
    
    <ct:Name id="i2">Tail probabilities model (3 categories)</ct:Name>
    
    <ct:Description>Categorical model - tail probabilities with three categories - based on code provided by Mats Karlsson</ct:Description>
    
    <!-- SECTION I -->
    <ModelDefinition id="i3" xmlns="http://www.pharmml.org/pharmml/0.7/ModelDefinition">
        
        <!-- OBSERVATIONS -->
        <ObservationModel blkId="om1">
            <Discrete>
                <CategoricalData ordered="yes">
                    <!-- omitted definition with IIV -->
                    <!-- b1 -->
                    <PopulationParameter symbId="b1"/>
                    <!-- b2 -->
                    <PopulationParameter symbId="b2"/>
                    <!-- b3 -->
                    <PopulationParameter symbId="b3"/>
                    
                    <ListOfCategories> 
                        <Category symbId="cat1"/>
                        <Category symbId="cat2"/>
                        <Category symbId="cat3"/>
                    </ListOfCategories>
                    
                    <CategoryVariable symbId="y"/>
                    
                    <!-- logit(P(y >= 1)) = b1 -->
                    <ProbabilityAssignment>
                        <Probability linkFunction="logit">
                            <math:LogicBinop op="geq">
                                <ct:SymbRef symbIdRef="y"/>
                                <ct:SymbRef symbIdRef="cat1"/>
                            </math:LogicBinop>
                        </Probability>
                        <ct:Assign>
                            <ct:SymbRef symbIdRef="b1"/>
                        </ct:Assign>
                    </ProbabilityAssignment>
                    
                    <!-- logit(P(y >= 2)) = b1 + b2 --> 
                    <ProbabilityAssignment>
                        <Probability linkFunction="logit">
                            <math:LogicBinop op="geq">
                                <ct:SymbRef symbIdRef="y"/>
                                <ct:SymbRef symbIdRef="cat2"/>
                            </math:LogicBinop>
                        </Probability>
                        <ct:Assign>
                            <math:Binop op="plus">
                                <ct:SymbRef symbIdRef="b1"/>
                                <ct:SymbRef symbIdRef="b2"/>
                            </math:Binop>
                        </ct:Assign>
                    </ProbabilityAssignment>
                    
                    <!-- logit(P(y >= 3)) = b1 + b2 + b3 --> 
                    <ProbabilityAssignment>
                        <Probability linkFunction="logit">
                            <math:LogicBinop op="geq">
                                <ct:SymbRef symbIdRef="y"/>
                                <ct:SymbRef symbIdRef="cat3"/>
                            </math:LogicBinop>
                        </Probability>
                        <ct:Assign>
                            <math:Binop op="plus">
                                <math:Binop op="plus">
                                    <ct:SymbRef symbIdRef="b1"/>
                                    <ct:SymbRef symbIdRef="b2"/>
                                </math:Binop>
                                <ct:SymbRef symbIdRef="b3"/>
                            </math:Binop>
                        </ct:Assign>
                    </ProbabilityAssignment>
                </CategoricalData>
            </Discrete>
        </ObservationModel>
    </ModelDefinition>
</PharmML>
