<?xml version="1.0" encoding="UTF-8"?>
<PharmML xmlns:xsi="http://www.w3.org/2001/XMLSchema-instance"
    xmlns="http://www.pharmml.org/pharmml/0.7/PharmML"
    xsi:schemaLocation="http://www.pharmml.org/pharmml/0.7/PharmML http://www.pharmml.org/pharmml/0.7/PharmML"
    xmlns:math="http://www.pharmml.org/pharmml/0.7/Maths"
    xmlns:ct="http://www.pharmml.org/pharmml/0.7/CommonTypes"
    xmlns:ds="http://www.pharmml.org/pharmml/0.7/Dataset"
    xmlns:mstep="http://www.pharmml.org/pharmml/0.7/ModellingSteps"
    xmlns:po="http://www.pharmml.org/probonto/ProbOnto"
    implementedBy="MJS" writtenVersion="0.7.1" id="i1">
    
    <ct:Name>Categorical template</ct:Name>
    
    <ct:Description>Categorical model template</ct:Description>
    
    <IndependentVariable symbId="t"/>
    
    <!-- SECTION I -->
    <ModelDefinition xmlns="http://www.pharmml.org/pharmml/0.7/ModelDefinition">
        
        <!-- NOMINAL -->
        <ObservationModel blkId="om1">
            <Discrete>
                <CategoricalData ordered="yes">
                    <PopulationParameter symbId="p"/>
                    
                    <ListOfCategories> 
                        <Category symbId="cat0"/>
                        <Category symbId="cat1"/>
                    </ListOfCategories>
                    
                    <CategoryVariable symbId="y"/>
                    
                    <!-- P(y = 1) = p -->
                    <ProbabilityAssignment>
                        <Probability linkFunction="identity">
                            <math:LogicBinop op="eq">
                                <ct:SymbRef symbIdRef="y"/>
                                <ct:SymbRef symbIdRef="cat1"/>
                            </math:LogicBinop>
                        </Probability>
                        <ct:Assign>
                            <ct:SymbRef symbIdRef="p"/>
                        </ct:Assign>
                    </ProbabilityAssignment>
                    
                    <!-- ALTERNATIVE -->
                    <PMF linkFunction="identity">
                        <Distribution>
                            <po:ProbOnto name="Bernoulli1">
                                <po:Parameter name="probability">
                                    <ct:Assign>
                                        <ct:SymbRef symbIdRef="p"/>
                                    </ct:Assign>
                                </po:Parameter>
                            </po:ProbOnto>
                        </Distribution>
                    </PMF>  
                </CategoricalData>
            </Discrete>
        </ObservationModel>
        
        <!-- ORDERED -->
        <ObservationModel blkId="om2">
            <Discrete>
                <CategoricalData ordered="yes">
                    <ListOfCategories> 
                        <Category symbId="cat1"/>
                        <!-- omitted other assignments -->
                    </ListOfCategories>
                    
                    <CategoryVariable symbId="y"/>
                    
                    <!-- P(y <= 1) = a1/(a1+a2+a3) --> 
                    <ProbabilityAssignment>
                        <Probability>
                            <math:LogicBinop op="leq">
                                <ct:SymbRef symbIdRef="y"/>
                                <ct:SymbRef symbIdRef="cat1"/>
                            </math:LogicBinop>
                        </Probability>
                        <ct:Assign>
                            <math:Binop op="divide">
                                <ct:SymbRef symbIdRef="a1"/>
                                <math:Binop op="plus">
                                    <ct:SymbRef symbIdRef="a1"/>
                                    <math:Binop op="plus">
                                        <ct:SymbRef symbIdRef="a2"/>
                                        <ct:SymbRef symbIdRef="a3"/>
                                    </math:Binop>
                                </math:Binop>
                            </math:Binop>
                        </ct:Assign>
                    </ProbabilityAssignment>
                </CategoricalData>
            </Discrete>
        </ObservationModel>
        
        
        <!-- ORDERED with DISCRETE MARKOV -->
        <ObservationModel blkId="om3">
            <Discrete>
                <CategoricalData ordered="yes">
                    <PopulationParameter symbId="p01"/>
                    <PopulationParameter symbId="a112"/>
                        <!-- omitted parameters -->
                    
                    <ListOfCategories>
                        <Category symbId="cat1"/>
                    </ListOfCategories>
                    
                    <CategoryVariable symbId="y"/>
                    <InitialStateVariable symbId="yinit"/>
                    <PreviousStateVariable symbId="yp1"/>
                    <PreviousStateVariable symbId="yp2"/>
                    
                    <Dependance type="discreteMarkov"/>
                    
                    <!-- Initial state probability (optional) -->
                    <!-- P(y = 1) = a1 -->
                    <ProbabilityAssignment>
                        <Probability>
                            <!-- yinit = 1 -->
                        </Probability>
                        <ct:Assign>
                            <ct:SymbRef symbIdRef="a1"/>
                        </ct:Assign>
                    </ProbabilityAssignment>
                    
                    <!-- 1st order -->
                    <!-- P(y<=1|yp1=0)=p01 -->
                    <ProbabilityAssignment>
                        <Probability>
                            <CurrentState>
                                <!-- y<=1 -->
                            </CurrentState>
                            <PreviousState>
                                <!-- yp1=0 -->
                            </PreviousState>
                        </Probability>
                        <ct:Assign>
                            <ct:SymbRef symbIdRef="p01"/>
                        </ct:Assign>
                    </ProbabilityAssignment>
                    
                    <!-- 2nd order -->
                    <!--   logit(P(y <= 1 | yp1 = 1, yp2 = 2)) = a112 -->
                    <ProbabilityAssignment>
                        <Probability linkFunction="logit">
                            <CurrentState>
                                <!-- y<=1 -->
                            </CurrentState>
                            <PreviousState MarkovOrder="1">
                                <!-- yp1=1 -->
                            </PreviousState>
                            <PreviousState MarkovOrder="2">
                                <!-- yp2=2 -->
                            </PreviousState>
                            <Condition>
                                <!-- other condition -->
                            </Condition>
                        </Probability>
                        <ct:Assign>
                            <ct:SymbRef symbIdRef="a112"/>
                        </ct:Assign>
                    </ProbabilityAssignment>
                </CategoricalData>
            </Discrete>
        </ObservationModel>
        
        <!-- ORDERED with CONTINUOUS MARKOV -->
        <ObservationModel blkId="om4">
            <Discrete>
                <CategoricalData ordered="yes">
                    <PopulationParameter symbId="p01"/>
                    
                    <ListOfCategories>
                        <Category symbId="cat0"/>
                    </ListOfCategories>
                    
                    <CategoryVariable symbId="y"/>
                    <PreviousStateVariable symbId="yp1"/>
                    
                    <Dependance type="continuousMarkov"/>
                    
                    <!-- TransitionRate(y2,y1) = exp(a+b*t) -->
                    <ProbabilityAssignment>
                        <TransitionRate>
                            <CurrentState>
                                <!-- y=1 -->
                            </CurrentState>
                            <PreviousState>
                                <!-- yp1=1 -->
                            </PreviousState>
                        </TransitionRate>
                        <ct:Assign>
                            <!-- exp(a+b*t) -->
                        </ct:Assign>
                    </ProbabilityAssignment>
                </CategoricalData>
            </Discrete>
        </ObservationModel>
    </ModelDefinition>

</PharmML>
