<?xml version="1.0" encoding="UTF-8"?>
<PharmML xmlns:xsi="http://www.w3.org/2001/XMLSchema-instance"
    xmlns="http://www.pharmml.org/pharmml/0.7/PharmML"
    xsi:schemaLocation="http://www.pharmml.org/pharmml/0.7/PharmML http://www.pharmml.org/pharmml/0.7/PharmML"
    xmlns:math="http://www.pharmml.org/pharmml/0.7/Maths"
    xmlns:ct="http://www.pharmml.org/pharmml/0.7/CommonTypes"
    xmlns:ds="http://www.pharmml.org/pharmml/0.7/Dataset"
    xmlns:mstep="http://www.pharmml.org/pharmml/0.7/ModellingSteps"
    xmlns:po="http://www.pharmml.org/probonto/ProbOnto"
    implementedBy="MJS" writtenVersion="0.7.1" id="i1">
    
    <ct:Name>PMAK model</ct:Name>
    
    <ct:Description>Poisson with Markovian dependency model - based on code from Elodie Plan</ct:Description>
    
    <IndependentVariable symbId="t"/>
    
    <!-- MODEL -->
    <ModelDefinition xmlns="http://www.pharmml.org/pharmml/0.7/ModelDefinition">
        
        <ParameterModel blkId="pm1">
            <PopulationParameter symbId="lambda1"/>
            <!-- individual def with IIV omitted -->
            <PopulationParameter symbId="lambda2"/>
            <!-- individual def with IIV omitted -->
        </ParameterModel>
        
        <!-- OBSERVATIONS -->
        <ObservationModel blkId="om1">
            <Discrete>
                <CountData>
                    <CountVariable symbId="y"/>
                    <NumberCounts symbId="k"/>
                    <PreviousCountVariable symbId="yp"/>
                    
                    <Dependance type="discreteMarkov"/>
                    
                    <!-- Version 1 -->
                    <!-- Poisson with Markov - choose one lambda dependent on yp -->
                    <IntensityParameter symbId="Lambda">
                        <ct:Assign>
                            <ct:Piecewise>
                                <math:Piece>
                                    <ct:SymbRef blkIdRef="pm1" symbIdRef="lambda1"/>
                                    <math:Condition>
                                        <math:LogicBinop op="eq">
                                            <ct:SymbRef symbIdRef="yp"/>
                                            <ct:Real>0</ct:Real>
                                        </math:LogicBinop>
                                    </math:Condition>
                                </math:Piece>
                                <math:Piece>
                                    <ct:SymbRef blkIdRef="pm1" symbIdRef="lambda2"/>
                                    <math:Condition>
                                        <math:Otherwise/>
                                    </math:Condition>
                                </math:Piece>
                            </ct:Piecewise>
                        </ct:Assign>
                    </IntensityParameter>
                    
                    
                    <!-- log(P(y=k)) = -lambda + k*log(lambda) - factln(k) -->
                    <PMF linkFunction="log">
                        <math:LogicBinop op="eq">
                            <ct:SymbRef symbIdRef="y"/>
                            <ct:SymbRef symbIdRef="k"/>
                        </math:LogicBinop>
                        <ct:Assign>
                            <math:Binop op="plus">
                                <math:Uniop op="minus">
                                    <ct:SymbRef symbIdRef="Lambda"/>
                                </math:Uniop>
                                <math:Binop op="plus">
                                    <math:Binop op="times">
                                        <ct:SymbRef symbIdRef="k"/>
                                        <math:Uniop op="log">
                                            <ct:SymbRef symbIdRef="Lambda"/>
                                        </math:Uniop>
                                    </math:Binop>
                                    <math:Uniop op="factln">
                                        <ct:SymbRef symbIdRef="k"/>
                                    </math:Uniop>
                                </math:Binop>
                            </math:Binop>
                        </ct:Assign>
                    </PMF>
                </CountData>
            </Discrete>
       </ObservationModel>
        
        
        <!-- ALTERNATIVE formulation -->
        <ObservationModel blkId="om2">
            <Discrete>
                <CountData>
                    <CountVariable symbId="y"/>
                    <NumberCounts symbId="k"/>
                    <PreviousCountVariable symbId="yp"/>
                    
                    <Dependance type="discreteMarkov"/>
                    
                    <!-- Version 2 -->
                    <!-- Poisson with Markov -->
                    <IntensityParameter symbId="Lambda1">
                        <ct:Assign>
                            <ct:SymbRef blkIdRef="pm1" symbIdRef="lambda1"/>
                        </ct:Assign>
                    </IntensityParameter>
                    
                    <IntensityParameter symbId="Lambda2">
                        <ct:Assign>
                            <ct:SymbRef blkIdRef="pm1" symbIdRef="lambda2"/>
                        </ct:Assign>
                    </IntensityParameter>
                    
                    
                    <!-- log(P(y=k | yp=0)) = -lambda1 + k*log(lambda1) - factln(k) -->
                    <PMF linkFunction="log">
                        <CurrentState>
                            <math:LogicBinop op="eq">
                                <ct:SymbRef symbIdRef="y"/>
                                <ct:SymbRef symbIdRef="k"/>
                            </math:LogicBinop>
                        </CurrentState>
                        <PreviousState>
                            <math:LogicBinop op="eq">
                                <ct:SymbRef symbIdRef="y"/>
                                <ct:Int>0</ct:Int>
                            </math:LogicBinop>
                        </PreviousState>
                        <Distribution>
                            <po:ProbOnto name="Poisson1">
                                <po:Parameter name="rate">
                                    <ct:Assign>
                                        <ct:SymbRef symbIdRef="Lambda1"/>
                                    </ct:Assign>
                                </po:Parameter>
                            </po:ProbOnto>
                        </Distribution>
                    </PMF>
                    
                    <!-- log(P(y=k | yp != 0)) = -lambda2 + k*log(lambda2) - factln(k) -->
                    <PMF linkFunction="log">
                        <CurrentState>
                            <math:LogicBinop op="eq">
                                <ct:SymbRef symbIdRef="y"/>
                                <ct:SymbRef symbIdRef="k"/>
                            </math:LogicBinop>                            
                        </CurrentState>
                        <PreviousState>
                            <math:LogicBinop op="neq">
                                <ct:SymbRef symbIdRef="y"/>
                                <ct:Int>0</ct:Int>
                            </math:LogicBinop>
                        </PreviousState>
                        <Distribution>
                            <po:ProbOnto name="Poisson1">
                                <po:Parameter name="rate">
                                    <ct:Assign>
                                        <ct:SymbRef symbIdRef="Lambda2"/>
                                    </ct:Assign>
                                </po:Parameter>
                            </po:ProbOnto>
                        </Distribution>
                    </PMF>
                    
                </CountData>
            </Discrete>
        </ObservationModel>
    </ModelDefinition>


    <TrialDesign xmlns="http://www.pharmml.org/pharmml/0.7/TrialDesign">
        
        <ExternalDataSet toolName="NONMEM" oid="NMoid">
            <ColumnMapping>
                <ds:ColumnRef columnIdRef="TIME"/>
                <ct:SymbRef symbIdRef="t"/>
            </ColumnMapping>
            <ColumnMapping>
                <ds:ColumnRef columnIdRef="Y"/>
                <ct:SymbRef blkIdRef="om1" symbIdRef="y"/>  <!-- or 'om2' -->
            </ColumnMapping>
            <ds:DataSet>
                <ds:Definition>
                    <ds:Column columnId="ID" columnType="id" valueType="string" columnNum="1"/>
                    <ds:Column columnId="TIME" columnType="time" valueType="real" columnNum="2"/>
                    <ds:Column columnId="Y" columnType="dv" valueType="int" columnNum="3"/>
                </ds:Definition>
                <ds:ExternalFile oid="dataOid">
                    <ds:path>example.csv</ds:path>
                    <ds:format>CSV</ds:format>
                    <ds:delimiter>COMMA</ds:delimiter>
                </ds:ExternalFile>
            </ds:DataSet>
        </ExternalDataSet>
    </TrialDesign>
    
    
    <mstep:ModellingSteps>
        
        <mstep:EstimationStep oid="estStep1">
            <mstep:ExternalDataSetReference>
                <ct:OidRef oidRef="NMoid"/>
            </mstep:ExternalDataSetReference>
            <mstep:ParametersToEstimate>
                <mstep:ParameterEstimation>
                    <ct:SymbRef blkIdRef="pm1" symbIdRef="tau"/>
                    <mstep:InitialEstimate>
                        <ct:Real>.5</ct:Real>
                    </mstep:InitialEstimate>
                </mstep:ParameterEstimation>
                <mstep:ParameterEstimation>
                    <ct:SymbRef blkIdRef="pm1" symbIdRef="lambda"/>
                    <mstep:InitialEstimate>
                        <ct:Real>.5</ct:Real>
                    </mstep:InitialEstimate>
                </mstep:ParameterEstimation>
            </mstep:ParametersToEstimate>
            
            <mstep:Operation order="1" opType="estInd"/>
            <mstep:Operation order="1" opType="estPop"/>
        </mstep:EstimationStep>
    </mstep:ModellingSteps>
    
</PharmML>
