<?xml version="1.0" encoding="UTF-8"?>
<PharmML xmlns:xsi="http://www.w3.org/2001/XMLSchema-instance"
    xmlns="http://www.pharmml.org/pharmml/0.7/PharmML"
    xsi:schemaLocation="http://www.pharmml.org/pharmml/0.7/PharmML http://www.pharmml.org/pharmml/0.7/PharmML"
    xmlns:math="http://www.pharmml.org/pharmml/0.7/Maths"
    xmlns:ct="http://www.pharmml.org/pharmml/0.7/CommonTypes"
    xmlns:ds="http://www.pharmml.org/pharmml/0.7/Dataset"
    xmlns:mstep="http://www.pharmml.org/pharmml/0.7/ModellingSteps"
    xmlns:po="http://www.pharmml.org/probonto/ProbOnto"
    implementedBy="MJS" writtenVersion="0.7.1" id="i1">
    
    <ct:Name>Poisson model</ct:Name>
    
    <ct:Description>Basic Poisson model - based on code from Elodie Plan</ct:Description>
    
    <IndependentVariable symbId="t"/>
    
    <!-- MODEL -->
    <ModelDefinition xmlns="http://www.pharmml.org/pharmml/0.7/ModelDefinition">
        
        <ParameterModel blkId="pm1">
            <PopulationParameter symbId="lambda"/>
            <!-- individual def with IIV omitted -->
        </ParameterModel>
        
        <!-- VERSION 1 -->
        <ObservationModel blkId="om1">
            <Discrete>
                <CountData>
                    <PopulationParameter symbId="k"/>
                    <CountVariable symbId="Y"/>
                    
                    <IntensityParameter symbId="Lambda">
                        <ct:Assign>
                            <ct:SymbRef blkIdRef="pm1" symbIdRef="lambda"/>
                        </ct:Assign>
                    </IntensityParameter>
                    
                    <!-- using UncertML -->
                    <!-- log(P(Y=k)) = -Lambda+k*log(Lambda)-log(k!) -->
                    <PMF linkFunction="log">
                        <Distribution>
                            <UncertML>
                                <PoissonDistribution xmlns="http://www.uncertml.org/3.0" definition="http://www.uncertml.org/3.0">
                                    <rate>
                                        <var varId="Lambda"/>
                                    </rate>
                                </PoissonDistribution>
                            </UncertML>
                        </Distribution>
                    </PMF>
                    
                    <!-- using ProbOnto -->
                    <PMF linkFunction="log">
                        <Distribution>
                            <po:ProbOnto name="Poisson1">                                      <!-- in this case <IntensityParameter> not required -->
                                <po:Parameter name="rate">
                                    <ct:Assign>
                                        <ct:SymbRef blkIdRef="pm1" symbIdRef="lambda"/>
                                    </ct:Assign>
                                </po:Parameter>
                            </po:ProbOnto>
                        </Distribution>
                    </PMF>
                    
                    <!-- explicit PMF -->
                    <!-- log(P(Y=k)) = -Lambda+k*log(Lambda)-log(k!) -->
                    <PMF linkFunction="log">
                        <math:LogicBinop op="eq">
                            <ct:SymbRef symbIdRef="Y"/>
                            <ct:SymbRef symbIdRef="k"/>
                        </math:LogicBinop>
                        <ct:Assign>
                            <math:Binop op="minus">
                                <math:Binop op="plus">
                                    <math:Uniop op="minus">
                                        <ct:SymbRef symbIdRef="Lambda"/>
                                    </math:Uniop>
                                    <math:Binop op="times">
                                        <ct:SymbRef symbIdRef="k"/>
                                        <math:Uniop op="log">
                                            <ct:SymbRef symbIdRef="Lambda"/>
                                        </math:Uniop>
                                    </math:Binop>
                                </math:Binop>
                                <math:Uniop op="factln">
                                    <ct:SymbRef symbIdRef="k"/>
                                </math:Uniop>
                            </math:Binop>
                        </ct:Assign>
                    </PMF>
                </CountData>
            </Discrete>
        </ObservationModel>

        <!-- VERSION 2 -->
        <ObservationModel blkId="om2">
            <Discrete>
                <CountData>
                    <PopulationParameter symbId="k"/>
                    <CountVariable symbId="Y"/>
                    
                    <IntensityParameter symbId="Lambda">
                        <ct:Assign>
                            <ct:SymbRef blkIdRef="pm1" symbIdRef="lambda"/>
                        </ct:Assign>
                    </IntensityParameter>
                    
                    <!-- log(P(Y=k)) = -Lambda+k*log(Lambda)-log(k!) -->
                    <PMF linkFunction="log">
                        <Distribution>
                            <UncertML>
                                <PoissonDistribution xmlns="http://www.uncertml.org/3.0" definition="http://www.uncertml.org/3.0">
                                    <rate>
                                        <var varId="Lambda"/>
                                    </rate>
                                </PoissonDistribution>
                            </UncertML>
                        </Distribution>
                    </PMF>
                    
                    <!-- P(Y=k) = (Lambda^k * exp(-Lambda) / k! -->
                    <PMF linkFunction="identity">
                        <Distribution>
                            <UncertML>
                                <PoissonDistribution xmlns="http://www.uncertml.org/3.0" definition="http://www.uncertml.org/3.0">
                                    <rate>
                                        <var varId="Lambda"/>
                                    </rate>
                                </PoissonDistribution>
                            </UncertML>
                        </Distribution>
                    </PMF>
                </CountData>
            </Discrete>
        </ObservationModel>
    </ModelDefinition>


    <TrialDesign xmlns="http://www.pharmml.org/pharmml/0.7/TrialDesign">
        
        <ExternalDataSet toolName="NONMEM" oid="NMoid">
            <ColumnMapping>
                <ds:ColumnRef columnIdRef="TIME"/>
                <ct:SymbRef symbIdRef="t"/>
            </ColumnMapping>
            <ColumnMapping>
                <ds:ColumnRef columnIdRef="Y"/>
                <ct:SymbRef blkIdRef="om1" symbIdRef="y"/>  <!-- 'om1' -->
            </ColumnMapping>
            <ds:DataSet>
                <ds:Definition>
                    <ds:Column columnId="ID" columnType="id" valueType="string" columnNum="1"/>
                    <ds:Column columnId="TIME" columnType="idv" valueType="real" columnNum="2"/>
                    <ds:Column columnId="Y" columnType="dv" valueType="int" columnNum="3"/>
                </ds:Definition>
                <ds:ExternalFile oid="dataOid">
                    <ds:path>example.csv</ds:path>
                    <ds:format>CSV</ds:format>
                    <ds:delimiter>COMMA</ds:delimiter>
                </ds:ExternalFile>
            </ds:DataSet>
        </ExternalDataSet>
    </TrialDesign>
    
    
    <mstep:ModellingSteps>
        
        <mstep:SimulationStep oid="simStep1">
            <mstep:ExternalDataSetReference>
                <ct:OidRef oidRef="NMoid"/>
            </mstep:ExternalDataSetReference>
            <ct:VariableAssignment>
                <ct:SymbRef blkIdRef="pm1" symbIdRef="lambda"/>
                <ct:Assign>
                    <ct:Real>1</ct:Real>
                </ct:Assign>
            </ct:VariableAssignment>
        </mstep:SimulationStep>
        
        <mstep:StepDependencies>
            <mstep:Step>
                <ct:OidRef oidRef="simStep1"/>
            </mstep:Step>
        </mstep:StepDependencies>
    </mstep:ModellingSteps>
</PharmML>
