<?xml version="1.0" encoding="UTF-8"?>
<PharmML xmlns:xsi="http://www.w3.org/2001/XMLSchema-instance"
    xmlns="http://www.pharmml.org/pharmml/0.7/PharmML"
    xsi:schemaLocation="http://www.pharmml.org/pharmml/0.7/PharmML http://www.pharmml.org/pharmml/0.7/PharmML"
    xmlns:math="http://www.pharmml.org/pharmml/0.7/Maths"
    xmlns:ct="http://www.pharmml.org/pharmml/0.7/CommonTypes"
    xmlns:ds="http://www.pharmml.org/pharmml/0.7/Dataset"
    xmlns:mstep="http://www.pharmml.org/pharmml/0.7/ModellingSteps"
    xmlns:po="http://www.pharmml.org/probonto/ProbOnto"
    implementedBy="MJS" writtenVersion="0.7.1" id="i1">
    
    <ct:Name>Negative Binomial model</ct:Name>
    
    <ct:Description>Negative Binomial model - based on code from Elodie Plan</ct:Description>
    
    <IndependentVariable symbId="t"/>
    
    <!-- MODEL -->
    <ModelDefinition xmlns="http://www.pharmml.org/pharmml/0.7/ModelDefinition">
        
        <ParameterModel blkId="pm1">
            <PopulationParameter symbId="tau"/>
            <!-- individual def with IIV omitted -->
            <PopulationParameter symbId="lambda"/>
            <!-- individual def with IIV omitted -->
        </ParameterModel>
        
        <!-- OBSERVATIONS -->
        <ObservationModel blkId="om1">
            <Discrete>
                <CountData>
                    <CountVariable symbId="y"/>
                    <NumberCounts symbId="k"/>
                    
                    <IntensityParameter symbId="Lambda">
                        <ct:Assign>
                            <ct:SymbRef blkIdRef="pm1" symbIdRef="lambda"/>
                        </ct:Assign>
                    </IntensityParameter>
                    
                    <DispersionParameter symbId="Tau">
                        <ct:Assign>
                            <ct:SymbRef blkIdRef="pm1" symbIdRef="tau"/>
                        </ct:Assign>
                    </DispersionParameter>
                    
                    <PMF linkFunction="log">
                        <!-- log(y=k)  -->
                        <math:LogicBinop op="eq">
                            <ct:SymbRef symbIdRef="y"/>
                            <ct:SymbRef symbIdRef="k"/>
                        </math:LogicBinop>
                        <ct:Assign>
                            <math:Binop op="minus">
                                <math:Binop op="plus">
                                    <math:Binop op="minus">
                                        <math:Binop op="minus">
                                            <math:Binop op="minus">
                                                <!-- gammaln(k+1/tau) -->
                                                <math:Uniop op="gammaln">
                                                    <math:Binop op="plus">
                                                        <ct:SymbRef symbIdRef="k"/>
                                                        <math:Binop op="divide">
                                                            <ct:Real>1</ct:Real>
                                                            <ct:SymbRef symbIdRef="Tau"/>
                                                        </math:Binop>
                                                    </math:Binop>
                                                </math:Uniop>
                                                <!-- factln(k) -->
                                                <math:Uniop op="factln">
                                                    <ct:SymbRef symbIdRef="k"/>
                                                </math:Uniop>
                                            </math:Binop>
                                            <!-- gammaln(1/tau) -->
                                            <math:Uniop op="gammaln">
                                                <math:Binop op="divide">
                                                    <ct:Real>1</ct:Real>
                                                    <ct:SymbRef symbIdRef="Tau"/>
                                                </math:Binop>
                                            </math:Uniop>
                                        </math:Binop>
                                        <!-- 1/tau log(1+tau * lambda) -->
                                        <math:Binop op="times">
                                            <math:Binop op="divide">
                                                <ct:Real>1</ct:Real>
                                                <ct:SymbRef symbIdRef="Tau"/>
                                            </math:Binop>
                                            <math:Uniop op="log">
                                                <math:Binop op="plus">
                                                    <ct:Real>1</ct:Real>
                                                    <math:Binop op="times">
                                                        <ct:SymbRef symbIdRef="Tau"/>
                                                        <ct:SymbRef symbIdRef="Lambda"/>
                                                    </math:Binop>
                                                </math:Binop>
                                            </math:Uniop>
                                        </math:Binop>
                                    </math:Binop>
                                    <math:Binop op="times">
                                        <!-- k*log(lambda) -->
                                        <ct:SymbRef symbIdRef="k"/>                         
                                        <math:Uniop op="log">
                                            <ct:SymbRef symbIdRef="Lambda"/>
                                        </math:Uniop>
                                    </math:Binop>
                                </math:Binop>
                                <math:Binop op="times">
                                    <!-- k*log(1/tau + lambda) -->
                                    <ct:SymbRef symbIdRef="k"/>                         
                                    <math:Uniop op="log">
                                        <math:Binop op="plus">
                                            <math:Binop op="divide">
                                                <ct:Real>1</ct:Real>
                                                <ct:SymbRef symbIdRef="Tau"/>
                                            </math:Binop>
                                            <ct:SymbRef symbIdRef="Lambda"/>
                                        </math:Binop>
                                    </math:Uniop>
                                </math:Binop>
                            </math:Binop>
                        </ct:Assign>
                    </PMF>
                </CountData>
            </Discrete>
        </ObservationModel>
        
        <!-- ALTERNATIVE version with ProbOnto-->
        <ObservationModel blkId="om1A">
            <Discrete>
                <CountData>
                    <CountVariable symbId="y"/>
                    <NumberCounts symbId="k"/>
                    
                    <PMF linkFunction="log">
                        <!-- log(P(y=k))  -->
                        <math:LogicBinop op="eq">
                            <ct:SymbRef symbIdRef="y"/>
                            <ct:SymbRef symbIdRef="k"/>
                        </math:LogicBinop>
                        <Distribution>
                            <po:ProbOnto name="NegativeBinomial2">
                                <po:Parameter name="rate">
                                    <ct:Assign>
                                        <ct:SymbRef blkIdRef="pm1" symbIdRef="lambda"/>
                                    </ct:Assign>
                                </po:Parameter>
                                <po:Parameter name="overdispersion">
                                    <ct:Assign>
                                        <ct:SymbRef blkIdRef="pm1" symbIdRef="tau"/>
                                    </ct:Assign>
                                </po:Parameter>
                            </po:ProbOnto>
                        </Distribution>
                    </PMF>
                </CountData>
            </Discrete>
        </ObservationModel>
    </ModelDefinition>
 
 
    <TrialDesign xmlns="http://www.pharmml.org/pharmml/0.7/TrialDesign">
        
        <ExternalDataSet toolName="NONMEM" oid="NMoid">
            <ColumnMapping>
                <ds:ColumnRef columnIdRef="TIME"/>
                <ct:SymbRef symbIdRef="t"/>
            </ColumnMapping>
            <ColumnMapping>
                <ds:ColumnRef columnIdRef="Y"/>
                <ct:SymbRef blkIdRef="om1" symbIdRef="y"/>
            </ColumnMapping>
            <ds:DataSet>
                <ds:Definition>
                    <ds:Column columnId="ID" columnType="id" valueType="string" columnNum="1"/>
                    <ds:Column columnId="TIME" columnType="time" valueType="real" columnNum="2"/>
                    <ds:Column columnId="Y" columnType="dv" valueType="int" columnNum="3"/>
                </ds:Definition>
                <ds:ExternalFile oid="dataOid">
                    <ds:path>example.csv</ds:path>
                    <ds:format>CSV</ds:format>
                    <ds:delimiter>COMMA</ds:delimiter>
                </ds:ExternalFile>
            </ds:DataSet>
        </ExternalDataSet>
    </TrialDesign>
    
    
    <mstep:ModellingSteps>
        
        <mstep:EstimationStep oid="estStep1">
            <mstep:ExternalDataSetReference>
                <ct:OidRef oidRef="NMoid"/>
            </mstep:ExternalDataSetReference>
            <mstep:ParametersToEstimate>
                <mstep:ParameterEstimation>
                    <ct:SymbRef blkIdRef="pm1" symbIdRef="tau"/>
                    <mstep:InitialEstimate>
                        <ct:Real>.5</ct:Real>
                    </mstep:InitialEstimate>
                </mstep:ParameterEstimation>
                <mstep:ParameterEstimation>
                    <ct:SymbRef blkIdRef="pm1" symbIdRef="lambda"/>
                    <mstep:InitialEstimate>
                        <ct:Real>.5</ct:Real>
                    </mstep:InitialEstimate>
                </mstep:ParameterEstimation>
            </mstep:ParametersToEstimate>
            
            <mstep:Operation order="1" opType="estInd"/>
            <mstep:Operation order="2" opType="estPop"/>
        </mstep:EstimationStep>
    </mstep:ModellingSteps>
</PharmML>
