<?xml version="1.0" encoding="UTF-8"?>
<PharmML xmlns="http://www.pharmml.org/pharmml/0.7/PharmML"
    xmlns:xsi="http://www.w3.org/2001/XMLSchema-instance"
    xsi:schemaLocation="http://www.pharmml.org/pharmml/0.7/PharmML http://www.pharmml.org/pharmml/0.7/PharmML"
    xmlns:ct="http://www.pharmml.org/pharmml/0.7/CommonTypes"
    xmlns:math="http://www.pharmml.org/pharmml/0.7/Maths"
    xmlns:po="http://www.pharmml.org/probonto/ProbOnto"
    writtenVersion="0.7.1" id="i1">
    
    <ct:Name>example333</ct:Name>
    
    <ct:Description>Example 3.3.3 from BayesianModels-V1.1.pdf - Parameters Vj,kj,tauej and Vpop, kpop, Tpop are correlated</ct:Description>
    
    <IndependentVariable symbId="T"/>
    
    <ModelDefinition xmlns="http://www.pharmml.org/pharmml/0.7/ModelDefinition">
        
        <!-- EXTENDED -->
        <VariabilityModel blkId="model" type="parameterVariability">
            <Level symbId="pop"/>
            <Level symbId="indiv">
                <ParentLevel>
                    <ct:SymbRef symbIdRef="pop"/>
                </ParentLevel>
            </Level>
        </VariabilityModel>
        <VariabilityModel blkId="resErrorModel" type="residualError"> 
            <Level symbId="residual"/>
        </VariabilityModel>
        
        <ParameterModel blkId="pm1">
           
            <!-- log_V_k_tau ~ MVN(log_V_k_tau_pop,Omage_P) -->
            <IndividualParameter symbId="log_V_k_tau">
                <ct:VariabilityReference>
                    <ct:SymbRef blkIdRef="model" symbIdRef="indiv"/>
                </ct:VariabilityReference>
                <Distribution>
                    <po:ProbOnto name="MultivariateNormal1">
                        <po:Parameter name="mean">
                            <ct:Assign>
                                <ct:SymbRef symbIdRef="log_V_k_tau_pop"/>
                            </ct:Assign>
                        </po:Parameter>
                        <po:Parameter name="covarianceMatrix">
                            <ct:Assign>
                                <ct:SymbRef symbIdRef="Omega_P"/>
                            </ct:Assign>
                        </po:Parameter>
                    </po:ProbOnto>
                </Distribution>
            </IndividualParameter>
            <!-- log_V = log_V_k_tau[1] -->
            <IndividualParameter symbId="log_V">
                <ct:Assign>
                    <ct:VectorSelector>
                        <ct:SymbRef symbIdRef="log_V_k_tau"/>
                        <ct:Cell>
                            <ct:Int>1</ct:Int>
                        </ct:Cell>
                    </ct:VectorSelector>
                </ct:Assign>
            </IndividualParameter>
            <!-- log_k = log_V_k_tau[2] -->
            <IndividualParameter symbId="log_k">
                <ct:Assign>
                    <ct:VectorSelector>
                        <ct:SymbRef symbIdRef="log_V_k_tau"/>
                        <ct:Cell>
                            <ct:Int>2</ct:Int>
                        </ct:Cell>
                    </ct:VectorSelector>
                </ct:Assign>
            </IndividualParameter>
            <!-- log_tau = log_V_k_tau[3] -->
            <IndividualParameter symbId="log_tau">
                <ct:Assign>
                    <ct:VectorSelector>
                        <ct:SymbRef symbIdRef="log_V_k_tau"/>
                        <ct:Cell>
                            <ct:Int>3</ct:Int>
                        </ct:Cell>
                    </ct:VectorSelector>
                </ct:Assign>
            </IndividualParameter>
            <!-- V = exp(log_V) -->
            <IndividualParameter symbId="V">
                <ct:Assign>
                    <math:Uniop op="exp">
                        <ct:SymbRef symbIdRef="log_V"/>
                    </math:Uniop>
                </ct:Assign>
            </IndividualParameter>
            <!-- k = exp(log_k) -->
            <IndividualParameter symbId="k">
                <ct:Assign>
                    <math:Uniop op="exp">
                        <ct:SymbRef symbIdRef="log_k"/>
                    </math:Uniop>
                </ct:Assign>
            </IndividualParameter>
            <!-- tau = exp(log_tau) -->
            <IndividualParameter symbId="tau">
                <ct:Assign>
                    <math:Uniop op="exp">
                        <ct:SymbRef symbIdRef="log_tau"/>
                    </math:Uniop>
                </ct:Assign>
            </IndividualParameter>
            
            <!-- Omega_P -->
            <PopulationParameter symbId="Omega_P">
                <ct:VariabilityReference>
                    <ct:SymbRef blkIdRef="model" symbIdRef="pop"/>
                </ct:VariabilityReference>
                <Distribution>
                    <po:ProbOnto name="InverseWishart1">
                        <po:Parameter name="scaleMatrix">
                            <ct:Assign>
                                <ct:SymbRef symbIdRef="R"/>
                            </ct:Assign>
                        </po:Parameter>
                        <po:Parameter name="degreesOfFreedom">
                            <ct:Assign>
                                <ct:SymbRef symbIdRef="rho"/>
                            </ct:Assign>
                        </po:Parameter>
                    </po:ProbOnto>
                </Distribution>
            </PopulationParameter>
            
            <!-- log_V_k_tau_pop = (log_V_pop, log_k_pop, log_tau_pop) -->
            <PopulationParameter symbId="mu_V_pop"/>
            <PopulationParameter symbId="mu_k_pop"/>
            <PopulationParameter symbId="mu_tau_pop"/>
            <!-- Sigma_P_pop -->
            <PopulationParameter symbId="Sigma_P_pop"/>
            <PopulationParameter symbId="log_V_k_tau_pop">
                <ct:VariabilityReference>
                    <ct:SymbRef blkIdRef="model" symbIdRef="pop"/>
                </ct:VariabilityReference>
                <Distribution>
                    <po:ProbOnto name="MultivariateNormal1">
                        <po:Parameter name="mean">
                            <ct:Assign>
                                <ct:Vector>             <!-- vector(log(mu_V_pop),log(mu_k_pop),log(mu_tau_pop)) -->
                                    <ct:VectorElements>
                                        <ct:Assign>
                                            <math:Uniop op="log">
                                                <ct:SymbRef symbIdRef="mu_V_pop"/>
                                            </math:Uniop>
                                        </ct:Assign>
                                        <ct:Assign>
                                            <math:Uniop op="log">
                                                <ct:SymbRef symbIdRef="mu_k_pop"/>
                                            </math:Uniop>
                                        </ct:Assign>
                                        <ct:Assign>
                                            <math:Uniop op="log">
                                                <ct:SymbRef symbIdRef="mu_tau_pop"/>
                                            </math:Uniop>
                                        </ct:Assign>
                                    </ct:VectorElements>
                                </ct:Vector>
                            </ct:Assign>
                        </po:Parameter>
                        <po:Parameter name="covarianceMatrix">
                            <ct:Assign>
                                <ct:SymbRef symbIdRef="Sigma_P_pop"/>
                            </ct:Assign>
                        </po:Parameter>
                    </po:ProbOnto>
                </Distribution>
            </PopulationParameter>
            <!-- log_V_pop = log_V_k_tau_pop[1]-->
            <PopulationParameter symbId="log_V_pop">
                <ct:Assign>
                    <ct:VectorSelector>
                        <ct:SymbRef symbIdRef="log_V_k_tau_pop"/>
                        <ct:Cell>
                            <ct:Int>1</ct:Int>
                        </ct:Cell>
                    </ct:VectorSelector>
                </ct:Assign>
            </PopulationParameter>
            <!-- log_k_pop = log_V_k_tau_pop[2]-->
            <PopulationParameter symbId="log_k_pop">
                <ct:Assign>
                    <ct:VectorSelector>
                        <ct:SymbRef symbIdRef="log_V_k_tau_pop"/>
                        <ct:Cell>
                            <ct:Int>2</ct:Int>
                        </ct:Cell>
                    </ct:VectorSelector>
                </ct:Assign>
            </PopulationParameter>
            <!-- log_tau_pop = log_V_k_tau_pop[3]-->
            <PopulationParameter symbId="log_tau_pop">
                <ct:Assign>
                    <ct:VectorSelector>
                        <ct:SymbRef symbIdRef="log_V_k_tau_pop"/>
                        <ct:Cell>
                            <ct:Int>3</ct:Int>
                        </ct:Cell>
                    </ct:VectorSelector>
                </ct:Assign>
            </PopulationParameter>
           
        </ParameterModel>
        
        <StructuralModel blkId="sm1">
            <ct:Variable symbolType="real" symbId="DOSE"/>
            
            <ct:Variable symbId="C" symbolType="real">
                <ct:Assign>
                    <math:Binop op="times">
                        <math:Binop op="divide">
                            <ct:SymbRef symbIdRef="DOSE" blkIdRef="sm1"/>
                            <ct:SymbRef symbIdRef="V" blkIdRef="pm1"/>
                        </math:Binop>
                        <math:Uniop op="exp">
                            <math:Uniop op="minus">
                                <math:Binop op="times">
                                    <ct:SymbRef symbIdRef="K" blkIdRef="pm1"/>
                                    <ct:SymbRef symbIdRef="T"/>
                                </math:Binop>
                            </math:Uniop>
                        </math:Uniop>
                    </math:Binop>
                </ct:Assign>
            </ct:Variable>
            
        </StructuralModel>
        
        <ObservationModel blkId="om1">
            <ContinuousData>
                <PopulationParameter symbId="sigma2"/>
                
                <General symbId="z">
                    <ct:VariabilityReference>
                        <ct:SymbRef blkIdRef="resErrorModel" symbIdRef="residual"/>
                    </ct:VariabilityReference>
                    <Distribution>
                        <po:ProbOnto name="Normal2">
                            <po:Parameter name="mean">
                                <ct:Assign>
                                    <ct:SymbRef blkIdRef="sm1" symbIdRef="C"/>
                                </ct:Assign>
                            </po:Parameter>
                            <po:Parameter name="var">
                                <ct:Assign>
                                    <ct:SymbRef symbIdRef="sigma2"/>
                                </ct:Assign>
                            </po:Parameter>
                        </po:ProbOnto>
                    </Distribution>
                </General>
            </ContinuousData>
        </ObservationModel>
    </ModelDefinition>
    
    <TrialDesign xmlns="http://www.pharmml.org/pharmml/0.7/TrialDesign">
        
        <ExternalDataSet toolName="NONMEM" oid="NMoid">
            <ColumnMapping>
                <ColumnRef xmlns="http://www.pharmml.org/pharmml/0.7/Dataset" columnIdRef="TIME"/>
                <ct:SymbRef symbIdRef="T"/>
            </ColumnMapping>
            <ColumnMapping>
                <ColumnRef xmlns="http://www.pharmml.org/pharmml/0.7/Dataset" columnIdRef="DV"/>
                <ct:SymbRef symbIdRef="z" blkIdRef="om1"/>
            </ColumnMapping>
            <ColumnMapping>
                <ColumnRef xmlns="http://www.pharmml.org/pharmml/0.7/Dataset" columnIdRef="DOSE"/>
                <ct:SymbRef symbIdRef="DOSE" blkIdRef="sm1"/>
            </ColumnMapping>
            
            <DataSet xmlns="http://www.pharmml.org/pharmml/0.7/Dataset">
                <Definition>
                    <Column columnId="ID" columnType="id" valueType="id" columnNum="1"/>
                    <Column columnId="TIME" columnType="idv" valueType="real" columnNum="2"/>
                    <Column columnId="DV" columnType="dv" valueType="real" columnNum="3"/>
                    <Column columnId="DOSE" columnType="dose" valueType="real" columnNum="4"/>
                </Definition>
                <ExternalFile oid="id1">
                    <path>bo1.csv</path>
                    <format>CSV</format>
                    <delimiter>COMMA</delimiter>
                </ExternalFile>
            </DataSet>
        </ExternalDataSet>
    </TrialDesign>
    
    <ModellingSteps xmlns="http://www.pharmml.org/pharmml/0.7/ModellingSteps">
        
        <EstimationStep oid="est1">
            
            <ExternalDataSetReference>
                <ct:OidRef oidRef="NMoid"/>
            </ExternalDataSetReference>
            
            <ParametersToEstimate>
                <ParameterEstimation>
                    <ct:SymbRef blkIdRef="om1" symbIdRef="sigma2"/>
                </ParameterEstimation>
                
                <ParameterEstimation>
                    <ct:SymbRef blkIdRef="pm1" symbIdRef="Sigma_P_pop"/>
                    <InitialEstimate>
                        <ct:Matrix matrixType="Any">
                            <ct:MatrixRow><ct:Real>1</ct:Real><ct:Real>2</ct:Real><ct:Real>3</ct:Real></ct:MatrixRow>
                            <ct:MatrixRow><ct:Real>4</ct:Real><ct:Real>5</ct:Real><ct:Real>6</ct:Real></ct:MatrixRow>
                            <ct:MatrixRow><ct:Real>7</ct:Real><ct:Real>8</ct:Real><ct:Real>9</ct:Real></ct:MatrixRow>
                        </ct:Matrix>
                    </InitialEstimate>
                </ParameterEstimation>
                
            </ParametersToEstimate>
            
            <Operation order="1" opType="estPop"/>
        </EstimationStep>
        
        <StepDependencies>
            <Step>
                <ct:OidRef oidRef="est1"/>
            </Step>
        </StepDependencies>
    </ModellingSteps>
    
</PharmML>
