<?xml version="1.0" encoding="UTF-8"?>
<PharmML xmlns="http://www.pharmml.org/pharmml/0.7/PharmML"
    xmlns:xsi="http://www.w3.org/2001/XMLSchema-instance"
    xsi:schemaLocation="http://www.pharmml.org/pharmml/0.7/PharmML http://www.pharmml.org/pharmml/0.7/PharmML"
    xmlns:ct="http://www.pharmml.org/pharmml/0.7/CommonTypes"
    xmlns:math="http://www.pharmml.org/pharmml/0.7/Maths" 
    xmlns:po="http://www.pharmml.org/probonto/ProbOnto"
    writtenVersion="0.7.1" id="i1">
    
    <ct:Name>example331</ct:Name>
    
    <ct:Description>Example 3.3.1 from BayesianModels-V1.1.pdf - population scenario, all parameters independent</ct:Description>
    
    <IndependentVariable symbId="T"/>
    
    <ModelDefinition xmlns="http://www.pharmml.org/pharmml/0.7/ModelDefinition">
        
        <!-- EXTENDED -->
        <VariabilityModel blkId="model" type="parameterVariability">
            <Level symbId="pop"/>
            <Level symbId="indiv">
                <ParentLevel>
                    <ct:SymbRef symbIdRef="pop"/>
                </ParentLevel>
            </Level>
        </VariabilityModel>
        <VariabilityModel blkId="resErrorModel" type="residualError">
            <Level symbId="residual"/>
        </VariabilityModel>

        
        <ParameterModel blkId="pm1">
            
            <!-- prior parameters on "THETA" -->
            <PopulationParameter symbId="MU_POP_K"/>
            
            <PopulationParameter symbId="MU_POP_V"/>
            
            <PopulationParameter symbId="VAR_POP_K"/>
            
            <PopulationParameter symbId="VAR_POP_V"/>
            
            <!-- prior parameters on "OMEGA" -->
            <PopulationParameter symbId="a_OMEGA_K"/>
            
            <PopulationParameter symbId="b_OMEGA_K"/>
            
            <PopulationParameter symbId="a_OMEGA_V"/>
            
            <PopulationParameter symbId="b_OMEGA_V"/>
            
            <PopulationParameter symbId="a_OMEGA_T"/>
            
            <PopulationParameter symbId="b_OMEGA_T"/>
            
            <PopulationParameter symbId="a_POP_T"/>
            
            <PopulationParameter symbId="b_POP_T"/>
            
            <!-- prior variables and transformations on "THETA" -->
            <PopulationParameter symbId="lMU_POP_K">
                <ct:Assign>
                    <math:Uniop op="log">
                        <ct:SymbRef symbIdRef="MU_POP_K"/>
                    </math:Uniop>
                </ct:Assign>
            </PopulationParameter>
            
            <PopulationParameter symbId="lMU_POP_V">
                <ct:Assign>
                    <math:Uniop op="log">
                        <ct:SymbRef symbIdRef="MU_POP_V"/>
                    </math:Uniop>
                </ct:Assign>
            </PopulationParameter>
            
            <PopulationParameter symbId="lPOP_K">
                <ct:VariabilityReference>
                    <ct:SymbRef symbIdRef="pop" blkIdRef="model"/>
                </ct:VariabilityReference>
                <Distribution>
                    <UncertML>
                        <NormalDistribution xmlns="http://www.uncertml.org/3.0" definition="">
                            <mean>
                                <var varId="lMU_POP_K"/>
                            </mean>
                            <variance>
                                <var varId="VAR_POP_K"/>
                            </variance>
                        </NormalDistribution>
                    </UncertML>
                </Distribution>
            </PopulationParameter>
            
            <PopulationParameter symbId="lPOP_V">
                <ct:VariabilityReference>
                    <ct:SymbRef symbIdRef="pop" blkIdRef="model"/>
                </ct:VariabilityReference>
                <Distribution>
                    <UncertML>
                        <NormalDistribution xmlns="http://www.uncertml.org/3.0" definition="">
                            <mean>
                                <var varId="lMU_POP_V"/>
                            </mean>
                            <variance>
                                <var varId="VAR_POP_V"/>
                            </variance>
                        </NormalDistribution>
                    </UncertML>
                </Distribution>
            </PopulationParameter>
            
            <PopulationParameter symbId="POP_K">
                <ct:Assign>
                    <math:Uniop op="exp">
                        <ct:SymbRef symbIdRef="lPOP_K"/>
                    </math:Uniop>
                </ct:Assign>
            </PopulationParameter>
            
            <PopulationParameter symbId="POP_V">
                <ct:Assign>
                    <math:Uniop op="exp">
                        <ct:SymbRef symbIdRef="lPOP_V"/>
                    </math:Uniop>
                </ct:Assign>
            </PopulationParameter>
            
            <!-- prior variables and transformations on "OMEGA" -->
            <PopulationParameter symbId="TAU_K">
                <ct:VariabilityReference>
                    <ct:SymbRef symbIdRef="pop" blkIdRef="model"/>
                </ct:VariabilityReference>
                <Distribution>
                    <UncertML>
                        <GammaDistribution xmlns="http://www.uncertml.org/3.0" definition="">
                            <shape>
                                <var varId="a_OMEGA_K"/>
                            </shape>
                            <scale>
                                <var varId="b_OMEGA_K"/>
                            </scale>
                        </GammaDistribution>
                    </UncertML>
                </Distribution>
            </PopulationParameter>
            
            <PopulationParameter symbId="TAU_V">
                <ct:VariabilityReference>
                    <ct:SymbRef symbIdRef="pop" blkIdRef="model"/>
                </ct:VariabilityReference>
                <Distribution>
                    <UncertML>
                        <GammaDistribution xmlns="http://www.uncertml.org/3.0" definition="">
                            <shape>
                                <var varId="a_OMEGA_V"/>
                            </shape>
                            <scale>
                                <var varId="b_OMEGA_V"/>
                            </scale>
                        </GammaDistribution>
                    </UncertML>
                </Distribution>
            </PopulationParameter>
            
            <PopulationParameter symbId="TAU_T">
                <ct:VariabilityReference>
                    <ct:SymbRef symbIdRef="pop" blkIdRef="model"/>
                </ct:VariabilityReference>
                <Distribution>
                    <UncertML>
                        <GammaDistribution xmlns="http://www.uncertml.org/3.0" definition="">
                            <shape>
                                <var varId="a_OMEGA_T"/>
                            </shape>
                            <scale>
                                <var varId="b_OMEGA_T"/>
                            </scale>
                        </GammaDistribution>
                    </UncertML>
                </Distribution>
            </PopulationParameter>
            
            <PopulationParameter symbId="OMEGA_K">
                <ct:Assign>
                    <math:Binop op="divide">
                        <ct:Real>1</ct:Real>
                        <ct:SymbRef symbIdRef="TAU_K"/>
                    </math:Binop>
                </ct:Assign>
            </PopulationParameter>
            
            <PopulationParameter symbId="OMEGA_V">
                <ct:Assign>
                    <math:Binop op="divide">
                        <ct:Real>1</ct:Real>
                        <ct:SymbRef symbIdRef="TAU_V"/>
                    </math:Binop>
                </ct:Assign>
            </PopulationParameter>
            
            <PopulationParameter symbId="OMEGA_T">
                <ct:Assign>
                    <math:Binop op="divide">
                        <ct:Real>1</ct:Real>
                        <ct:SymbRef symbIdRef="TAU_T"/>
                    </math:Binop>
                </ct:Assign>
            </PopulationParameter>
            
            <!-- prior variables and transformations on "SIGMA" -->
            <PopulationParameter symbId="POP_T">
                <ct:VariabilityReference>
                    <ct:SymbRef symbIdRef="pop" blkIdRef="model"/>
                </ct:VariabilityReference>
                <Distribution>
                    <UncertML>
                        <GammaDistribution xmlns="http://www.uncertml.org/3.0" definition="">
                            <shape>
                                <var varId="a_POP_T"/>
                            </shape>
                            <scale>
                                <var varId="b_POP_T"/>
                            </scale>
                        </GammaDistribution>
                    </UncertML>
                </Distribution>
            </PopulationParameter>
            
            <!-- IIV -->
            <RandomVariable symbId="eta_K">
                <ct:VariabilityReference>
                    <ct:SymbRef symbIdRef="indiv" blkIdRef="model"/>
                </ct:VariabilityReference>
                <Distribution>
                    <UncertML>
                        <NormalDistribution xmlns="http://www.uncertml.org/3.0" definition="">
                            <mean>
                                <rVal>0</rVal>
                            </mean>
                            <variance>
                                <var varId="OMEGA_K"/>
                            </variance>
                        </NormalDistribution>
                    </UncertML>
                </Distribution>
            </RandomVariable>
            
            <RandomVariable symbId="eta_V">
                <ct:VariabilityReference>
                    <ct:SymbRef symbIdRef="indiv" blkIdRef="model"/>
                </ct:VariabilityReference>
                <Distribution>
                    <UncertML>
                        <NormalDistribution xmlns="http://www.uncertml.org/3.0" definition="">
                            <mean>
                                <rVal>0</rVal>
                            </mean>
                            <variance>
                                <var varId="OMEGA_V"/>
                            </variance>
                        </NormalDistribution>
                    </UncertML>
                </Distribution>
            </RandomVariable>
            
            <RandomVariable symbId="eta_T">
                <ct:VariabilityReference>
                    <ct:SymbRef symbIdRef="indiv" blkIdRef="model"/>
                </ct:VariabilityReference>
                <Distribution>
                    <UncertML>
                        <NormalDistribution xmlns="http://www.uncertml.org/3.0" definition="">
                            <mean>
                                <rVal>0</rVal>
                            </mean>
                            <variance>
                                <var varId="OMEGA_T"/>
                            </variance>
                        </NormalDistribution>
                    </UncertML>
                </Distribution>
            </RandomVariable>
            
            <RandomVariable symbId="eps">
                <ct:VariabilityReference>
                    <ct:SymbRef symbIdRef="residual" blkIdRef="resErrorModel"/>
                </ct:VariabilityReference>
                <Distribution>
                    <UncertML>
                        <NormalDistribution xmlns="http://www.uncertml.org/3.0" definition="">
                            <mean>
                                <rVal>0</rVal>
                            </mean>
                            <variance>
                                <prVal>1</prVal>
                            </variance>
                        </NormalDistribution>
                    </UncertML>
                </Distribution>
            </RandomVariable>
            
            <IndividualParameter symbId="K">
                <StructuredModel>
                    <Transformation type="log"/>
                    <LinearCovariate>
                        <PopulationValue>
                            <ct:Assign>
                                <ct:SymbRef symbIdRef="POP_K"/>
                            </ct:Assign>
                        </PopulationValue>
                    </LinearCovariate>
                    <RandomEffects>
                        <ct:SymbRef symbIdRef="eta_K"/>
                    </RandomEffects>
                </StructuredModel>
            </IndividualParameter>
            
            <IndividualParameter symbId="V">
                <StructuredModel>
                    <Transformation type="log"/>
                    <LinearCovariate>
                        <PopulationValue>
                            <ct:Assign>
                                <ct:SymbRef symbIdRef="POP_V"/>
                            </ct:Assign>
                        </PopulationValue>
                    </LinearCovariate>
                    <RandomEffects>
                        <ct:SymbRef symbIdRef="eta_V"/>
                    </RandomEffects>
                </StructuredModel>
            </IndividualParameter>
            
            <IndividualParameter symbId="TAU">
                <StructuredModel>
                    <Transformation type="log"/>
                    <LinearCovariate>
                        <PopulationValue>
                            <ct:Assign>
                                <ct:SymbRef symbIdRef="POP_T"/>
                            </ct:Assign>
                        </PopulationValue>
                    </LinearCovariate>
                    <RandomEffects>
                        <ct:SymbRef symbIdRef="eta_T"/>
                    </RandomEffects>
                </StructuredModel>
            </IndividualParameter>
            
            <!-- SD_ADD can also be defined as SimpleParameter -->
            <IndividualParameter symbId="SD_ADD">
                <ct:Assign>
                    <math:Uniop op="sqrt">
                        <math:Binop op="divide">
                            <ct:Real>1</ct:Real>
                            <ct:SymbRef symbIdRef="TAU"/>
                        </math:Binop>
                    </math:Uniop>
                </ct:Assign>
            </IndividualParameter>

        </ParameterModel>
        
        <StructuralModel blkId="sm1">
            <ct:Variable symbolType="real" symbId="DOSE"/>
            
            <ct:Variable symbId="C" symbolType="real">
                <ct:Assign>
                    <math:Binop op="times">
                        <math:Binop op="divide">
                            <ct:SymbRef symbIdRef="DOSE"/>
                            <ct:SymbRef symbIdRef="V" blkIdRef="pm1"/>
                        </math:Binop>
                        <math:Uniop op="exp">
                            <math:Uniop op="minus">
                                <math:Binop op="times">
                                    <ct:SymbRef symbIdRef="K" blkIdRef="pm1"/>
                                    <ct:SymbRef symbIdRef="T"/>
                                </math:Binop>
                            </math:Uniop>
                        </math:Uniop>
                    </math:Binop>
                </ct:Assign>
            </ct:Variable>
            
        </StructuralModel>
        
        <ObservationModel blkId="om1">
            <ContinuousData>                
                <Standard symbId="Y">
                    <Output>
                        <ct:SymbRef symbIdRef="C" blkIdRef="sm1"/>
                    </Output>
                    <ErrorModel>
                        <ct:Assign>
                            <ct:SymbRef symbIdRef="SD_ADD" blkIdRef="pm1"/>
                        </ct:Assign>
                    </ErrorModel>
                    <ResidualError>
                        <ct:SymbRef symbIdRef="eps" blkIdRef="pm1"/>
                    </ResidualError>
                </Standard>
            </ContinuousData>
        </ObservationModel>
    </ModelDefinition>
    
    <TrialDesign xmlns="http://www.pharmml.org/pharmml/0.7/TrialDesign">
        
        <ExternalDataSet toolName="NONMEM" oid="NMoid">
            <ColumnMapping>
                <ColumnRef xmlns="http://www.pharmml.org/pharmml/0.7/Dataset" columnIdRef="TIME"/>
                <ct:SymbRef symbIdRef="T"/>
            </ColumnMapping>
            <ColumnMapping>
                <ColumnRef xmlns="http://www.pharmml.org/pharmml/0.7/Dataset" columnIdRef="DV"/>
                <ct:SymbRef symbIdRef="Y" blkIdRef="om1"/>
            </ColumnMapping>
            <ColumnMapping>
                <ColumnRef xmlns="http://www.pharmml.org/pharmml/0.7/Dataset" columnIdRef="DOSE"/>
                <ct:SymbRef symbIdRef="DOSE" blkIdRef="sm1"/>
            </ColumnMapping>
            
            <DataSet xmlns="http://www.pharmml.org/pharmml/0.7/Dataset">
                <Definition>
                    <Column columnId="ID" columnType="id" valueType="id" columnNum="1"/>
                    <Column columnId="TIME" columnType="idv" valueType="real" columnNum="2"/>
                    <Column columnId="DV" columnType="dv" valueType="real" columnNum="3"/>
                    <Column columnId="DOSE" columnType="dose" valueType="real" columnNum="4"/>
                </Definition>
                <ExternalFile oid="id1">
                    <path>bo1.csv</path>
                    <format>CSV</format>
                    <delimiter>COMMA</delimiter>
                </ExternalFile>
            </DataSet>
        </ExternalDataSet>
        
    </TrialDesign>
    
    
    <ModellingSteps xmlns="http://www.pharmml.org/pharmml/0.7/ModellingSteps">
                
        
        <EstimationStep oid="est1">
            
            <ExternalDataSetReference>
                <ct:OidRef oidRef="NMoid"/>
            </ExternalDataSetReference>
            
            <ParametersToEstimate>
                
                <!-- prior parameters on "THETA" -->
                <ParameterEstimation>
                    <ct:SymbRef symbIdRef="MU_POP_K" blkIdRef="pm1"/>
                    <InitialEstimate fixed="true">
                        <ct:Real>0.1</ct:Real>
                    </InitialEstimate>
                </ParameterEstimation>
                <ParameterEstimation>
                    <ct:SymbRef symbIdRef="MU_POP_V" blkIdRef="pm1"/>
                    <InitialEstimate fixed="true">
                        <ct:Real>8</ct:Real>
                    </InitialEstimate>
                </ParameterEstimation>
                <ParameterEstimation>
                    <ct:SymbRef symbIdRef="VAR_POP_K" blkIdRef="pm1"/>
                    <InitialEstimate fixed="true">
                        <ct:Real>0.3</ct:Real>
                    </InitialEstimate>
                </ParameterEstimation>
                <ParameterEstimation>
                    <ct:SymbRef symbIdRef="VAR_POP_V" blkIdRef="pm1"/>
                    <InitialEstimate fixed="true">
                        <ct:Real>0.3</ct:Real>
                    </InitialEstimate>
                </ParameterEstimation>

                <!-- prior parameters on "OMEGA" -->
                <ParameterEstimation>
                    <ct:SymbRef symbIdRef="a_OMEGA_K" blkIdRef="pm1"/>
                    <InitialEstimate fixed="true">
                        <ct:Real>0.1</ct:Real>
                    </InitialEstimate>
                </ParameterEstimation>
                <ParameterEstimation>
                    <ct:SymbRef symbIdRef="b_OMEGA_K" blkIdRef="pm1"/>
                    <InitialEstimate fixed="true">
                        <ct:Real>0.1</ct:Real>
                    </InitialEstimate>
                </ParameterEstimation>
                
                <ParameterEstimation>
                    <ct:SymbRef symbIdRef="a_OMEGA_V" blkIdRef="pm1"/>
                    <InitialEstimate fixed="true">
                        <ct:Real>0.1</ct:Real>
                    </InitialEstimate>
                </ParameterEstimation>
                <ParameterEstimation>
                    <ct:SymbRef symbIdRef="b_OMEGA_V" blkIdRef="pm1"/>
                    <InitialEstimate fixed="true">
                        <ct:Real>0.1</ct:Real>
                    </InitialEstimate>
                </ParameterEstimation>
                
                <ParameterEstimation>
                    <ct:SymbRef symbIdRef="a_OMEGA_T" blkIdRef="pm1"/>
                    <InitialEstimate fixed="true">
                        <ct:Real>0.1</ct:Real>
                    </InitialEstimate>
                </ParameterEstimation>
                <ParameterEstimation>
                    <ct:SymbRef symbIdRef="b_OMEGA_T" blkIdRef="pm1"/>
                    <InitialEstimate fixed="true">
                        <ct:Real>0.1</ct:Real>
                    </InitialEstimate>
                </ParameterEstimation>
                
                <!-- prior parameters on "THETA" -->
                <ParameterEstimation>
                    <ct:SymbRef symbIdRef="a_POP_T" blkIdRef="pm1"/>
                    <InitialEstimate fixed="true">
                        <ct:Real>0.1</ct:Real>
                    </InitialEstimate>
                </ParameterEstimation>
                <ParameterEstimation>
                    <ct:SymbRef symbIdRef="b_POP_T" blkIdRef="pm1"/>
                    <InitialEstimate fixed="true">
                        <ct:Real>0.1</ct:Real>
                    </InitialEstimate>
                </ParameterEstimation>

            </ParametersToEstimate>
            
            <Operation order="1" opType="estPop"/>
        </EstimationStep>
        
        <StepDependencies>
            <Step>
                <ct:OidRef oidRef="est1"/>
            </Step>
        </StepDependencies>
        
    </ModellingSteps>
    
</PharmML>
