<?xml version="1.0" encoding="UTF-8"?>
<PharmML xmlns="http://www.pharmml.org/pharmml/0.7/PharmML"
    xmlns:xsi="http://www.w3.org/2001/XMLSchema-instance"
    xsi:schemaLocation="http://www.pharmml.org/pharmml/0.7/PharmML http://www.pharmml.org/pharmml/0.7/PharmML"
    xmlns:ct="http://www.pharmml.org/pharmml/0.7/CommonTypes"
    xmlns:math="http://www.pharmml.org/pharmml/0.7/Maths" 
    xmlns:po="http://www.pharmml.org/probonto/ProbOnto"
    writtenVersion="0.7.1" id="i1">
    
    <ct:Name>example3321</ct:Name>
    
    <ct:Description>Example 3.3.2.1 from BayesianModels-V1.1.pdf - population scenario, Parameters V, k and Vpop, kpop are correlated, compact notation</ct:Description>
    
    <IndependentVariable symbId="T"/>
    
    <ModelDefinition xmlns="http://www.pharmml.org/pharmml/0.7/ModelDefinition">
        
        <!-- EXTENDED -->
        <VariabilityModel blkId="model" type="parameterVariability">
            <Level symbId="pop"/>
            <Level symbId="indiv">
                <ParentLevel>
                    <ct:SymbRef symbIdRef="pop"/>
                </ParentLevel>
            </Level>
        </VariabilityModel>
        <VariabilityModel blkId="resErrorModel" type="residualError"> 
            <Level symbId="residual"/>
        </VariabilityModel>
        
        <ParameterModel blkId="pm1">
            
            <!-- prior parameters on "THETA" -->
            <PopulationParameter symbId="MU_POP_K"/>
            
            <PopulationParameter symbId="MU_POP_V"/>
            
            <PopulationParameter symbId="SIGMA_POP_P">
                <ct:Assign>
                    <ct:Matrix matrixType="Any">
                        <ct:MatrixRow>
                            <ct:RowIndex><ct:Int>1</ct:Int></ct:RowIndex>
                            <ct:Real>1</ct:Real>
                            <ct:Real>0.1</ct:Real>
                            </ct:MatrixRow>
                        <ct:MatrixRow>
                            <ct:RowIndex><ct:Int>2</ct:Int></ct:RowIndex>
                            <ct:Real>0.1</ct:Real>
                            <ct:Real>1</ct:Real>
                        </ct:MatrixRow>
                    </ct:Matrix>
                </ct:Assign>
            </PopulationParameter>
            
            <!-- prior parameters on "OMEGA" -->
            <PopulationParameter symbId="a_OMEGA_T"/>
            
            <PopulationParameter symbId="b_OMEGA_T"/>
            
            <PopulationParameter symbId="R">
                <ct:Assign>
                    <ct:Matrix matrixType="Any">
                        <ct:MatrixRow>
                            <ct:RowIndex><ct:Int>1</ct:Int></ct:RowIndex>
                            <ct:Real>1</ct:Real>
                            <ct:Real>0.1</ct:Real>
                        </ct:MatrixRow>
                        <ct:MatrixRow>
                            <ct:RowIndex><ct:Int>2</ct:Int></ct:RowIndex>
                            <ct:Real>0.1</ct:Real>
                            <ct:Real>1</ct:Real>
                        </ct:MatrixRow>
                    </ct:Matrix>
                </ct:Assign>
            </PopulationParameter>
            
            <PopulationParameter symbId="rho"/>
            
            <PopulationParameter symbId="a_POP_T"/>

            <PopulationParameter symbId="b_POP_T"/>
            
            <!-- prior variables and transformations on "THETA" -->
            <PopulationParameter symbId="lMU_POP_K">
                <ct:Assign>
                    <math:Uniop op="log">
                        <ct:SymbRef symbIdRef="MU_POP_K"/>
                    </math:Uniop>
                </ct:Assign>
            </PopulationParameter>
            
            <PopulationParameter symbId="lMU_POP_V">
                <ct:Assign>
                    <math:Uniop op="log">
                        <ct:SymbRef symbIdRef="MU_POP_V"/>
                    </math:Uniop>
                </ct:Assign>
            </PopulationParameter>
            
            <PopulationParameter symbId="lMU_POP_P">
                <ct:Assign>
                    <ct:Vector>
                        <ct:VectorElements>
                            <ct:SymbRef symbIdRef="lMU_POP_K"/>
                            <ct:SymbRef symbIdRef="lMU_POP_V"/>
                        </ct:VectorElements>
                    </ct:Vector>
                </ct:Assign>
            </PopulationParameter>
            
            <PopulationParameter symbId="lPOP_P">
                <ct:VariabilityReference>
                    <ct:SymbRef symbIdRef="pop" blkIdRef="model"/>
                </ct:VariabilityReference>
                <Distribution>
                    <po:ProbOnto name="MultivariateNormal1">
                        <po:Parameter name="mean">
                            <ct:Assign>
                                <ct:SymbRef symbIdRef="lMU_POP_P"/>
                            </ct:Assign>
                        </po:Parameter>
                        <po:Parameter name="covarianceMatrix">
                            <ct:Assign>
                                <ct:SymbRef symbIdRef="SIGMA_POP_P"/>
                            </ct:Assign>
                        </po:Parameter>
                    </po:ProbOnto>
                </Distribution>
            </PopulationParameter>
            
            <PopulationParameter symbId="POP_K">
                <ct:Assign>
                    <math:Uniop op="exp">
                        <ct:VectorSelector>
                            <ct:SymbRef symbIdRef="lPOP_P"/>
                            <ct:Cell>
                                <ct:Int>1</ct:Int>
                            </ct:Cell>
                        </ct:VectorSelector>
                    </math:Uniop>
                </ct:Assign>
            </PopulationParameter>
            
            <PopulationParameter symbId="POP_V">
                <ct:Assign>
                    <math:Uniop op="exp">
                        <ct:VectorSelector>
                            <ct:SymbRef symbIdRef="lPOP_P"/>
                            <ct:Cell>
                                <ct:Int>2</ct:Int>
                            </ct:Cell>
                        </ct:VectorSelector>
                    </math:Uniop>
                </ct:Assign>
            </PopulationParameter>
            
            <!-- prior variables and transformations on "OMEGA" -->
            <PopulationParameter symbId="OMEGA_P">
                <ct:VariabilityReference>
                    <ct:SymbRef symbIdRef="pop" blkIdRef="model"/>
                </ct:VariabilityReference>
                <Distribution>
                    <po:ProbOnto name="InverseWishart1">
                        <po:Parameter name="scaleMatrix">
                            <ct:Assign>
                                <ct:SymbRef symbIdRef="R"/>
                            </ct:Assign>
                        </po:Parameter>
                        <po:Parameter name="degreesOfFreedom">
                            <ct:Assign>
                                <ct:SymbRef symbIdRef="rho"/>
                            </ct:Assign>
                        </po:Parameter>
                    </po:ProbOnto>
                </Distribution>
            </PopulationParameter>
                        
            <PopulationParameter symbId="OMEGA_T">
                <ct:VariabilityReference>
                    <ct:SymbRef symbIdRef="pop" blkIdRef="model"/>
                </ct:VariabilityReference>
                <Distribution>
                    <UncertML>
                        <InverseGammaDistribution xmlns="http://www.uncertml.org/3.0" definition="">
                            <shape>
                                <var varId="a_OMEGA_T"/>
                            </shape>
                            <scale>
                                <var varId="b_OMEGA_T"/>
                            </scale>
                        </InverseGammaDistribution>
                    </UncertML>
                </Distribution>
            </PopulationParameter>
            
            <!-- prior variables and transformations on "SIGMA" -->
            <PopulationParameter symbId="POP_T">
                <ct:VariabilityReference>
                    <ct:SymbRef symbIdRef="pop" blkIdRef="model"/>
                </ct:VariabilityReference>
                <Distribution>
                    <UncertML>
                        <GammaDistribution xmlns="http://www.uncertml.org/3.0" definition="">
                            <shape>
                                <var varId="a_POP_T"/>
                            </shape>
                            <scale>
                                <var varId="b_POP_T"/>
                            </scale>
                        </GammaDistribution>
                    </UncertML>
                </Distribution>
            </PopulationParameter>
            
            
            <!-- IIV -->
            <PopulationParameter symbId="lP">
                <ct:VariabilityReference>
                    <ct:SymbRef symbIdRef="indiv" blkIdRef="model"/>
                </ct:VariabilityReference>
                <!-- We do not know how to use the MultivariateNormal tags: we would like to define a mean vector as MEAN 
                    and a matrix as COVARIANCE MATRIX -->
                <Distribution>
                    <po:ProbOnto name="MultivariateNormal1">
                        <po:Parameter name="mean">
                            <ct:Assign>
                                <ct:SymbRef symbIdRef="lPOP_P"/>
                            </ct:Assign>
                        </po:Parameter>
                        <po:Parameter name="covarianceMatrix">
                            <ct:Assign>
                                <ct:SymbRef symbIdRef="OMEGA_P"/>
                            </ct:Assign>
                        </po:Parameter>
                    </po:ProbOnto>
                </Distribution>
            </PopulationParameter>
            
            <RandomVariable symbId="eta_T">
                <ct:VariabilityReference>
                    <ct:SymbRef symbIdRef="indiv" blkIdRef="model"/>
                </ct:VariabilityReference>
                <Distribution>
                    <UncertML>
                        <NormalDistribution xmlns="http://www.uncertml.org/3.0" definition="">
                            <mean>
                                <rVal>0</rVal>
                            </mean>
                            <variance>
                                <var varId="OMEGA_T"/>
                            </variance>
                        </NormalDistribution>
                    </UncertML>
                </Distribution>
            </RandomVariable>
            
            <RandomVariable symbId="eps">
                <ct:VariabilityReference>
                    <ct:SymbRef symbIdRef="residual" blkIdRef="resErrorModel"/>
                </ct:VariabilityReference>
                <Distribution>
                    <UncertML>
                        <NormalDistribution xmlns="http://www.uncertml.org/3.0" definition="">
                            <mean>
                                <rVal>0</rVal>
                            </mean>
                            <variance>
                                <prVal>1</prVal>
                            </variance>
                        </NormalDistribution>
                    </UncertML>
                </Distribution>
            </RandomVariable>
            
            <IndividualParameter symbId="K">
                <ct:Assign>
                    <math:Uniop op="exp">
                        <ct:VectorSelector>
                            <ct:SymbRef symbIdRef="lP"/>
                            <ct:Cell>
                                <ct:Int>1</ct:Int>
                            </ct:Cell>
                        </ct:VectorSelector>
                    </math:Uniop>
                </ct:Assign>
            </IndividualParameter>
            
            <IndividualParameter symbId="V">
                <ct:Assign>
                    <math:Uniop op="exp">
                        <ct:VectorSelector>
                            <ct:SymbRef symbIdRef="lP"/>
                            <ct:Cell>
                                <ct:Int>2</ct:Int>
                            </ct:Cell>
                        </ct:VectorSelector>
                    </math:Uniop>
                </ct:Assign>
            </IndividualParameter>
            
            <IndividualParameter symbId="TAU">
                <StructuredModel>
                    <Transformation type="log"/>
                    <LinearCovariate>
                        <PopulationValue>
                            <ct:Assign>
                                <ct:SymbRef symbIdRef="POP_T"/>
                            </ct:Assign>
                        </PopulationValue>
                    </LinearCovariate>
                    <RandomEffects>
                        <ct:SymbRef symbIdRef="eta_T"/>
                    </RandomEffects>
                </StructuredModel>
            </IndividualParameter>
            
            <!-- SD_ADD can also be defined as SimpleParameter -->
            <PopulationParameter symbId="SD_ADD">
                <ct:Assign>
                    <math:Uniop op="sqrt">
                        <math:Binop op="divide">
                            <ct:Real>1</ct:Real>
                            <ct:SymbRef symbIdRef="TAU"/>
                        </math:Binop>
                    </math:Uniop>
                </ct:Assign>
            </PopulationParameter>

        </ParameterModel>
        
        <StructuralModel blkId="sm1">
            <ct:Variable symbolType="real" symbId="DOSE"/>
            
            <ct:Variable symbId="C" symbolType="real">
                <ct:Assign>
                    <math:Binop op="times">
                        <math:Binop op="divide">
                            <ct:SymbRef symbIdRef="DOSE" blkIdRef="sm1"/>
                            <ct:SymbRef symbIdRef="V" blkIdRef="pm1"/>
                        </math:Binop>
                        <math:Uniop op="exp">
                            <math:Uniop op="minus">
                                <math:Binop op="times">
                                    <ct:SymbRef symbIdRef="K" blkIdRef="pm1"/>
                                    <ct:SymbRef symbIdRef="T"/>
                                </math:Binop>
                            </math:Uniop>
                        </math:Uniop>
                    </math:Binop>
                </ct:Assign>
            </ct:Variable>
            
        </StructuralModel>
        
        <ObservationModel blkId="om1">
            <ContinuousData>                
                <Standard symbId="Y">
                    <Output>
                        <ct:SymbRef symbIdRef="C" blkIdRef="sm1"/>
                    </Output>
                    <ErrorModel>
                        <ct:Assign>
                            <ct:SymbRef symbIdRef="SD_ADD" blkIdRef="pm1"/>
                        </ct:Assign>
                    </ErrorModel>
                    <ResidualError>
                        <ct:SymbRef symbIdRef="eps" blkIdRef="pm1"/>
                    </ResidualError>
                </Standard>
            </ContinuousData>
        </ObservationModel>
    </ModelDefinition>
    
    <TrialDesign xmlns="http://www.pharmml.org/pharmml/0.7/TrialDesign">
        
        <ExternalDataSet toolName="NONMEM" oid="NMoid">
            <ColumnMapping>
                <ColumnRef xmlns="http://www.pharmml.org/pharmml/0.7/Dataset" columnIdRef="TIME"/>
                <ct:SymbRef symbIdRef="T"/>
            </ColumnMapping>
            <ColumnMapping>
                <ColumnRef xmlns="http://www.pharmml.org/pharmml/0.7/Dataset" columnIdRef="DV"/>
                <ct:SymbRef symbIdRef="Y" blkIdRef="om1"/>
            </ColumnMapping>
            <ColumnMapping>
                <ColumnRef xmlns="http://www.pharmml.org/pharmml/0.7/Dataset" columnIdRef="DOSE"/>
                <ct:SymbRef symbIdRef="DOSE" blkIdRef="sm1"/>
            </ColumnMapping>
            
            <DataSet xmlns="http://www.pharmml.org/pharmml/0.7/Dataset">
                <Definition>
                    <Column columnId="ID" columnType="id" valueType="id" columnNum="1"/>
                    <Column columnId="TIME" columnType="idv" valueType="real" columnNum="2"/>
                    <Column columnId="DV" columnType="dv" valueType="real" columnNum="3"/>
                    <Column columnId="DOSE" columnType="dose" valueType="real" columnNum="4"/>
                </Definition>
                <ExternalFile oid="id1">
                    <path>bo1.csv</path>
                    <format>CSV</format>
                    <delimiter>COMMA</delimiter>
                </ExternalFile>
            </DataSet>
        </ExternalDataSet>
    </TrialDesign>
    
    <ModellingSteps xmlns="http://www.pharmml.org/pharmml/0.7/ModellingSteps">
        
        <EstimationStep oid="est1">
            
            <ExternalDataSetReference>
                <ct:OidRef oidRef="NMoid"/>
            </ExternalDataSetReference>
            
            <ParametersToEstimate>
                <ParameterEstimation>
                    <ct:SymbRef blkIdRef="pm1" symbIdRef="MU_POP_K"/>
                </ParameterEstimation>
                
                <!-- other parameters omitted -->
            </ParametersToEstimate>
            
            <Operation order="1" opType="estPop"/>
        </EstimationStep>
        
        <StepDependencies>
            <Step>
                <ct:OidRef oidRef="est1"/>
            </Step>
        </StepDependencies>
        
    </ModellingSteps>
    
</PharmML>
