<?xml version="1.0" encoding="UTF-8"?>
<PharmML xmlns="http://www.pharmml.org/pharmml/0.7/PharmML"
    xmlns:xsi="http://www.w3.org/2001/XMLSchema-instance"
    xsi:schemaLocation="http://www.pharmml.org/pharmml/0.7/PharmML http://www.pharmml.org/pharmml/0.7/PharmML"
    xmlns:ct="http://www.pharmml.org/pharmml/0.7/CommonTypes"
    xmlns:mdef="http://www.pharmml.org/pharmml/0.7/ModelDefinition"
    xmlns:math="http://www.pharmml.org/pharmml/0.7/Maths" 
    xmlns:po="http://www.pharmml.org/probonto/ProbOnto"
    writtenVersion="0.7.1" id="i1">
    
    <ct:Name>example332</ct:Name>
    
    <ct:Description>Example 3.3.2 from BayesianModels-V1.1.pdf - Parameters V, k and Vpop, kpop are correlated</ct:Description>
    
    <IndependentVariable symbId="T"/>
    
    <ModelDefinition xmlns="http://www.pharmml.org/pharmml/0.7/ModelDefinition">
        
        <!-- EXTENDED -->
        <VariabilityModel blkId="model" type="parameterVariability">
            <Level symbId="pop"/>
            <Level symbId="indiv">
                <ParentLevel>
                    <ct:SymbRef symbIdRef="pop"/>
                </ParentLevel>
            </Level>
        </VariabilityModel>
        <VariabilityModel blkId="resErrorModel" type="residualError"> 
            <Level symbId="residual"/>
        </VariabilityModel>
        
        
        <CovariateModel blkId="cm1">
            <Covariate symbId="SEX">
                <Categorical>
                    <Category catId="M"/>
                    <Category catId="F"/>
                </Categorical>
            </Covariate>
            <Covariate symbId="WT">  
                <Continuous>
                    <Distribution>
                        <Piecewise>
                            <Piece xmlns="http://www.pharmml.org/pharmml/0.7/Maths">
                                <po:ProbOnto name="Normal2">
                                    <po:Parameter name="mean">
                                        <ct:Assign>
                                            <ct:SymbRef symbIdRef="WT_F_mean"/>
                                        </ct:Assign>
                                    </po:Parameter>
                                    <po:Parameter name="var">
                                        <ct:Assign>
                                            <ct:SymbRef symbIdRef="WT_F_variance"/>
                                        </ct:Assign>
                                    </po:Parameter>
                                </po:ProbOnto>
                                <Condition>
                                    <!-- SEX=="F" -->
                                    <LogicBinop op="eq">
                                        <ct:SymbRef blkIdRef="cm1" symbIdRef="SEX"/>
                                        <ct:CatRef catIdRef="F"/>
                                    </LogicBinop>
                                </Condition>
                            </Piece>
                            <Piece xmlns="http://www.pharmml.org/pharmml/0.7/Maths">
                                <po:ProbOnto name="Normal2">
                                    <po:Parameter name="mean">
                                        <ct:Assign>
                                            <ct:SymbRef symbIdRef="WT_M_mean"/>
                                        </ct:Assign>
                                    </po:Parameter>
                                    <po:Parameter name="var">
                                        <ct:Assign>
                                            <ct:SymbRef symbIdRef="WT_M_variance"/>
                                        </ct:Assign>
                                    </po:Parameter>
                                </po:ProbOnto>
                                <Condition>
                                    <!-- SEX=="M" -->
                                    <LogicBinop op="eq">
                                        <ct:SymbRef blkIdRef="cm1" symbIdRef="SEX"/>
                                        <ct:CatRef catIdRef="M"/>
                                    </LogicBinop>
                                </Condition>
                            </Piece>
                        </Piecewise>
                    </Distribution>
                </Continuous>
            </Covariate>
        </CovariateModel>
        
        <ParameterModel blkId="pm1">
            
            <!-- prior parameters on "THETA" -->
            <PopulationParameter symbId="MU_POP_K"/>
            
            <PopulationParameter symbId="MU_POP_V"/>
            
<!--            lPpop[1:2]~dmnorm(lmu_Ppop[], tau_Ppop[ , ])-->
            <PopulationParameter symbId="SIGMA_POP_P">
                <ct:Assign>
                    <ct:Matrix matrixType="Any">
                        <ct:MatrixRow>
                            <ct:RowIndex><ct:Int>1</ct:Int></ct:RowIndex>
                            <ct:Real>1</ct:Real>
                            <ct:Real>0.1</ct:Real>
                            </ct:MatrixRow>
                        <ct:MatrixRow>
                            <ct:RowIndex><ct:Int>2</ct:Int></ct:RowIndex>
                            <ct:Real>0.1</ct:Real>
                            <ct:Real>1</ct:Real>
                        </ct:MatrixRow>
                    </ct:Matrix>
                </ct:Assign>
            </PopulationParameter>
            
            <!-- prior parameters on "OMEGA" -->
            <PopulationParameter symbId="a_OMEGA_T"/>
            
            <PopulationParameter symbId="b_OMEGA_T"/>
            
            <!-- input R -->
            <PopulationParameter symbId="R">
                <ct:Assign>
                    <ct:Matrix matrixType="Any">
                        <ct:MatrixRow>
                            <ct:RowIndex><ct:Int>1</ct:Int></ct:RowIndex>
                            <ct:Real>1</ct:Real>
                            <ct:Real>0.1</ct:Real>
                        </ct:MatrixRow>
                        <ct:MatrixRow>
                            <ct:RowIndex><ct:Int>2</ct:Int></ct:RowIndex>
                            <ct:Real>0.1</ct:Real>
                            <ct:Real>1</ct:Real>
                        </ct:MatrixRow>
                    </ct:Matrix>
                </ct:Assign>
            </PopulationParameter>
            
            <PopulationParameter symbId="rho"/>

            <PopulationParameter symbId="a_POP_T"/>
            
            <PopulationParameter symbId="b_POP_T"/>
            
            <!-- prior variables and transformations on "THETA" -->
<!--            lmu_Ppop[2]<-log(mu_kpop)-->
            <PopulationParameter symbId="lMU_POP_K">
                <ct:Assign>
                    <math:Uniop op="log">
                        <ct:SymbRef symbIdRef="MU_POP_K"/>
                    </math:Uniop>
                </ct:Assign>
            </PopulationParameter>
            
<!--            lmu_Ppop[1]<-log(mu_Vpop)-->
            <PopulationParameter symbId="lMU_POP_V">
                <ct:Assign>
                    <math:Uniop op="log">
                        <ct:SymbRef symbIdRef="MU_POP_V"/>
                    </math:Uniop>
                </ct:Assign>
            </PopulationParameter>
            
<!--            lmu_Ppop[1] -->
<!--            lmu_Ppop[2] -->
            <PopulationParameter symbId="lMU_POP_P">
                <ct:Assign>
                    <ct:Vector>
                        <ct:VectorElements>
                            <ct:SymbRef symbIdRef="lMU_POP_K"/>
                            <ct:SymbRef symbIdRef="lMU_POP_V"/>
                        </ct:VectorElements>
                    </ct:Vector>
                </ct:Assign>
            </PopulationParameter>
            
<!--            lPpop[1:2]~dmnorm(lmu_Ppop[], tau_Ppop[ , ])-->
            <PopulationParameter symbId="lPOP_P">
                <ct:VariabilityReference>
                    <ct:SymbRef symbIdRef="pop" blkIdRef="model"/>
                </ct:VariabilityReference>
                <Distribution>
                    <po:ProbOnto name="MultivariateNormal1">
                        <po:Parameter name="mean">
                            <ct:Assign>
                                <ct:SymbRef symbIdRef="lMU_POP_P"/>
                            </ct:Assign>
                        </po:Parameter>
                        <po:Parameter name="covarianceMatrix">
                            <ct:Assign>
                                <ct:SymbRef symbIdRef="SIGMA_POP_P"/>
                            </ct:Assign>
                        </po:Parameter>
                    </po:ProbOnto>
                </Distribution>
            </PopulationParameter>

<!--            lkpop<-lPpop[2]
            kpop<-exp(lkpop)-->
            <PopulationParameter symbId="POP_K">
                <ct:Assign>
                    <math:Uniop op="exp">
                        <ct:VectorSelector>
                            <ct:SymbRef symbIdRef="lPOP_P"/>
                            <ct:Cell>
                                <ct:Int>1</ct:Int>
                            </ct:Cell>
                        </ct:VectorSelector>
                    </math:Uniop>
                </ct:Assign>
            </PopulationParameter>
            
<!--            lVpop<-lPpop[1]
            Vpop<-exp(lVpop)-->                    
            <PopulationParameter symbId="POP_V">
                <ct:Assign>
                    <math:Uniop op="exp">
                        <ct:VectorSelector>
                            <ct:SymbRef symbIdRef="lPOP_P"/>
                            <ct:Cell>
                                <ct:Int>2</ct:Int>
                            </ct:Cell>
                        </ct:VectorSelector>
                    </math:Uniop>
                </ct:Assign>
            </PopulationParameter>
            
            <!-- prior variables and transformations on "OMEGA" -->
<!--            TP[1:2,1:2]~dwish(Rinv[ , ], rho)-->
            <PopulationParameter symbId="invOMEGA_P">
                <ct:VariabilityReference>
                    <ct:SymbRef symbIdRef="pri" blkIdRef="model"/>
                </ct:VariabilityReference>
                <Distribution>
                    <po:ProbOnto name="Wishart2">
                        <po:Parameter name="degreesOfFreedom">
                            <ct:Assign>
                                <ct:SymbRef symbIdRef="rho"/>
                            </ct:Assign>
                        </po:Parameter>
                        <po:Parameter name="inverseScaleMatrix">
                            <ct:Assign>
                                <ct:SymbRef symbIdRef="R"/>
                            </ct:Assign>
                        </po:Parameter>
                    </po:ProbOnto>
                </Distribution>
<!--                <WishartDistribution xmlns="http://www.uncertml.org/3.0" definition="">
                    <scaleMatrix>
                        <var varId="R"/>
                    </scaleMatrix>
                    <nu>
                        <var varId="rho"/>
                    </nu>
                </WishartDistribution>-->
            </PopulationParameter>
            
<!--            Rinv[1:2,1:2]<-inverse(R[,])-->
            <PopulationParameter symbId="OMEGA_P">
                <ct:Assign>
                    <math:MatrixUniop op="inverse">
                        <ct:SymbRef symbIdRef="invOMEGA_P"/>
                    </math:MatrixUniop>
                </ct:Assign>
            </PopulationParameter>
            
<!--            Ttau~dgamma(a_omega_tau, b_omega_tau)-->
            <PopulationParameter symbId="TAU_T">
                <ct:VariabilityReference>
                    <ct:SymbRef symbIdRef="pri" blkIdRef="model"/>
                </ct:VariabilityReference>
                <Distribution>
                    <po:ProbOnto name="Gamma1">
                        <po:Parameter name="shape">
                            <ct:Assign>
                                <ct:SymbRef symbIdRef="a_OMEGA_T"/>
                            </ct:Assign>
                        </po:Parameter>
                        <po:Parameter name="scale">
                            <ct:Assign>
                                <ct:SymbRef symbIdRef="b_OMEGA_T"/>
                            </ct:Assign>
                        </po:Parameter>
                    </po:ProbOnto>
                </Distribution>
            </PopulationParameter>
            
            <!--            Ttau~dgamma(a_omega_tau, b_omega_tau)--> <!-- RELATED TO -->
            <PopulationParameter symbId="OMEGA_T">
                <ct:Assign>
                    <math:Binop op="divide">
                        <ct:Real>1</ct:Real>
                        <ct:SymbRef symbIdRef="TAU_T"/>
                    </math:Binop>
                </ct:Assign>
            </PopulationParameter>
            
            <!-- prior variables and transformations on "SIGMA" -->
<!--            Tpop~dgamma(a_taupop, b_taupop)-->
        <PopulationParameter symbId="POP_T">
            <ct:VariabilityReference>
                <ct:SymbRef symbIdRef="pri" blkIdRef="model"/>
            </ct:VariabilityReference>
            <Distribution>
                <po:ProbOnto name="Gamma1">
                    <po:Parameter name="shape">
                        <ct:Assign>
                            <ct:SymbRef symbIdRef="a_POP_T"/>
                        </ct:Assign>
                    </po:Parameter>
                    <po:Parameter name="scale">
                        <ct:Assign>
                            <ct:SymbRef symbIdRef="b_POP_T"/>
                        </ct:Assign>
                    </po:Parameter>
                </po:ProbOnto>
            </Distribution>
        </PopulationParameter>
            
            <!-- IIV -->
<!--            lP[j,1:2]~dmnorm(lPpop[], TP[ , ])-->
            <PopulationParameter symbId="lP">
                <ct:VariabilityReference>
                    <ct:SymbRef symbIdRef="indiv" blkIdRef="model"/>
                </ct:VariabilityReference>
                <Distribution>
                    <po:ProbOnto name="MultivariateNormal1">
                        <po:Parameter name="mean">
                            <ct:Assign>
                                <ct:SymbRef symbIdRef="lPOP_P"/>
                            </ct:Assign>
                        </po:Parameter>
                        <po:Parameter name="covarianceMatrix">
                            <ct:Assign>
                                <ct:SymbRef symbIdRef="OMEGA_P"/>
                            </ct:Assign>
                        </po:Parameter>
                    </po:ProbOnto> 
                </Distribution>
            </PopulationParameter>
            
<!--            ltaue[j]~dnorm(lTpop, Ttau)--> <!-- RELATED TO -->
            <RandomVariable symbId="eta_T">
                <ct:VariabilityReference>
                    <ct:SymbRef symbIdRef="indiv" blkIdRef="model"/>
                </ct:VariabilityReference>
                <Distribution>
                    <po:ProbOnto name="Normal2">
                        <po:Parameter name="mean">
                            <ct:Assign>
                                <ct:Real>0</ct:Real>
                            </ct:Assign>
                        </po:Parameter>
                        <po:Parameter name="var">
                            <ct:Assign>
                                <ct:SymbRef symbIdRef="OMEGA_T"/>
                            </ct:Assign>
                        </po:Parameter>
                    </po:ProbOnto>
                </Distribution>
            </RandomVariable>
            
<!--        <RandomVariable symbId="eps"> ...</RandomVariable>-->                
<!--            removed because not required when using distribution type model 
                in the observation model-->
            
<!--            lk[j]<-lP[j,2]
            k[j]<-exp(lk[j])--> 
        <IndividualParameter symbId="K">
            <ct:Assign>
                <math:Uniop op="exp">
                    <ct:VectorSelector>
                        <ct:SymbRef symbIdRef="lP"/>
                        <ct:Cell>
                            <ct:Int>1</ct:Int>
                        </ct:Cell>
                    </ct:VectorSelector>
                </math:Uniop>
            </ct:Assign>
        </IndividualParameter>
            
<!--            lV[j]<-lP[j,1]
            V[j]<-exp(lV[j])-->
        <IndividualParameter symbId="V">
            <ct:Assign>
                <math:Uniop op="exp">
                    <ct:VectorSelector>
                        <ct:SymbRef symbIdRef="lP"/>
                        <ct:Cell>
                            <ct:Int>2</ct:Int>
                        </ct:Cell>
                    </ct:VectorSelector>
                </math:Uniop>
            </ct:Assign>
        </IndividualParameter>
        <!-- k is omitted here -->
            
<!--            ltaue[j]~dnorm(lTpop, Ttau)-->
        <IndividualParameter symbId="TAU">
            <StructuredModel>
                <Transformation type="log"/>
                <LinearCovariate>
                    <PopulationValue>
                        <ct:Assign>
                            <ct:SymbRef symbIdRef="POP_T"/>
                        </ct:Assign>
                    </PopulationValue>
                </LinearCovariate>
                <RandomEffects>
                    <ct:SymbRef symbIdRef="eta_T"/>
                </RandomEffects>
            </StructuredModel>
        </IndividualParameter>
            
            <!-- sigmaSquare can also be defined as PopulationParameter -->
            <IndividualParameter symbId="sigmaSquare">
                <ct:Assign>
                    <math:Uniop op="sqrt">
                        <math:Binop op="divide">
                            <ct:Real>1</ct:Real>
                            <ct:SymbRef symbIdRef="TAU"/>
                        </math:Binop>
                    </math:Uniop>
                </ct:Assign>
            </IndividualParameter>

        </ParameterModel>
        
        
        <StructuralModel blkId="sm1">
            <ct:Variable symbolType="real" symbId="DOSE"/>
            
            <ct:Variable symbId="C" symbolType="real">
                <ct:Assign>
                    <math:Binop op="times">
                        <math:Binop op="divide">
                            <ct:SymbRef symbIdRef="DOSE"/>
                            <ct:SymbRef symbIdRef="V" blkIdRef="pm1"/>
                        </math:Binop>
                        <math:Uniop op="exp">
                            <math:Uniop op="minus">
                                <math:Binop op="times">
                                    <ct:SymbRef symbIdRef="K" blkIdRef="pm1"/>
                                    <ct:SymbRef symbIdRef="T"/>
                                </math:Binop>
                            </math:Uniop>
                        </math:Uniop>
                    </math:Binop>
                </ct:Assign>
            </ct:Variable>
        </StructuralModel>

        <ObservationModel blkId="yets">
            
            <ContinuousData>
                <General symbId="y">
                    <ct:VariabilityReference>
                        <ct:SymbRef blkIdRef="resErrorModel" symbIdRef="resErr"/>
                    </ct:VariabilityReference>
                    <Distribution>
                        <po:ProbOnto name="Normal1">
                            <po:Parameter name="mean">
                                <ct:Assign>
                                    <ct:SymbRef blkIdRef="sm1" symbIdRef="f"/>
                                </ct:Assign>
                            </po:Parameter>
                            <po:Parameter name="stdev">
                                <ct:Assign>
                                    <math:Binop op="times">
                                        <ct:SymbRef blkIdRef="pm1" symbIdRef="b"/>
                                        <ct:SymbRef blkIdRef="sm1" symbIdRef="f"/>
                                    </math:Binop>
                                </ct:Assign>
                            </po:Parameter>
                        </po:ProbOnto>
                    </Distribution>
                </General>
            </ContinuousData>
        </ObservationModel>

        <ObservationModel blkId="om1">
            <ContinuousData>                
                <General symbId="C">
                    <ct:VariabilityReference>
                        <ct:SymbRef blkIdRef="resErrorModel" symbIdRef="residual"/>
                    </ct:VariabilityReference>
                    <Distribution>
                        <po:ProbOnto name="Normal2">
                            <po:Parameter name="mean">
                                <ct:Assign>
                                    <ct:SymbRef blkIdRef="sm1" symbIdRef="C"/>
                                </ct:Assign>
                            </po:Parameter>
                            <po:Parameter name="var">
                                <ct:Assign>
                                    <ct:SymbRef blkIdRef="pm1" symbIdRef="sigmaSquare"/>
                                </ct:Assign>
                            </po:Parameter>
                        </po:ProbOnto>
                    </Distribution>
                </General>
                
<!--                <Standard symbId="Y">
                    <Output>
                        <ct:SymbRef symbIdRef="C" blkIdRef="sm1"/>
                    </Output>
                    <ErrorModel>
                        <ct:Assign>
                            <ct:SymbRef symbIdRef="SD_ADD" blkIdRef="pm1"/>
                        </ct:Assign>
                    </ErrorModel>
                    <ResidualError>
                        <ct:SymbRef symbIdRef="eps" blkIdRef="pm1"/>
                    </ResidualError>
                </Standard>-->
            </ContinuousData>
        </ObservationModel>
    </ModelDefinition>
    
    
    <TrialDesign xmlns="http://www.pharmml.org/pharmml/0.7/TrialDesign">

        <ExternalDataSet toolName="NONMEM" oid="NMoid">
            <ColumnMapping>
                <ColumnRef xmlns="http://www.pharmml.org/pharmml/0.7/Dataset" columnIdRef="TIME"/>
                <ct:SymbRef symbIdRef="T"/>
            </ColumnMapping>
            <ColumnMapping>
                <ColumnRef xmlns="http://www.pharmml.org/pharmml/0.7/Dataset" columnIdRef="DV"/>
                <ct:SymbRef symbIdRef="Y" blkIdRef="om1"/>
            </ColumnMapping>
            <ColumnMapping>
                <ColumnRef xmlns="http://www.pharmml.org/pharmml/0.7/Dataset" columnIdRef="DOSE"/>
                <ct:SymbRef symbIdRef="DOSE" blkIdRef="sm1"/>
            </ColumnMapping>
            
            <DataSet xmlns="http://www.pharmml.org/pharmml/0.7/Dataset">
                <Definition>
                    <Column columnId="ID" columnType="id" valueType="id" columnNum="1"/>
                    <Column columnId="TIME" columnType="idv" valueType="real" columnNum="2"/>
                    <Column columnId="DV" columnType="dv" valueType="real" columnNum="3"/>
                    <Column columnId="DOSE" columnType="covariate" valueType="real" columnNum="4"/>
                </Definition>
                <ExternalFile oid="id1">
                    <path>bo1.csv</path>
                    <format>CSV</format>
                    <delimiter>COMMA</delimiter>
                </ExternalFile>
            </DataSet>
        </ExternalDataSet>
    </TrialDesign>    
    
    
    <ModellingSteps xmlns="http://www.pharmml.org/pharmml/0.7/ModellingSteps">
        
        <EstimationStep oid="est1">
            
            <ExternalDataSetReference>
                <ct:OidRef oidRef="NMoid"/>
            </ExternalDataSetReference>
            
            <ParametersToEstimate>
                <ParameterEstimation>
                    <ct:SymbRef symbIdRef="lPOP_P" blkIdRef="pm1"/>
                </ParameterEstimation>
                <ParameterEstimation>
                    <ct:SymbRef symbIdRef="OMEGA_P" blkIdRef="pm1"/>
                </ParameterEstimation>
                <ParameterEstimation>   
                    <ct:SymbRef symbIdRef="POP_T" blkIdRef="pm1"/>
                </ParameterEstimation>
                <ParameterEstimation>
                    <ct:SymbRef symbIdRef="OMEGA_T" blkIdRef="pm1"/>
                </ParameterEstimation>
            </ParametersToEstimate>
            
            <Operation order="1" opType="estPop"/>
        </EstimationStep>
        
        <StepDependencies>
            <Step>
                <ct:OidRef oidRef="est1"/>
            </Step>
        </StepDependencies>
        
    </ModellingSteps>
    
</PharmML>
