<?xml version="1.0" encoding="UTF-8"?>
<PharmML xmlns="http://www.pharmml.org/pharmml/0.7/PharmML"
    xmlns:xsi="http://www.w3.org/2001/XMLSchema-instance"
    xsi:schemaLocation="http://www.pharmml.org/pharmml/0.7/PharmML http://www.pharmml.org/pharmml/0.7/PharmML"
    xmlns:ct="http://www.pharmml.org/pharmml/0.7/CommonTypes"
    xmlns:ds="http://www.pharmml.org/pharmml/0.7/Dataset"
    xmlns:mdef="http://www.pharmml.org/pharmml/0.7/ModelDefinition"
    xmlns:math="http://www.pharmml.org/pharmml/0.7/Maths"
    implementedBy="MJS" writtenVersion="0.7.1"
    metadataFile="example4_task3.rdf" id="i1">
    
    <!--    Task description
        We assume now a sequential trial, where treatment B is given at time 
        tdoseB after treatment A without washout, and we want to optimise 
        the time between the two treatments. -->
    
    
    <!-- MODEL NAME -->
    <ct:Name>example4_task3 - design only</ct:Name>
    
    <ct:Description>based on example4_task3 - design only with dummy model definition</ct:Description>
    
    <!-- INDEPENDENT VARIABLE -->
    <IndependentVariable symbId="time"/>

    <!-- BLOCK I: MODEL DEFINITION -->
    <ModelDefinition  xmlns="http://www.pharmml.org/pharmml/0.7/ModelDefinition">
        
        <VariabilityModel blkId="vm1" type="parameterVariability">
            <Level symbId="subject"/>
        </VariabilityModel>
        
        <!-- PARAMETER MODEL -->
        <ParameterModel blkId="pm1">
            <PopulationParameter symbId="a"/>
        </ParameterModel>
        
        <StructuralModel blkId="sm1">
            <ct:Variable symbolType="real" symbId="CENTRAL"/>
        </StructuralModel>
        
        <ObservationModel blkId="om1">
            <ContinuousData>
                <PopulationParameter symbId="a"/>
                <Standard symbId="CENTRAL_obs">
                    <Output>
                        <ct:SymbRef blkIdRef="sm1" symbIdRef="A"/>
                    </Output>
                    <ErrorModel>
                        <ct:Assign>
                            <ct:Real>1</ct:Real>
                        </ct:Assign>
                    </ErrorModel>
                    <ResidualError>
                        <ct:SymbRef symbIdRef="blub"/>
                    </ResidualError>
                </Standard>
            </ContinuousData>
        </ObservationModel>
        
    </ModelDefinition>
    
    <!-- BLOCK II: TRIAL DEFINITION -->
    <TrialDesign xmlns="http://www.pharmml.org/pharmml/0.7/TrialDesign">
        
          <Interventions>
                <mdef:DesignParameter symbId="tdoseB">
                    <ct:Assign>
                        <ct:Real>0</ct:Real>
                    </ct:Assign>
                </mdef:DesignParameter>
                
                <Administration oid="trtA">
                    <Bolus>
                        <DoseAmount inputTarget="admType">
                            <TargetMapping blkIdRef="sm1">
                                <ds:Map admNumber="1"/>
                            </TargetMapping>
                            <ct:Assign>
                                <ct:Real>150</ct:Real>
                            </ct:Assign>
                        </DoseAmount>
                        <DosingTimes>
                            <ct:Assign>
                                <ct:Sequence>
                                    <ct:Begin><ct:Real>0</ct:Real></ct:Begin>
                                    <ct:StepSize><ct:Real>12</ct:Real></ct:StepSize>
                                    <ct:End><ct:Real>72</ct:Real></ct:End>
                                </ct:Sequence>
                            </ct:Assign>
                        </DosingTimes>
                    </Bolus>
                </Administration>

                <Administration oid="trtB">
                    <Bolus>
                        <DoseAmount inputTarget="admType">
                            <TargetMapping blkIdRef="sm1">
                                <ds:Map admNumber="2"/>
                            </TargetMapping>
                            <ct:Assign>
                                <ct:Real>100</ct:Real>
                            </ct:Assign>
                        </DoseAmount>
                        <DosingTimes>
                            <ct:Assign>
                                <ct:Sequence>
                                    <ct:Begin>
                                        <ct:SymbRef symbIdRef="tdoseB"/>
                                    </ct:Begin>
                                    <ct:StepSize>
                                        <ct:Real>24</ct:Real>
                                    </ct:StepSize>
                                    <ct:End>
                                        <math:Binop op="plus">
                                            <ct:SymbRef symbIdRef="tdoseB"/>
                                            <ct:Real>72</ct:Real>
                                        </math:Binop>
                                    </ct:End>
                                </ct:Sequence>
                            </ct:Assign>
                        </DosingTimes>
                    </Bolus>
                </Administration>
                
                <Action oid="washout">
                    <Washout>
                        <VariableToReset>
                            <ct:SymbRef blkIdRef="sm1" symbIdRef="CENTRAL"/>
                        </VariableToReset>
                    </Washout>
                </Action>
                
                <InterventionsCombination oid="totaltrt">
                    <Interventions>
                        <InterventionRef oidRef="trtA"/>
                        <InterventionRef oidRef="trtB"/>
                    </Interventions>
                </InterventionsCombination>
            </Interventions>
            
            <Observations>
                <Observation oid="window1">
                    <ObservationTimes>
                        <ct:Assign>
                            <ct:Vector>
                                <ct:VectorElements>
                                    <ct:Real>1</ct:Real>
                                    <ct:Real>2</ct:Real>
                                    <ct:Real>4</ct:Real>
                                    <ct:Real>6</ct:Real>
                                    <ct:Sequence>
                                        <ct:Begin><ct:Real>12</ct:Real></ct:Begin>
                                        <ct:StepSize><ct:Real>12</ct:Real></ct:StepSize>
                                        <ct:End><ct:Real>72</ct:Real></ct:End>
                                    </ct:Sequence>
                                </ct:VectorElements>
                            </ct:Vector>
                        </ct:Assign>
                    </ObservationTimes>
                    <Continuous>
                        <ct:SymbRef blkIdRef="om1" symbIdRef="CENTRAL"/>
                    </Continuous>
                </Observation>
            </Observations>
            
            <DesignSpaces>
                <DesignSpace>
                    <ObservationRef oidRef="window1"/>
                    <ObservationTimes>
                        <ct:Assign>
                            <ct:Interval>
                                <ct:LeftEndpoint>
                                    <ct:Assign>
                                        <ct:Real>0</ct:Real>
                                    </ct:Assign>
                                </ct:LeftEndpoint>
                                <ct:RightEndpoint>
                                    <ct:Assign>
                                        <ct:Real>72</ct:Real>
                                    </ct:Assign>
                                </ct:RightEndpoint>
                            </ct:Interval>
                        </ct:Assign>
                    </ObservationTimes>
                </DesignSpace>
                
                <DesignSpace>
                    <ArmRef oidRef="arm1"/>
                    <ArmSize>
                        <ct:Assign>
                            <ct:Sequence>
                                <ct:Begin>
                                    <ct:Real>0</ct:Real>
                                </ct:Begin>
                                <ct:StepSize>
                                    <ct:Real>1</ct:Real>
                                </ct:StepSize>
                                <ct:End>
                                    <ct:Real>40</ct:Real>
                                </ct:End>
                            </ct:Sequence>
                        </ct:Assign>
                    </ArmSize>
                </DesignSpace>
                
                <DesignSpace>
                    <ct:SymbRef symbIdRef="tdoseB"/>
                    <ct:Assign>
                        <ct:Interval>
                            <ct:LeftEndpoint>
                                <ct:Assign>
                                    <ct:Real>0</ct:Real>
                                </ct:Assign>
                            </ct:LeftEndpoint>
                            <ct:RightEndpoint>
                                <ct:Assign>
                                    <ct:Real>72</ct:Real>
                                </ct:Assign>
                            </ct:RightEndpoint>
                        </ct:Interval>
                    </ct:Assign>
                </DesignSpace>
            </DesignSpaces>            

            <Arms>
                <TotalSize>
                    <ct:Assign>
                        <ct:Int>100</ct:Int>
                    </ct:Assign>
                </TotalSize>
                
                <Arm oid="arm1">
                    <ArmSize>
                        <ct:Assign>
                            <ct:Int>40</ct:Int>
                        </ct:Assign>
                    </ArmSize>
                    <InterventionSequence>
                        <InterventionList>
                            <InterventionRef oidRef="totaltrt"/>
                        </InterventionList>
                    </InterventionSequence>
                    <ObservationSequence>
                        <ObservationList>
                            <ObservationRef oidRef="window1"/>
                        </ObservationList>
                        <Start>
                            <ct:Assign>
                                <ct:Vector>
                                    <ct:VectorElements>
                                        <ct:Real>0</ct:Real>
                                    </ct:VectorElements>
                                </ct:Vector>
                            </ct:Assign>
                        </Start>
                    </ObservationSequence>
                </Arm>
            </Arms>
            

    </TrialDesign>
    
    <!-- BLOCK III: MODELLING STEPS -->
    <ModellingSteps xmlns="http://www.pharmml.org/pharmml/0.7/ModellingSteps">
        
        <!-- ESTIMATION STEP -->
        <EstimationStep oid="estTask1">
            
            <ParametersToEstimate>

                <!-- a -->
                <ParameterEstimation>
                    <ct:SymbRef blkIdRef="pm1" symbIdRef="a"/>
                    <InitialEstimate fixed="false">
                        <ct:Real>10</ct:Real>
                    </InitialEstimate>
                </ParameterEstimation>
                
            </ParametersToEstimate>
            <Operation order="1" opType="estPop"/>
            <Operation order="2" opType="estIndiv"/>
        </EstimationStep>

        <!-- STEP DEPENDENCIES -->
        <StepDependencies>
            <Step>
                <ct:OidRef oidRef="estTask1"/>
            </Step>
        </StepDependencies>
    </ModellingSteps>
</PharmML>
