<?xml version="1.0" encoding="UTF-8"?>
<PharmML xmlns="http://www.pharmml.org/pharmml/0.7/PharmML"
    xmlns:xsi="http://www.w3.org/2001/XMLSchema-instance"
    xsi:schemaLocation="http://www.pharmml.org/pharmml/0.7/PharmML http://www.pharmml.org/pharmml/0.7/PharmML"
    xmlns:ct="http://www.pharmml.org/pharmml/0.7/CommonTypes"
    xmlns:ds="http://www.pharmml.org/pharmml/0.7/Dataset"
    implementedBy="MJS" writtenVersion="0.7.1"
    metadataFile="example4_task2.rdf" id="i1">
    
    <!--    Task description
        We now want to perform optimisation, and we would like also to optimise 
        the sequence of treatments. 
        - optimisation on sampling times is done through the usual design spaces on 
        sampling times
        - optimisation on the sequence of treatments is done by creating possible 
        sequences of treatments and assigning them to different arms in the study, 
        while optimising on the number of subjects in each arm (possibly 0) -->
    
    
    <!-- MODEL NAME -->
    <ct:Name>example4_task2 - design only</ct:Name>
    
    <ct:Description>based on example4_task2 - design only with dummy model definition</ct:Description>
    
    <!-- INDEPENDENT VARIABLE -->
    <IndependentVariable symbId="time"/>

    <!-- BLOCK I: MODEL DEFINITION -->
    <ModelDefinition  xmlns="http://www.pharmml.org/pharmml/0.7/ModelDefinition">
        
        <VariabilityModel blkId="vm1" type="parameterVariability">
            <Level symbId="subject"/>
            <Level symbId="iov">
                <ParentLevel>
                    <ct:SymbRef symbIdRef="subject"/>
                </ParentLevel>
            </Level>
        </VariabilityModel>
        
        <!-- PARAMETER MODEL -->
        <ParameterModel blkId="pm1">
            <PopulationParameter symbId="a"/>
        </ParameterModel>
        
        <StructuralModel blkId="sm1">
            <ct:Variable symbolType="real" symbId="CENTRAL"/>
        </StructuralModel>
        
        <ObservationModel blkId="om1">
            <ContinuousData>
                <PopulationParameter symbId="a"/>
                <Standard symbId="CENTRAL_obs">
                    <Output>
                        <ct:SymbRef blkIdRef="sm1" symbIdRef="A"/>
                    </Output>
                    <ErrorModel>
                        <ct:Assign>
                            <ct:Real>1</ct:Real>
                        </ct:Assign>
                    </ErrorModel>
                    <ResidualError>
                        <ct:SymbRef symbIdRef="blub"/>
                    </ResidualError>
                </Standard>
            </ContinuousData>
        </ObservationModel>
        
    </ModelDefinition>
    
    <!-- BLOCK II: TRIAL DEFINITION -->
    <TrialDesign xmlns="http://www.pharmml.org/pharmml/0.7/TrialDesign">
        
        <Interventions>
            <Administration oid="trtA">
                <Bolus>
                    <DoseAmount inputTarget="admType">
                        <TargetMapping blkIdRef="sm1">
                            <ds:Map admNumber="1"/>
                        </TargetMapping>
                        <ct:Assign>
                            <ct:Real>150</ct:Real>
                        </ct:Assign>
                    </DoseAmount>
                    <DosingTimes>
                        <ct:Assign>
                            <ct:Sequence>
                                <ct:Begin><ct:Real>0</ct:Real></ct:Begin>
                                <ct:StepSize><ct:Real>12</ct:Real></ct:StepSize>
                                <ct:End><ct:Real>72</ct:Real></ct:End>
                            </ct:Sequence>
                        </ct:Assign>
                    </DosingTimes>
                </Bolus>
            </Administration>
            
            <Administration oid="trtB">
                <Bolus>
                    <DoseAmount inputTarget="admType">
                        <TargetMapping blkIdRef="sm1">
                            <ds:Map admNumber="2"/>
                        </TargetMapping>
                        <ct:Assign>
                            <ct:Real>100</ct:Real>
                        </ct:Assign>
                    </DoseAmount>
                    <DosingTimes>
                        <ct:Assign>
                            <ct:Sequence>
                                <ct:Begin><ct:Real>0</ct:Real></ct:Begin>
                                <ct:StepSize><ct:Real>24</ct:Real></ct:StepSize>
                                <ct:End><ct:Real>72</ct:Real></ct:End>
                            </ct:Sequence>
                        </ct:Assign>
                    </DosingTimes>
                </Bolus>
            </Administration>
            
            <Action oid="washout">
                <Washout>
                    <VariableToReset>
                        <ct:SymbRef blkIdRef="sm1" symbIdRef="CENTRAL"/>
                    </VariableToReset>
                </Washout>
            </Action>
            
            <InterventionsCombination oid="seq1">
                <Interventions>
                    <InterventionRef oidRef="trtA"/>
                    <InterventionRef oidRef="washout"/>
                    <InterventionRef oidRef="trtB"/>
                    <Start>
                        <ct:Assign>
                            <ct:Vector>
                                <ct:VectorElements>
                                    <ct:Real>0</ct:Real>
                                    <ct:Real>100</ct:Real>
                                    <ct:Real>100</ct:Real>
                                </ct:VectorElements>
                            </ct:Vector>
                        </ct:Assign>
                    </Start>
                </Interventions>
            </InterventionsCombination>
            
            <InterventionsCombination oid="seq2">
                <Interventions>
                    <InterventionRef oidRef="trtB"/>
                    <InterventionRef oidRef="washout"/>
                    <InterventionRef oidRef="trtA"/>
                    <Start>
                        <ct:Assign>
                            <ct:Vector>
                                <ct:VectorElements>
                                    <ct:Real>0</ct:Real>
                                    <ct:Real>100</ct:Real>
                                    <ct:Real>100</ct:Real>
                                </ct:VectorElements>
                            </ct:Vector>
                        </ct:Assign>
                    </Start>
                </Interventions>
            </InterventionsCombination>
            
            <InterventionsCombination oid="seq3">
                <Interventions>
                    <InterventionRef oidRef="trtA"/>
                    <InterventionRef oidRef="trtB"/>
                    <Start>
                        <ct:Assign>
                            <ct:Vector>
                                <ct:VectorElements>
                                    <ct:Real>0</ct:Real>
                                    <ct:Real>100</ct:Real>
                                </ct:VectorElements>
                            </ct:Vector>
                        </ct:Assign>
                    </Start>
                </Interventions>
            </InterventionsCombination>
        </Interventions>
        
        <Observations>
            <Observation oid="window1">
                <ObservationTimes>
                    <ct:Assign>
                        <ct:Vector>
                            <ct:VectorElements>
                                <ct:Real>1</ct:Real>
                                <ct:Real>2</ct:Real>
                                <ct:Real>4</ct:Real>
                                <ct:Real>6</ct:Real>
                                <ct:Sequence>
                                    <ct:Begin><ct:Real>12</ct:Real></ct:Begin>
                                    <ct:StepSize><ct:Real>12</ct:Real></ct:StepSize>
                                    <ct:End><ct:Real>72</ct:Real></ct:End>
                                </ct:Sequence>
                            </ct:VectorElements>
                        </ct:Vector>
                    </ct:Assign>
                </ObservationTimes>
                <Continuous>
                    <ct:SymbRef blkIdRef="om1" symbIdRef="CENTRAL"/>
                </Continuous>
            </Observation>
            
            <Observation oid="window2">
                <ObservationTimes>
                    <ct:Assign>
                        <ct:Vector>
                            <ct:VectorElements>
                                <ct:Real>1</ct:Real>
                                <ct:Real>2</ct:Real>
                                <ct:Real>4</ct:Real>
                                <ct:Real>8</ct:Real>
                                <ct:Real>12</ct:Real>
                                <ct:Real>24</ct:Real>
                                <ct:Real>48</ct:Real>
                                <ct:Real>49</ct:Real>
                                <ct:Real>50</ct:Real>
                                <ct:Real>52</ct:Real>
                                <ct:Real>56</ct:Real>
                                <ct:Real>60</ct:Real>
                                <ct:Real>72</ct:Real>
                            </ct:VectorElements>
                        </ct:Vector>
                    </ct:Assign>
                </ObservationTimes>
                <Continuous>
                    <ct:SymbRef blkIdRef="om1" symbIdRef="CENTRAL"/>
                </Continuous>
            </Observation>
        </Observations>
        
        <Occasions>
            <OccasionList oid="OCC1">                   <!-- DEFINED FOR ALL ARMS TO FOLLOW -->
                <ct:VariabilityReference>
                    <ct:SymbRef blkIdRef="vm1" symbIdRef="iov"/>
                </ct:VariabilityReference>
                <Occasion oid="occ1">
                    <Start>
                        <ct:Assign>
                            <ct:Real>0</ct:Real>
                        </ct:Assign>
                    </Start>
                    <End>
                        <ct:Assign>
                            <ct:Real>100</ct:Real>
                        </ct:Assign>
                    </End>
                </Occasion>
                <Occasion oid="occ2">
                    <Start>
                        <ct:Assign>
                            <ct:Real>100</ct:Real>
                        </ct:Assign>
                    </Start>
                    <End>
                        <ct:Assign>
                            <ct:Real>200</ct:Real>
                        </ct:Assign>
                    </End>
                </Occasion>
            </OccasionList>
        </Occasions>
        
        <Arms>
            <TotalSize>
                <ct:Assign>
                    <ct:Int>100</ct:Int>
                </ct:Assign>
            </TotalSize>
            
            <Arm oid="arm1">
                <ArmSize>
                    <ct:Assign>
                        <ct:Int>40</ct:Int>
                    </ct:Assign>
                </ArmSize>
                <InterventionSequence>
                    <InterventionList>
                        <InterventionRef oidRef="seq1"/>
                    </InterventionList>
                </InterventionSequence>
                <ObservationSequence>
                    <ObservationList>
                        <ObservationRef oidRef="window1"/>
                        <ObservationRef oidRef="window2"/>
                    </ObservationList>
                    <Start>
                        <ct:Assign>
                            <ct:Vector>
                                <ct:VectorElements>
                                    <ct:Real>0</ct:Real>
                                    <ct:Real>100</ct:Real>
                                </ct:VectorElements>
                            </ct:Vector>
                        </ct:Assign>
                    </Start>
                </ObservationSequence>
            </Arm>
            
            <Arm oid="arm2">
                <ArmSize>
                    <ct:Assign>
                        <ct:Int>40</ct:Int>
                    </ct:Assign>
                </ArmSize>
                <InterventionSequence>
                    <InterventionList>
                        <InterventionRef oidRef="seq2"/>
                    </InterventionList>
                </InterventionSequence>
                <ObservationSequence>
                    <ObservationList>
                        <ObservationRef oidRef="window2"/>
                        <ObservationRef oidRef="window1"/>
                    </ObservationList>
                    <Start>
                        <ct:Assign>
                            <ct:Vector>
                                <ct:VectorElements>
                                    <ct:Real>0</ct:Real>
                                    <ct:Real>100</ct:Real>
                                </ct:VectorElements>
                            </ct:Vector>
                        </ct:Assign>
                    </Start>
                </ObservationSequence>
            </Arm>
            
            <Arm oid="arm3">
                <ArmSize>
                    <ct:Assign>
                        <ct:Int>40</ct:Int>
                    </ct:Assign>
                </ArmSize>
                <InterventionSequence>
                    <InterventionList>
                        <InterventionRef oidRef="seq3"/>
                    </InterventionList>
                </InterventionSequence>
                <ObservationSequence>
                    <ObservationList>
                        <ObservationRef oidRef="window2"/>
                        <ObservationRef oidRef="window1"/>
                    </ObservationList>
                    <Start>
                        <ct:Assign>
                            <ct:Vector>
                                <ct:VectorElements>
                                    <ct:Real>0</ct:Real>
                                    <ct:Real>100</ct:Real>
                                </ct:VectorElements>
                            </ct:Vector>
                        </ct:Assign>
                    </Start>
                </ObservationSequence>
            </Arm>
        </Arms>

    </TrialDesign>
    
    <!-- BLOCK III: MODELLING STEPS -->
    <ModellingSteps xmlns="http://www.pharmml.org/pharmml/0.7/ModellingSteps">
        
        <!-- ESTIMATION STEP -->
        <EstimationStep oid="estTask1">
            
            <ParametersToEstimate>
                
                <!-- a -->
                <ParameterEstimation>
                    <ct:SymbRef blkIdRef="pm1" symbIdRef="a"/>
                    <InitialEstimate fixed="false">
                        <ct:Real>10</ct:Real>
                    </InitialEstimate>
                </ParameterEstimation>
                
            </ParametersToEstimate>
            <Operation order="1" opType="estPop"/>
            <Operation order="2" opType="estIndiv"/>
        </EstimationStep>
        
        <!-- STEP DEPENDENCIES -->
        <StepDependencies>
            <Step>
                <ct:OidRef oidRef="estTask1"/>
            </Step>
        </StepDependencies>
    </ModellingSteps>
</PharmML>
