<?xml version="1.0" encoding="UTF-8"?>
<PharmML xmlns:xsi="http://www.w3.org/2001/XMLSchema-instance"
    xmlns="http://www.pharmml.org/2013/03/PharmML"
    xsi:schemaLocation="http://www.pharmml.org/2013/03/PharmML http://www.pharmml.org/2013/03/PharmML"
    xmlns:math="http://www.pharmml.org/2013/03/Maths"
    xmlns:ct="http://www.pharmml.org/2013/03/CommonTypes"
    xmlns:ds="http://www.pharmml.org/2013/08/Dataset"
    xmlns:mdef="http://www.pharmml.org/2013/03/ModelDefinition"
    xmlns:mstep="http://www.pharmml.org/2013/03/ModellingSteps"
    xmlns:mml="http://www.pharmml.org/2013/03/PharmML"
    writtenVersion="0.2.1">
    
    <!-- MODEL NAME -->
    <ct:Name>Example 3 - basic Warfarin PK estimation with covariate W</ct:Name>
    
    <!-- INDEPENDENT VARIABLE -->
    <IndependentVariable symbId="t"/>
    
    <!-- FUNCTION DEFINITION -->
    <ct:FunctionDefinition  xmlns="http://www.pharmml.org/2013/03/CommonTypes" 
        symbId="combinedErrorModel" symbolType="real">
        <FunctionArgument symbolType="real" symbId="a"/>
        <FunctionArgument symbolType="real" symbId="b"/>
        <FunctionArgument symbolType="real" symbId="f"/>
        <Definition>
            <math:Equation>
                <math:Binop op="plus">
                    <ct:SymbRef symbIdRef="a"/>
                    <math:Binop op="times">
                        <ct:SymbRef symbIdRef="b"/>
                        <ct:SymbRef symbIdRef="f"/>
                    </math:Binop>
                </math:Binop>
            </math:Equation>
        </Definition>
    </ct:FunctionDefinition>

    <!-- MODEL DEFINITION -->
    <ModelDefinition xmlns="http://www.pharmml.org/2013/03/ModelDefinition">
        
        <!-- VARIABILITY MODEL -->
        <VariabilityModel blkId="modelVar" type="model">
            <Level symbId="indiv"/>
        </VariabilityModel>
        
        <VariabilityModel blkId="obsErr" type="error">
            <Level symbId="residual"/>
        </VariabilityModel>
        
        <!-- COVARIATE MODEL -->
        <CovariateModel blkId="cm1">
            <Covariate symbId="W">
                <Continuous>
                    <Transformation>
                        <math:Equation>
                            <math:Uniop op="log">
                                <math:Binop op="divide">
                                    <ct:SymbRef symbIdRef="W"/>
                                    <ct:Real>70</ct:Real>
                                </math:Binop>
                            </math:Uniop>
                        </math:Equation>
                    </Transformation>
                </Continuous>
            </Covariate>
        </CovariateModel>
        
        <!-- PARAMETER MODEL -->
        <ParameterModel blkId="pm1">
            <SimpleParameter symbId="pop_Tlag"/>
            <SimpleParameter symbId="omega_Tlag"/>
            <SimpleParameter symbId="pop_ka"/>
            <SimpleParameter symbId="omega_ka"/>
            <SimpleParameter symbId="pop_Tlag"/>
            <SimpleParameter symbId="omega_Tlag"/>
            <SimpleParameter symbId="pop_V"/>
            <SimpleParameter symbId="omega_V"/>
            <SimpleParameter symbId="beta_V"/>
            <SimpleParameter symbId="pop_CL"/>
            <SimpleParameter symbId="omega_CL"/>
            <SimpleParameter symbId="beta_CL"/>
            <!-- Tlag -->
            <RandomVariable symbId="eta_Tlag">
                <ct:VariabilityReference>
                    <ct:SymbRef blkIdRef="modelVar" symbIdRef="indiv"/>
                </ct:VariabilityReference>
                <NormalDistribution xmlns="http://www.uncertml.org/3.0" definition="0.1">
                    <mean>
                        <rVal>0</rVal></mean>
                    <stddev>
                        <var varId="omega_Tlag"/>
                    </stddev>
                </NormalDistribution>
            </RandomVariable>
            <IndividualParameter symbId="Tlag">
                <GaussianModel>
                    <Transformation>log</Transformation>
                    <LinearCovariate>
                        <PopulationParameter>
                            <ct:Assign>
                                <ct:SymbRef symbIdRef="pop_Tlag"/>
                            </ct:Assign>
                        </PopulationParameter>
                    </LinearCovariate>
                    <RandomEffects>
                        <ct:SymbRef symbIdRef="eta_Tlag"/>
                    </RandomEffects>
                </GaussianModel>
            </IndividualParameter>
            <!-- ka -->
            <RandomVariable symbId="eta_ka">
                <ct:VariabilityReference>
                    <ct:SymbRef blkIdRef="modelVar" symbIdRef="indiv"/>
                </ct:VariabilityReference>
                <NormalDistribution xmlns="http://www.uncertml.org/3.0" definition="0.1">
                    <mean>
                        <rVal>0</rVal></mean>
                    <stddev>
                        <var varId="omega_ka"/>
                    </stddev>
                </NormalDistribution>
            </RandomVariable>
            <IndividualParameter symbId="ka">
                <GaussianModel>
                    <Transformation>log</Transformation>
                    <LinearCovariate>
                        <PopulationParameter>
                            <ct:Assign>
                                <ct:SymbRef symbIdRef="pop_ka"/>
                            </ct:Assign>
                        </PopulationParameter>
                    </LinearCovariate>
                    <RandomEffects>
                        <ct:SymbRef symbIdRef="eta_ka"/>
                    </RandomEffects>
                </GaussianModel>
            </IndividualParameter>
            <!-- V -->
            <RandomVariable symbId="eta_V">
                <ct:VariabilityReference>
                    <ct:SymbRef blkIdRef="modelVar" symbIdRef="indiv"/>
                </ct:VariabilityReference>
                <NormalDistribution xmlns="http://www.uncertml.org/3.0" definition="0.1">
                    <mean>
                        <rVal>0</rVal></mean>
                    <stddev>
                        <var varId="omega_V"/>
                    </stddev>
                </NormalDistribution>
            </RandomVariable>
            <IndividualParameter symbId="V">
                <GaussianModel>
                    <Transformation>log</Transformation>
                    <LinearCovariate>
                        <PopulationParameter>
                            <ct:Assign>
                                <ct:SymbRef symbIdRef="pop_V"/>
                            </ct:Assign>
                        </PopulationParameter>
                        <Covariate>
                            <ct:SymbRef blkIdRef="cm1" symbIdRef="W"/>
                            <FixedEffect>
                                <ct:SymbRef symbIdRef="beta_V"/>
                            </FixedEffect>
                        </Covariate>
                    </LinearCovariate>
                    <RandomEffects>
                        <ct:SymbRef symbIdRef="eta_V"/>
                    </RandomEffects>
                </GaussianModel>
            </IndividualParameter>
            <!-- CL -->
            <RandomVariable symbId="eta_CL">
                <ct:VariabilityReference>
                    <ct:SymbRef blkIdRef="modelVar" symbIdRef="indiv"/>
                </ct:VariabilityReference>
                <NormalDistribution xmlns="http://www.uncertml.org/3.0" definition="0.1">
                    <mean>
                        <rVal>0</rVal></mean>
                    <stddev>
                        <var varId="omega_CL"/>
                    </stddev>
                </NormalDistribution>
            </RandomVariable>
            <IndividualParameter symbId="CL">
                <GaussianModel>
                    <Transformation>log</Transformation>
                    <LinearCovariate>
                        <PopulationParameter>
                            <ct:Assign>
                                <ct:SymbRef symbIdRef="pop_CL"/>
                            </ct:Assign>
                        </PopulationParameter>
                        <Covariate>
                            <ct:SymbRef blkIdRef="cm1" symbIdRef="W"/>
                            <FixedEffect>
                                <ct:SymbRef symbIdRef="beta_CL"/>
                            </FixedEffect>
                        </Covariate>
                    </LinearCovariate>
                    <RandomEffects>
                        <ct:SymbRef symbIdRef="eta_CL"/>
                    </RandomEffects>
                </GaussianModel>
            </IndividualParameter>
        </ParameterModel>
        
        <!-- STRUCTURAL MODEL -->
        <StructuralModel blkId="sm1">
            <SimpleParameter symbId="D"/>
            <SimpleParameter symbId="tD"/>
            <!-- k -->
            <SimpleParameter symbId="k">
                <ct:Assign>
                    <math:Equation>
                        <math:Binop op="divide">
                            <ct:SymbRef blkIdRef="pm1" symbIdRef="CL"/>
                            <ct:SymbRef blkIdRef="pm1" symbIdRef="V"/>
                        </math:Binop>
                    </math:Equation>
                </ct:Assign>
            </SimpleParameter>
            <!-- C - algebraic formula -->
            <ct:Variable symbolType="real" symbId="C">
                <ct:Assign>
                    <math:Equation>
                        <math:Piecewise>
                            <math:Piece>
                                <ct:Real>0</ct:Real>
                                <math:Condition>
                                    <math:LogicBinop op="lt">
                                        <math:Binop op="minus">
                                            <ct:SymbRef symbIdRef="t"/>
                                            <ct:SymbRef symbIdRef="tD"/>
                                        </math:Binop>
                                        <ct:SymbRef symbIdRef="Tlag"></ct:SymbRef>
                                    </math:LogicBinop>
                                </math:Condition>
                            </math:Piece>
                            <math:Piece>
                                <math:Binop op="times">
                                    <math:Binop op="divide">
                                        <math:Binop op="times">
                                            <ct:SymbRef symbIdRef="D"/>
                                            <ct:SymbRef blkIdRef="pm1" symbIdRef="ka"></ct:SymbRef>
                                        </math:Binop>
                                        <math:Binop op="times">
                                            <ct:SymbRef blkIdRef="pm1" symbIdRef="V"/>
                                            <math:Binop op="minus">
                                                <ct:SymbRef blkIdRef="pm1" symbIdRef="ka"/>
                                                <ct:SymbRef symbIdRef="k"/>
                                            </math:Binop>
                                        </math:Binop>
                                    </math:Binop>
                                    <math:Binop op="minus">
                                        <math:Uniop op="exp">
                                            <math:Binop op="times">
                                                <math:Uniop op="minus">
                                                    <ct:SymbRef symbIdRef="k"/>
                                                </math:Uniop>
                                                <math:Binop op="minus">
                                                    <math:Binop op="minus">
                                                        <ct:SymbRef symbIdRef="t"/>
                                                        <ct:SymbRef blkIdRef="pm1" symbIdRef="tD"/>
                                                    </math:Binop>
                                                    <ct:SymbRef blkIdRef="pm1" symbIdRef="Tlag"/>
                                                </math:Binop>
                                            </math:Binop>
                                        </math:Uniop>
                                        <math:Uniop op="exp">
                                            <math:Binop op="times">
                                                <math:Uniop op="minus">
                                                    <ct:SymbRef blkIdRef="pm1" symbIdRef="ka"/>
                                                </math:Uniop>
                                                <math:Binop op="minus">
                                                    <math:Binop op="minus">
                                                        <ct:SymbRef symbIdRef="t"/>
                                                        <ct:SymbRef blkIdRef="pm1" symbIdRef="tD"/>
                                                    </math:Binop>
                                                    <ct:SymbRef blkIdRef="pm1" symbIdRef="Tlag"/>
                                                </math:Binop>
                                            </math:Binop>
                                        </math:Uniop>                                        
                                    </math:Binop>
                                </math:Binop>
                                <math:Condition>
                                    <math:Otherwise/>
                                </math:Condition>
                            </math:Piece>
                        </math:Piecewise>
                    </math:Equation>
                </ct:Assign>
            </ct:Variable>
        </StructuralModel>
        
        <!-- OBSERVATION MODEL -->
        <ObservationModel blkId="om1">
            <SimpleParameter symbId="a"/>
            <SimpleParameter symbId="b"/>
            <RandomVariable symbId="epsilon_C">
                <ct:VariabilityReference>
                    <ct:SymbRef blkIdRef="obsErr" symbIdRef="residual"/>
                </ct:VariabilityReference>
                <NormalDistribution xmlns="http://www.uncertml.org/3.0" definition="0.1">
                    <mean>
                        <rVal>0</rVal>
                    </mean>
                    <stddev>
                        <var varId="sigma"/>
                    </stddev>
                </NormalDistribution>
            </RandomVariable>
            <Standard symbId="C_obs">
                <Output>
                    <ct:SymbRef symbIdRef="C"/>
                </Output>
                <ErrorModel>
                    <ct:Assign>
                        <math:Equation>
                            <math:FunctionCall>
                                <ct:SymbRef symbIdRef="combinedErrorModel"/>
                                <math:FunctionArgument symbId="a">
                                    <ct:SymbRef symbIdRef="a"/>
                                </math:FunctionArgument>
                                <math:FunctionArgument symbId="b">
                                    <ct:SymbRef symbIdRef="b"/>
                                </math:FunctionArgument>
                                <math:FunctionArgument symbId="f">
                                    <ct:SymbRef blkIdRef="sm1" symbIdRef="C"/>
                                </math:FunctionArgument>
                            </math:FunctionCall>
                        </math:Equation>
                    </ct:Assign>
                </ErrorModel>
                <ResidualError>
                    <ct:SymbRef symbIdRef="epsilon_C"/>
                </ResidualError>
            </Standard>
        </ObservationModel>
    </ModelDefinition>
    
    <!-- TRIAL DESIGN -->
    <TrialDesign xmlns="http://www.pharmml.org/2013/03/TrialDesign">
        
        <!-- STRUCTURE -->
        <Structure>
            <Epoch oid="epoch1">
                <Start><ct:Real>0</ct:Real></Start>
                <End><ct:Real>180</ct:Real></End>
                <Order>1</Order>
            </Epoch>
            <Arm oid="arm1"/>
            <Cell oid="cell1">
                <EpochRef oidRef="epoch1"/>
                <ArmRef oidRef="arm1"/>
                <SegmentRef oidRef="segment1"/>
            </Cell>
            <Segment oid="segment1">
                <ActivityRef oidRef="d1"/>
            </Segment>
            <Activity oid="d1">
                <Bolus>
                    <DoseAmount inputType="dose">
                        <ct:SymbRef blkIdRef="sm1" symbIdRef="D"/>
                        <ct:Assign>
                            <ct:Real>100</ct:Real>
                        </ct:Assign>
                    </DoseAmount>
                    <DosingTimes>
                        <ct:SymbRef blkIdRef="sm1" symbIdRef="tD"/>
                        <ct:Assign>
                            <ct:Real>0</ct:Real>
                        </ct:Assign>
                    </DosingTimes>
                </Bolus>
            </Activity>
        </Structure>
        
        <!-- POPULATION -->
        <Population>
            <IndividualTemplate>
                <IndividualMapping>
                    <ds:ColumnRef columnIdRef="ID"/>
                </IndividualMapping>
                <ArmMapping>
                    <ds:ColumnRef columnIdRef="ARM"/>
                </ArmMapping>
                <CovariateMapping>
                    <ds:ColumnRef columnIdRef="WEIGHT"/>
                    <ct:SymbRef blkIdRef="cm1" symbIdRef="W"/>
                </CovariateMapping>
            </IndividualTemplate>
            <ds:DataSet>
                <ds:Definition>
                    <ds:Column columnId="ID" valueType="id" columnNum="1"/>
                    <ds:Column columnId="ARM" valueType="id" columnNum="2"/>
                    <ds:Column columnId="WEIGHT" valueType="real" columnNum="3"/>
                </ds:Definition>
                <ds:Table>
                    <ds:Row><ct:Id>i1</ct:Id><ct:Id>a1</ct:Id><ct:Real>70.1</ct:Real></ds:Row>
                    <ds:Row><ct:Id>i2</ct:Id><ct:Id>a1</ct:Id><ct:Real>60.0</ct:Real></ds:Row>
                    <ds:Row><ct:Id>i3</ct:Id><ct:Id>a1</ct:Id><ct:Real>93.2</ct:Real></ds:Row>
                    <ds:Row><ct:Id>i4</ct:Id><ct:Id>a1</ct:Id><ct:Real>85.7</ct:Real></ds:Row>
                    <ds:Row><ct:Id>i5</ct:Id><ct:Id>a1</ct:Id><ct:Real>78.3</ct:Real></ds:Row>
                    <!-- SNIP -->
                    <ds:Row><ct:Id>i33</ct:Id><ct:Id>a1</ct:Id><ct:Real>94.1</ct:Real></ds:Row>
                </ds:Table>
            </ds:DataSet>
        </Population>
    </TrialDesign>
    
    <!-- MODELLING STEPS -->
    <ModellingSteps xmlns="http://www.pharmml.org/2013/03/ModellingSteps">
        
        <!-- ESTIMATION -->
        <EstimationStep oid="estimStep1">
            <!-- OBJECTIVE DATA -->
            <ObjectiveDataSet>
                <IndividualMapping>
                    <ds:ColumnRef columnIdRef="ID"/>
                </IndividualMapping>
                <VariableMapping>
                    <ds:ColumnRef columnIdRef="time"/>
                    <ct:SymbRef symbIdRef="t"/>
                </VariableMapping>
                <VariableMapping>
                    <ds:ColumnRef columnIdRef="dv"/>
                    <ct:SymbRef blkIdRef="om1" symbIdRef="C_obs"/>
                </VariableMapping>
                <ds:DataSet>
                    <ds:Definition>
                        <ds:Column columnId="ID" valueType="id" columnNum="1"/>
                        <ds:Column columnId="time" valueType="real" columnNum="2"/>
                        <ds:Column columnId="dv" valueType="real" columnNum="3"/>
                    </ds:Definition>
                    <ds:Table>
                        <!-- SUBJECT 1 -->
                        <ds:Row><ct:Id>i1</ct:Id><ct:Real>0.5</ct:Real><ct:Real>0</ct:Real></ds:Row>
                        <ds:Row><ct:Id>i1</ct:Id><ct:Real>1</ct:Real><ct:Real>1.9</ct:Real></ds:Row>
                        <ds:Row><ct:Id>i1</ct:Id><ct:Real>2</ct:Real><ct:Real>3.3</ct:Real></ds:Row>
                        <ds:Row><ct:Id>i1</ct:Id><ct:Real>3</ct:Real><ct:Real>6.6</ct:Real></ds:Row>
                        <ds:Row><ct:Id>i1</ct:Id><ct:Real>6</ct:Real><ct:Real>9.1</ct:Real></ds:Row>
                        <ds:Row><ct:Id>i1</ct:Id><ct:Real>9</ct:Real><ct:Real>10.8</ct:Real></ds:Row>
                        <!-- SUBJECT 2 -->
                        <!-- SNIP -->
                    </ds:Table>
                </ds:DataSet>
            </ObjectiveDataSet>
            
            <!-- PARAMETERS TO ESTIMATE -->
            <ParametersToEstimate>
                <!-- V -->
                <ParameterEstimation>
                    <ct:SymbRef blkIdRef="pm1" symbIdRef="pop_V"/>
                    <InitialEstimate fixed="false">
                        <ct:Real>10</ct:Real>
                    </InitialEstimate>
                </ParameterEstimation>
                <ParameterEstimation>
                    <ct:SymbRef blkIdRef="pm1" symbIdRef="omega_V"/>
                    <InitialEstimate fixed="false">
                        <ct:Real>1</ct:Real>
                    </InitialEstimate>
                </ParameterEstimation>
                <!-- CL -->
                <ParameterEstimation>
                    <ct:SymbRef blkIdRef="pm1" symbIdRef="pop_CL"/>
                    <InitialEstimate fixed="false">
                        <ct:Real>5</ct:Real>
                    </InitialEstimate>
                </ParameterEstimation>
                <ParameterEstimation>
                    <ct:SymbRef blkIdRef="pm1" symbIdRef="omega_CL"/>
                    <mstep:InitialEstimate fixed="false">
                        <ct:Real>1</ct:Real>
                    </mstep:InitialEstimate>
                </ParameterEstimation>
                <!-- Tlag -->
                <ParameterEstimation>
                    <ct:SymbRef blkIdRef="pm1" symbIdRef="pop_Tlag"/>
                    <InitialEstimate fixed="false">
                        <ct:Real>5</ct:Real>
                    </InitialEstimate>
                </ParameterEstimation>
                <ParameterEstimation>
                    <ct:SymbRef blkIdRef="pm1" symbIdRef="omega_Tlag"/>
                    <mstep:InitialEstimate fixed="false">
                        <ct:Real>1</ct:Real>
                    </mstep:InitialEstimate>
                </ParameterEstimation>
                <!-- ka -->
                <ParameterEstimation>
                    <ct:SymbRef blkIdRef="pm1" symbIdRef="pop_ka"/>
                    <InitialEstimate fixed="false">
                        <ct:Real>5</ct:Real>
                    </InitialEstimate>
                </ParameterEstimation>
                <ParameterEstimation>
                    <ct:SymbRef blkIdRef="pm1" symbIdRef="omega_ka"/>
                    <mstep:InitialEstimate fixed="false">
                        <ct:Real>1</ct:Real>
                    </mstep:InitialEstimate>
                </ParameterEstimation>                
                <!-- a -->
                <ParameterEstimation>
                    <ct:SymbRef blkIdRef="om1" symbIdRef="a"/>
                    <InitialEstimate fixed="false">
                        <ct:Real>.5</ct:Real>
                    </InitialEstimate>
                </ParameterEstimation>
                <!-- b -->
                <ParameterEstimation>
                    <ct:SymbRef blkIdRef="om1" symbIdRef="b"/>
                    <mstep:InitialEstimate fixed="false">
                        <ct:Real>1</ct:Real>
                    </mstep:InitialEstimate>
                </ParameterEstimation>                
            </ParametersToEstimate>
            
            <!-- OPERATION -->
            <Operation order="1" opType="estPop">
                <ct:Description>Estimate the population parameters in the model.</ct:Description>
                <Property name="software-tool-name">
                    <ct:Assign>
                        <ct:String>NONMEM</ct:String>
                    </ct:Assign>
                </Property>
                <Property name="software-tool-version">
                    <ct:Assign>
                        <ct:Real>7.3</ct:Real>
                    </ct:Assign>
                </Property>
                <Algorithm definition="FOCEI">
                </Algorithm>
            </Operation>
            <Operation order="2" opType="estFIM"/>
            <Operation order="3" opType="estIndiv"/>
        </EstimationStep>
        
        <!-- STEP DEPENDENCIES -->
        <mstep:StepDependencies>
            <mstep:Step>
                <ct:OidRef oidRef="estimStep1"></ct:OidRef>
            </mstep:Step>
        </mstep:StepDependencies>
    </ModellingSteps>
</PharmML>