<?xml version="1.0" encoding="UTF-8"?>
<PharmML  xmlns="http://www.pharmml.org/pharmml/0.7/PharmML"
    xmlns:xsi="http://www.w3.org/2001/XMLSchema-instance"
    xsi:schemaLocation="http://www.pharmml.org/pharmml/0.7/PharmML http://www.pharmml.org/pharmml/0.7/PharmML"
    xmlns:math="http://www.pharmml.org/pharmml/0.7/Maths"
    xmlns:ct="http://www.pharmml.org/pharmml/0.7/CommonTypes"
    xmlns:po="http://www.pharmml.org/probonto/ProbOnto"
    implementedBy="MJS" writtenVersion="0.7.1" 
    metadataFile="example2_NONMEM.rdf" id="i1">
    
    <ct:Name>Example 2 - simulation continuous PK (Bonate 2012) with NONMEM dataset</ct:Name>
    
    <IndependentVariable symbId="t"/>
    
    <ct:FunctionDefinition symbolType="real" symbId="proportional">
        <ct:FunctionArgument symbolType="real" symbId="b"/>
        <ct:FunctionArgument symbolType="real" symbId="f"/>
        <ct:Definition>
            <ct:Assign>
                <math:Binop op="times">
                    <ct:SymbRef symbIdRef="b"/>
                    <ct:SymbRef symbIdRef="f"/>
                </math:Binop>
            </ct:Assign>
        </ct:Definition>
    </ct:FunctionDefinition>
    
    <ModelDefinition xmlns="http://www.pharmml.org/pharmml/0.7/ModelDefinition">
        
        <VariabilityModel blkId="vm1" type="parameterVariability">
            <Level symbId="indiv"/>
        </VariabilityModel>
        <VariabilityModel blkId="vm2" type="residualError">
            <Level symbId="resErr"/>
        </VariabilityModel>
        
        <CovariateModel blkId="cm1">
            <Covariate symbId="Weight">
                <Continuous>
                    <Transformation>
                        <TransformedCovariate symbId="theta2Weight"/>
                        <ct:Assign>
                            <math:Binop op="power">
                                <math:Binop op="divide">
                                    <ct:SymbRef symbIdRef="Weight"/>
                                    <ct:Real>70</ct:Real>
                                </math:Binop>
                                <ct:SymbRef blkIdRef="pm1" symbIdRef="theta2"/>
                            </math:Binop>
                        </ct:Assign>
                    </Transformation>
                </Continuous>
            </Covariate>
        </CovariateModel>
        
        <ParameterModel blkId="pm1">
            <PopulationParameter symbId="Ka"/>
            <PopulationParameter symbId="tau"/>
            <PopulationParameter symbId="theta2"/>
            <PopulationParameter symbId="pop_theta1"/>
            <PopulationParameter symbId="omega_theta1"/>
            <PopulationParameter symbId="pop_V"/>
            <PopulationParameter symbId="omega_V"/> 
            
            <!-- CL -->
            <PopulationParameter symbId="CL">
                <ct:Assign>
                    <math:Binop op="times">
                        <ct:SymbRef symbIdRef="theta1"/>
                        <ct:SymbRef blkIdRef="cm1" symbIdRef="theta2Weight"/>
                    </math:Binop>
                </ct:Assign>
            </PopulationParameter>
            
            <!-- theta1 -->
            <RandomVariable symbId="eta_theta1">
                <ct:VariabilityReference>
                    <ct:SymbRef blkIdRef="vm1" symbIdRef="indiv"/>
                </ct:VariabilityReference>
                <Distribution>
                    <po:ProbOnto name="Normal1">
                        <po:Parameter name="mean">
                            <ct:Assign>
                                <ct:Real>0</ct:Real>
                            </ct:Assign>
                        </po:Parameter>
                        <po:Parameter name="stdev">
                            <ct:Assign>
                                <ct:SymbRef symbIdRef="omega_theta1"/>
                            </ct:Assign>
                        </po:Parameter>
                    </po:ProbOnto>
                </Distribution>
<!--                <NormalDistribution xmlns="http://www.uncertml.org/3.0" definition="http://www.uncertml.org/distributions/normal">
                    <mean>
                        <rVal>0</rVal>
                    </mean>
                    <stddev>
                        <var varId="omega_theta1"/>
                    </stddev>
                </NormalDistribution>-->
            </RandomVariable>
            <IndividualParameter symbId="theta1">
                <StructuredModel>
                    <Transformation type="log"/>
                    <LinearCovariate>
                        <PopulationValue>
                            <ct:Assign>
                                <ct:SymbRef symbIdRef="pop_theta1"/>
                            </ct:Assign>
                        </PopulationValue>
                    </LinearCovariate>
                    <RandomEffects>
                        <ct:SymbRef symbIdRef="eta_theta1"/>
                    </RandomEffects>
                </StructuredModel>
            </IndividualParameter>
            
            <!-- V -->
            <RandomVariable symbId="eta_V">
                <ct:VariabilityReference>
                    <ct:SymbRef blkIdRef="vm1" symbIdRef="indiv"/>
                </ct:VariabilityReference>
                <Distribution>
                    <po:ProbOnto name="Normal1">
                        <po:Parameter name="mean">
                            <ct:Assign>
                                <ct:Real>0</ct:Real>
                            </ct:Assign>
                        </po:Parameter>
                        <po:Parameter name="stdev">
                            <ct:Assign>
                                <ct:SymbRef symbIdRef="omega_V"/>
                            </ct:Assign>
                        </po:Parameter>
                    </po:ProbOnto>
                </Distribution>
            </RandomVariable>
            <IndividualParameter symbId="V">
                <StructuredModel>
                    <Transformation type="log"/>
                    <LinearCovariate>
                        <PopulationValue>
                            <ct:Assign>
                                <ct:SymbRef symbIdRef="pop_V"/>
                            </ct:Assign>
                        </PopulationValue>
                    </LinearCovariate>
                    <RandomEffects>
                        <ct:SymbRef symbIdRef="eta_V"/>
                    </RandomEffects>
                </StructuredModel>
            </IndividualParameter>
        </ParameterModel>
        
        <!-- structural model -->
        <StructuralModel blkId="sm1">
            <ct:Variable symbolType="real" symbId="D"/>
            <ct:Variable symbolType="real" symbId="tD"/>
            <ct:Variable symbolType="real" symbId="k">
                <ct:Assign>
                    <math:Binop op="divide">
                        <ct:SymbRef blkIdRef="pm1" symbIdRef="CL"/>
                        <ct:SymbRef blkIdRef="pm1" symbIdRef="V"/>
                    </math:Binop>
                </ct:Assign>
            </ct:Variable>
            <!-- Css -->
            <ct:Variable symbolType="real" symbId="Css">
                <ct:Assign>
                    <math:Binop op="times">
                        <math:Binop op="divide">
                            <ct:SymbRef symbIdRef="D"/>
                            <ct:SymbRef blkIdRef="pm1" symbIdRef="V"/>
                        </math:Binop>
                        <math:Binop op="times">
                            <math:Binop op="divide">
                                <ct:SymbRef blkIdRef="pm1" symbIdRef="Ka"/>
                                <math:Binop op="minus">
                                    <ct:SymbRef blkIdRef="pm1" symbIdRef="Ka"/>
                                    <ct:SymbRef symbIdRef="k"/>
                                </math:Binop>
                            </math:Binop>
                            <math:Binop op="minus">
                                <math:Binop op="divide">
                                    <math:Uniop op="exp">
                                        <math:Binop op="times">
                                            <math:Uniop op="minus">
                                                <ct:SymbRef symbIdRef="k"/>
                                            </math:Uniop>
                                            <math:Binop op="minus">
                                                <ct:SymbRef symbIdRef="t"/>
                                                <ct:SymbRef symbIdRef="tD"/>                                                    
                                            </math:Binop>
                                        </math:Binop>
                                    </math:Uniop>
                                    <math:Binop op="minus">
                                        <ct:Real>1</ct:Real>
                                        <math:Uniop op="exp">
                                            <math:Binop op="times">
                                                <math:Uniop op="minus">
                                                    <ct:SymbRef symbIdRef="k"/>
                                                </math:Uniop>
                                                <ct:SymbRef blkIdRef="pm1" symbIdRef="tau"/>
                                            </math:Binop>
                                        </math:Uniop>
                                    </math:Binop>
                                </math:Binop>
                                <math:Binop op="divide">
                                    <math:Uniop op="exp">
                                        <math:Binop op="times">
                                            <math:Uniop op="minus">
                                                <ct:SymbRef blkIdRef="pm1" symbIdRef="Ka"/>
                                            </math:Uniop>
                                            <math:Binop op="minus">
                                                <ct:SymbRef symbIdRef="t"/>
                                                <ct:SymbRef symbIdRef="tD"/>                                                    
                                            </math:Binop>
                                        </math:Binop>
                                    </math:Uniop>
                                    <math:Binop op="minus">
                                        <ct:Real>1</ct:Real>
                                        <math:Uniop op="exp">
                                            <math:Binop op="times">
                                                <math:Uniop op="minus">
                                                    <ct:SymbRef blkIdRef="pm1" symbIdRef="Ka"/>
                                                </math:Uniop>
                                                <ct:SymbRef blkIdRef="pm1" symbIdRef="tau"/>
                                            </math:Binop>
                                        </math:Uniop>
                                    </math:Binop>
                                </math:Binop>
                            </math:Binop>
                        </math:Binop>
                    </math:Binop>
                </ct:Assign>
            </ct:Variable>
        </StructuralModel>
        
        <!-- observation model -->
        <ObservationModel blkId="om1">
            <ContinuousData>
                <PopulationParameter symbId="b"/>
                <RandomVariable symbId="epsilon_Css">
                    <ct:VariabilityReference>
                        <ct:SymbRef blkIdRef="vm2" symbIdRef="resErr"/>
                    </ct:VariabilityReference>
                    <Distribution>
                        <po:ProbOnto name="Normal1">
                            <po:Parameter name="mean">
                                <ct:Assign>
                                    <ct:Real>0</ct:Real>
                                </ct:Assign>
                            </po:Parameter>
                            <po:Parameter name="stdev">
                                <ct:Assign>
                                    <ct:Real>1</ct:Real>
                                </ct:Assign>
                            </po:Parameter>
                        </po:ProbOnto>
                    </Distribution>
<!--                    <NormalDistribution xmlns="http://www.uncertml.org/3.0" definition="http://www.uncertml.org/distributions/normal">
                        <mean>
                            <rVal>0</rVal>
                        </mean>
                        <stddev>
                            <prVal>1</prVal>
                        </stddev>
                    </NormalDistribution>-->
                </RandomVariable>
                <Standard symbId="Css_obs">
                    <Output>
                        <ct:SymbRef blkIdRef="sm1" symbIdRef="Css"/>
                    </Output>
                    <ErrorModel>
                        <ct:Assign>
                            <math:FunctionCall>
                                <ct:SymbRef symbIdRef="proportional"/>
                                <math:FunctionArgument symbId="b">
                                    <ct:SymbRef symbIdRef="b"/>
                                </math:FunctionArgument>
                                <math:FunctionArgument symbId="f">
                                    <ct:SymbRef blkIdRef="sm1" symbIdRef="Css"/>
                                </math:FunctionArgument>
                            </math:FunctionCall>
                        </ct:Assign>
                    </ErrorModel>
                    <ResidualError>
                        <ct:SymbRef symbIdRef="epsilon_Css"/>
                    </ResidualError>
                </Standard>
            </ContinuousData>
        </ObservationModel>
    </ModelDefinition>
    
    <TrialDesign xmlns="http://www.pharmml.org/pharmml/0.7/TrialDesign">
        
        <ExternalDataSet toolName="NONMEM" oid="NMoid">
            <ColumnMapping>
                <ColumnRef xmlns="http://www.pharmml.org/pharmml/0.7/Dataset" columnIdRef="ID"/>
                <ct:SymbRef blkIdRef="vm1" symbIdRef="indiv"/>
            </ColumnMapping>
            <ColumnMapping>
                <ColumnRef xmlns="http://www.pharmml.org/pharmml/0.7/Dataset" columnIdRef="TIME"/>
                <ct:SymbRef symbIdRef="t"/>
            </ColumnMapping>
            <ColumnMapping>
                <ColumnRef xmlns="http://www.pharmml.org/pharmml/0.7/Dataset" columnIdRef="WT"/>
                <ct:SymbRef blkIdRef="cm1" symbIdRef="Weight"/>
            </ColumnMapping>
            <ColumnMapping>
                <ColumnRef xmlns="http://www.pharmml.org/pharmml/0.7/Dataset" columnIdRef="DV"/>
                <ct:SymbRef blkIdRef="om1" symbIdRef="Css_obs"/>
            </ColumnMapping>
            <ColumnMapping>
                <ColumnRef xmlns="http://www.pharmml.org/pharmml/0.7/Dataset" columnIdRef="AMT"/>
                <ct:SymbRef blkIdRef="sm1" symbIdRef="D"/>
            </ColumnMapping>
            <ColumnMapping>
                <ColumnRef xmlns="http://www.pharmml.org/pharmml/0.7/Dataset" columnIdRef="TIME"/>
                <Piecewise xmlns="http://www.pharmml.org/pharmml/0.7/Dataset">
                    <math:Piece>
                        <ct:SymbRef blkIdRef="sm1" symbIdRef="tD"/>
                        <math:Condition>
                            <math:LogicBinop op="neq">
                                <ColumnRef columnIdRef="AMT"/>
                                <ct:Real>0</ct:Real>
                            </math:LogicBinop>
                        </math:Condition>
                    </math:Piece>
                </Piecewise>
            </ColumnMapping>
            
            <DataSet xmlns="http://www.pharmml.org/pharmml/0.7/Dataset">
                <Definition>
                    <Column columnId="ID" columnType="id" valueType="string" columnNum="1"/>
                    <Column columnId="TIME" columnType="idv" valueType="real" columnNum="2"/>
                    <Column columnId="WT" columnType="covariate" valueType="real" columnNum="3"/>
                    <Column columnId="AMT" columnType="dose" valueType="real" columnNum="4"/>
                    <Column columnId="DV" columnType="dv" valueType="real" columnNum="5"/>
                    <Column columnId="EVID" columnType="evid" valueType="int" columnNum="6"/>
                    <Column columnId="MDV" columnType="mdv" valueType="int" columnNum="7"/>
                </Definition>
                <ExternalFile oid="dataOid">
                    <path>example2.csv</path>
                    <format>CSV</format>
                    <delimiter>COMMA</delimiter>
                </ExternalFile>
            </DataSet>
        </ExternalDataSet>
    </TrialDesign>
    
    <!-- modelling steps -->
    <ModellingSteps xmlns="http://www.pharmml.org/pharmml/0.7/ModellingSteps">
        
        <SimulationStep  oid="s1">
            
            <ExternalDataSetReference>
                <ct:OidRef oidRef="NMoid"/>
            </ExternalDataSetReference>

            <!-- tau -->
            <ct:VariableAssignment>
                <ct:SymbRef blkIdRef="pm1" symbIdRef="tau"/>
                <ct:Assign>
                    <ct:Real>12</ct:Real>
                </ct:Assign>
            </ct:VariableAssignment>
            <!-- D -->
            <ct:VariableAssignment>
                <ct:SymbRef blkIdRef="sm1" symbIdRef="D"/>
                <ct:Assign>
                    <ct:Real>100</ct:Real>
                </ct:Assign>
            </ct:VariableAssignment>
            <!-- tD -->
            <ct:VariableAssignment>
                <ct:SymbRef blkIdRef="sm1" symbIdRef="tD"/>
                <ct:Assign>
                    <ct:Real>0</ct:Real>
                </ct:Assign>
            </ct:VariableAssignment>
            <!-- b -->
            <ct:VariableAssignment>
                <ct:SymbRef blkIdRef="om1" symbIdRef="b"/>
                <ct:Assign>
                    <ct:Real>0.1</ct:Real>
                </ct:Assign>
            </ct:VariableAssignment>
            <!-- theta2 -->
            <ct:VariableAssignment>
                <ct:SymbRef blkIdRef="pm1" symbIdRef="theta2"/>
                <ct:Assign>
                    <ct:Real>0.75</ct:Real>
                </ct:Assign>
            </ct:VariableAssignment>
            <!-- Ka -->
            <ct:VariableAssignment>
                <ct:SymbRef blkIdRef="pm1" symbIdRef="Ka"/>
                <ct:Assign>
                    <ct:Real>0.5</ct:Real>
                </ct:Assign>
            </ct:VariableAssignment>
            <!-- theta1 -->
            <ct:VariableAssignment>
                <ct:SymbRef blkIdRef="pm1" symbIdRef="pop_theta1"/>
                <ct:Assign>
                    <ct:Real>25</ct:Real>
                </ct:Assign>
            </ct:VariableAssignment>
            <ct:VariableAssignment>
                <ct:SymbRef blkIdRef="pm1" symbIdRef="omega_theta1"/>
                <ct:Assign>
                    <ct:Real>5</ct:Real>
                </ct:Assign>
            </ct:VariableAssignment>
            <!-- V -->
            <ct:VariableAssignment>
                <ct:SymbRef blkIdRef="pm1" symbIdRef="pop_V"/>
                <ct:Assign>
                    <ct:Real>250</ct:Real>
                </ct:Assign>
            </ct:VariableAssignment>
            <ct:VariableAssignment>
                <ct:SymbRef blkIdRef="pm1" symbIdRef="omega_V"/>
                <ct:Assign>
                    <ct:Real>100</ct:Real>
                </ct:Assign>
            </ct:VariableAssignment>
        </SimulationStep>
        
        <StepDependencies>
            <Step>
                <ct:OidRef oidRef="s1"/>
            </Step>
        </StepDependencies>
    </ModellingSteps>
</PharmML>