<?xml version="1.0" encoding="UTF-8"?>
<PharmML xmlns:xsi="http://www.w3.org/2001/XMLSchema-instance"
    xmlns="http://www.pharmml.org/pharmml/0.7/PharmML"
    xsi:schemaLocation="http://www.pharmml.org/pharmml/0.7/PharmML http://www.pharmml.org/pharmml/0.7/PharmML"
    xmlns:math="http://www.pharmml.org/pharmml/0.7/Maths"
    xmlns:ct="http://www.pharmml.org/pharmml/0.7/CommonTypes"
    xmlns:ds="http://www.pharmml.org/pharmml/0.7/Dataset"
    xmlns:mdef="http://www.pharmml.org/pharmml/0.7/ModelDefinition"
    xmlns:mstep="http://www.pharmml.org/pharmml/0.7/ModellingSteps"
    xmlns:po="http://www.pharmml.org/probonto/ProbOnto"
    implementedBy="MJS" writtenVersion="0.7.1" 
    metadataFile="example1_NONMEM.rdf" id="i1">
    
    <!-- model name -->
    <ct:Name>Example 1 - simulation continuous PK/PD (NONMEM)</ct:Name>
    
    <ct:Description>Example 1 - simulation continuous PK/PD using NONMEM dataset</ct:Description>
    
    <!-- independent variable -->
    <IndependentVariable symbId="t"/>
    
    <!-- function definition -->
    <FunctionDefinition xmlns="http://www.pharmml.org/pharmml/0.7/CommonTypes" symbId="constantErrorModel" symbolType="real">
        <FunctionArgument symbId="a" symbolType="real"/>
        <Definition>
            <ct:Assign>
                <ct:SymbRef symbIdRef="a"/>
            </ct:Assign>
        </Definition>
    </FunctionDefinition>
    
    <FunctionDefinition xmlns="http://www.pharmml.org/pharmml/0.7/CommonTypes" symbId="combinedErrorModel" symbolType="real">
        <FunctionArgument symbId="a" symbolType="real"/>
        <FunctionArgument symbId="b" symbolType="real"/>
        <FunctionArgument symbId="f" symbolType="real"/>
        <Definition>
            <ct:Assign>
                <math:Binop op="plus">
                    <ct:SymbRef symbIdRef="a"/>
                    <math:Binop op="times">
                        <ct:SymbRef symbIdRef="b"/>
                        <ct:SymbRef symbIdRef="f"/>
                    </math:Binop>
                </math:Binop>
            </ct:Assign>
        </Definition>
    </FunctionDefinition>
    
    <!-- model definition -->
    <ModelDefinition xmlns="http://www.pharmml.org/pharmml/0.7/ModelDefinition">
        
        <!-- variability model -->
        <VariabilityModel blkId="vm1" type="parameterVariability">
            <Level referenceLevel="true" symbId="indiv"/>
        </VariabilityModel>
        
        <VariabilityModel blkId="vm2" type="residualError">
            <Level symbId="residual"/>
        </VariabilityModel>
        
        <!-- covariate model -->
        <CovariateModel blkId="cm1">
            <PopulationParameter symbId="pop_W"/>
            <PopulationParameter symbId="omega_W"/>
            <Covariate symbId="W">
                <Continuous>
                    <Distribution>
                        <po:ProbOnto name="Normal2">
                            <po:Parameter name="mean">
                                <ct:Assign>
                                    <ct:SymbRef symbIdRef="pop_W"/>
                                </ct:Assign>
                            </po:Parameter>
                            <po:Parameter name="var">
                                <ct:Assign>
                                    <ct:SymbRef symbIdRef="omega_W"/>
                                </ct:Assign>
                            </po:Parameter>
                        </po:ProbOnto>
                    </Distribution>
<!--                    <NormalDistribution xmlns="http://www.uncertml.org/3.0" definition="">
                        <mean><var varId="pop_W"/></mean>
                        <variance><var varId="omega_W"/></variance>
                    </NormalDistribution>-->
                    <Transformation>
                        <TransformedCovariate symbId="logW70"/>
                        <ct:Assign>
                            <math:Uniop op="log">
                                <math:Binop op="divide">
                                    <ct:SymbRef symbIdRef="W"/>
                                    <ct:Real>70.0</ct:Real>
                                </math:Binop>
                            </math:Uniop>
                        </ct:Assign>
                    </Transformation>
                </Continuous>
            </Covariate>
        </CovariateModel>
        
        <!-- parameter model -->
        <ParameterModel blkId="pm1">
            <!-- V -->
            <PopulationParameter symbId="beta_V"/>
            <PopulationParameter symbId="pop_V"/>
            <PopulationParameter symbId="omega_V"/>
            <RandomVariable symbId="eta_V">
                <ct:VariabilityReference>
                    <ct:SymbRef blkIdRef="vm1" symbIdRef="indiv"/>
                </ct:VariabilityReference>
                <Distribution>
                    <po:ProbOnto name="Normal1">
                        <po:Parameter name="mean">
                            <ct:Assign>
                                <ct:Real>0</ct:Real>
                            </ct:Assign>
                        </po:Parameter>
                        <po:Parameter name="stdev">
                            <ct:Assign>
                                <ct:SymbRef symbIdRef="omega_V"/>
                            </ct:Assign>
                        </po:Parameter>
                    </po:ProbOnto>
                </Distribution>
            </RandomVariable>
            <IndividualParameter symbId="V">
                <StructuredModel>
                    <Transformation type="log"/>
                    <LinearCovariate>
                        <PopulationValue>
                            <ct:Assign>
                                <ct:SymbRef symbIdRef="pop_V"/>
                            </ct:Assign>
                        </PopulationValue>
                        <Covariate>
                            <ct:SymbRef blkIdRef="cm1" symbIdRef="logW70"/>
                            <FixedEffect>
                                <ct:SymbRef symbIdRef="beta_V"/>
                            </FixedEffect>
                        </Covariate>
                    </LinearCovariate>
                    <RandomEffects>
                        <ct:SymbRef symbIdRef="eta_V"/>
                    </RandomEffects>
                </StructuredModel>
            </IndividualParameter>
            
            <!-- ka -->
            <PopulationParameter symbId="pop_ka"/>
            <PopulationParameter symbId="omega_ka"/>
            <RandomVariable symbId="eta_ka">
                <ct:VariabilityReference>
                    <ct:SymbRef blkIdRef="vm1" symbIdRef="indiv"/>
                </ct:VariabilityReference>
                <Distribution>
                    <po:ProbOnto name="Normal1">
                        <po:Parameter name="mean">
                            <ct:Assign>
                                <ct:Real>0</ct:Real>
                            </ct:Assign>
                        </po:Parameter>
                        <po:Parameter name="stdev">
                            <ct:Assign>
                                <ct:SymbRef symbIdRef="omega_ka"/>
                            </ct:Assign>
                        </po:Parameter>
                    </po:ProbOnto>
                </Distribution>
            </RandomVariable>
            <IndividualParameter symbId="ka">
                <StructuredModel>
                    <Transformation type="log"/>
                    <LinearCovariate>
                        <PopulationValue>
                            <ct:Assign>
                                <ct:SymbRef symbIdRef="pop_ka"/>
                            </ct:Assign>
                        </PopulationValue>
                    </LinearCovariate>
                    <RandomEffects>
                        <ct:SymbRef symbIdRef="eta_ka"/>
                    </RandomEffects>
                </StructuredModel>
            </IndividualParameter>
            
            <!-- Imax -->
            <PopulationParameter symbId="pop_Imax"/>
            <PopulationParameter symbId="omega_Imax"/>
            <RandomVariable symbId="eta_Imax">
                <ct:VariabilityReference>
                    <ct:SymbRef blkIdRef="vm1" symbIdRef="indiv"/>
                </ct:VariabilityReference>
                <Distribution>
                    <po:ProbOnto name="Normal1">
                        <po:Parameter name="mean">
                            <ct:Assign>
                                <ct:Real>0</ct:Real>
                            </ct:Assign>
                        </po:Parameter>
                        <po:Parameter name="stdev">
                            <ct:Assign>
                                <ct:SymbRef symbIdRef="omega_Imax"/>
                            </ct:Assign>
                        </po:Parameter>
                    </po:ProbOnto>
                </Distribution>
            </RandomVariable>
            <IndividualParameter symbId="Imax">
                <StructuredModel>
                    <Transformation type="logit"/>
                    <LinearCovariate>
                        <PopulationValue>
                            <ct:Assign><ct:SymbRef symbIdRef="pop_Imax"/></ct:Assign>
                        </PopulationValue>
                    </LinearCovariate>
                    <RandomEffects>
                        <ct:SymbRef symbIdRef="eta_Imax"/>
                    </RandomEffects>
                </StructuredModel>
            </IndividualParameter>
            
            <!-- CL -->
            <PopulationParameter symbId="pop_Cl"/>
            <PopulationParameter symbId="omega_Cl"/>
            <PopulationParameter symbId="beta_Cl"/>
            <PopulationParameter symbId="rho_V_Cl"/>
            <RandomVariable symbId="eta_Cl">
                <ct:VariabilityReference>
                    <ct:SymbRef blkIdRef="vm1" symbIdRef="indiv"/>
                </ct:VariabilityReference>
                <Distribution>
                    <po:ProbOnto name="Normal1">
                        <po:Parameter name="mean">
                            <ct:Assign>
                                <ct:Real>0</ct:Real>
                            </ct:Assign>
                        </po:Parameter>
                        <po:Parameter name="stdev">
                            <ct:Assign>
                                <ct:SymbRef symbIdRef="omega_Cl"/>
                            </ct:Assign>
                        </po:Parameter>
                    </po:ProbOnto>
                </Distribution>
<!--                <NormalDistribution xmlns="http://www.uncertml.org/3.0" definition="http://www.uncertml.org/distributions/normal">
                    <mean><rVal>0</rVal></mean>
                    <stddev><var varId="omega_Cl"/></stddev>
                </NormalDistribution>-->
            </RandomVariable>
            <IndividualParameter symbId="Cl">
                <StructuredModel>
                    <Transformation type="log"/>
                    <LinearCovariate>
                        <PopulationValue>
                            <ct:Assign><ct:SymbRef symbIdRef="pop_Cl"/></ct:Assign>
                        </PopulationValue>
                        <Covariate>
                            <ct:SymbRef blkIdRef="cm1" symbIdRef="logW70"/>
                            <FixedEffect>
                                <ct:SymbRef symbIdRef="beta_Cl"/>
                            </FixedEffect>
                        </Covariate>
                    </LinearCovariate>
                    <RandomEffects>
                        <ct:SymbRef symbIdRef="eta_Cl"/>
                    </RandomEffects>
                </StructuredModel>
            </IndividualParameter>
            
            <!-- Rin -->
            <PopulationParameter symbId="pop_Rin"/>
            <PopulationParameter symbId="omega_Rin"/>
            <RandomVariable symbId="eta_Rin">
                <ct:VariabilityReference>
                    <ct:SymbRef blkIdRef="vm1" symbIdRef="indiv"/>
                </ct:VariabilityReference>
                <Distribution>
                    <po:ProbOnto name="Normal1">
                        <po:Parameter name="mean">
                            <ct:Assign>
                                <ct:Real>0</ct:Real>
                            </ct:Assign>
                        </po:Parameter>
                        <po:Parameter name="stdev">
                            <ct:Assign>
                                <ct:SymbRef symbIdRef="omega_Rin"/>
                            </ct:Assign>
                        </po:Parameter>
                    </po:ProbOnto>
                </Distribution>
<!--                <NormalDistribution xmlns="http://www.uncertml.org/3.0" definition="http://www.uncertml.org/distributions/normal">
                    <mean><rVal>0</rVal></mean>
                    <stddev><var varId="omega_Rin"/></stddev>
                </NormalDistribution>-->
            </RandomVariable>
            <IndividualParameter symbId="Rin">
                <ct:Assign>
                    <math:Binop op="times">
                        <ct:SymbRef symbIdRef="pop_Rin"/>
                        <math:Uniop op="exp">
                            <ct:SymbRef symbIdRef="eta_Rin"/>
                        </math:Uniop>
                    </math:Binop>
                </ct:Assign>
            </IndividualParameter>
            
            <!-- kout -->
            <PopulationParameter symbId="pop_kout"/>
            <PopulationParameter symbId="omega_kout"/>
            <RandomVariable symbId="eta_kout">
                <ct:VariabilityReference>
                    <ct:SymbRef blkIdRef="vm1" symbIdRef="indiv"/>
                </ct:VariabilityReference>
                <Distribution>
                    <po:ProbOnto name="Normal1">
                        <po:Parameter name="mean">
                            <ct:Assign>
                                <ct:Real>0</ct:Real>
                            </ct:Assign>
                        </po:Parameter>
                        <po:Parameter name="stdev">
                            <ct:Assign>
                                <ct:SymbRef symbIdRef="omega_kout"/>
                            </ct:Assign>
                        </po:Parameter>
                    </po:ProbOnto>
                </Distribution>
<!--                <NormalDistribution xmlns="http://www.uncertml.org/3.0" definition="http://www.uncertml.org/distributions/normal">
                    <mean><rVal>0</rVal></mean>
                    <stddev><var varId="omega_kout"/></stddev>
                </NormalDistribution>-->
            </RandomVariable>
            <IndividualParameter symbId="kout">
                <StructuredModel>
                    <Transformation type="log"/>
                    <GeneralCovariate>
                        <ct:Assign>
                            <math:Binop op="plus">
                                <math:Uniop op="log">
                                    <ct:SymbRef symbIdRef="pop_kout"/>
                                </math:Uniop>
                                <ct:SymbRef symbIdRef="eta_kout"/>
                            </math:Binop>
                        </ct:Assign>
                    </GeneralCovariate>
                    <RandomEffects>
                        <ct:SymbRef symbIdRef="eta_kout"/>
                    </RandomEffects>
                </StructuredModel>
            </IndividualParameter>
            
            <!-- IC50 -->
            <PopulationParameter symbId="pop_IC50"/>
            <PopulationParameter symbId="omega_IC50"/>
            <RandomVariable symbId="eta_IC50">
                <ct:VariabilityReference>
                    <ct:SymbRef blkIdRef="vm1" symbIdRef="indiv"/>
                </ct:VariabilityReference>
                <Distribution>
                    <po:ProbOnto name="Normal1">
                        <po:Parameter name="mean">
                            <ct:Assign>
                                <ct:Real>0</ct:Real>
                            </ct:Assign>
                        </po:Parameter>
                        <po:Parameter name="stdev">
                            <ct:Assign>
                                <ct:SymbRef symbIdRef="omega_IC50"/>
                            </ct:Assign>
                        </po:Parameter>
                    </po:ProbOnto>
                </Distribution>
<!--                <NormalDistribution xmlns="http://www.uncertml.org/3.0" definition="http://www.uncertml.org/distributions/normal">
                    <mean><rVal>0</rVal></mean>
                    <stddev><var varId="omega_IC50"/></stddev>
                </NormalDistribution>-->
            </RandomVariable>
            <IndividualParameter symbId="IC50">
                <StructuredModel>
                    <Transformation type="log"/>
                    <LinearCovariate>
                        <PopulationValue>
                            <ct:Assign>
                                <ct:SymbRef symbIdRef="pop_IC50"/>
                            </ct:Assign>
                        </PopulationValue>
                    </LinearCovariate>
                    <RandomEffects>
                        <ct:SymbRef symbIdRef="eta_IC50"/>
                    </RandomEffects>
                </StructuredModel>
            </IndividualParameter>
            
            <Correlation>
                <ct:VariabilityReference>
                    <ct:SymbRef blkIdRef="vm1" symbIdRef="indiv"/>
                </ct:VariabilityReference>
                <Pairwise>
                    <RandomVariable1>
                        <ct:SymbRef symbIdRef="eta_V"/>
                    </RandomVariable1>
                    <RandomVariable2>
                        <ct:SymbRef symbIdRef="eta_Cl"/>
                    </RandomVariable2>
                    <CorrelationCoefficient>
                        <ct:Assign>
                            <ct:SymbRef symbIdRef="rho_V_Cl"/>
                        </ct:Assign>
                    </CorrelationCoefficient>
                </Pairwise>
            </Correlation>
        </ParameterModel>
        
        <!-- structural model -->
        <StructuralModel blkId="sm1">
            <IndividualParameter symbId="k">
                <ct:Assign>
                    <math:Binop op="divide">
                        <ct:SymbRef blkIdRef="pm1" symbIdRef="Cl"/>
                        <ct:SymbRef blkIdRef="pm1" symbIdRef="V"/>
                    </math:Binop>
                </ct:Assign>
            </IndividualParameter>
            <ct:DerivativeVariable symbId="Ad" symbolType="real">
                <ct:Assign>
                    <math:Binop op="times">
                        <math:Uniop op="minus">
                            <ct:SymbRef blkIdRef="pm1" symbIdRef="ka"/>
                        </math:Uniop>
                        <ct:SymbRef symbIdRef="Ad"/>
                    </math:Binop>
                </ct:Assign>
                <ct:IndependentVariable>
                    <ct:SymbRef symbIdRef="t"/>
                </ct:IndependentVariable>
                <ct:InitialCondition>
                    <ct:InitialValue>
                        <ct:Assign>
                            <ct:Real>0</ct:Real>
                        </ct:Assign>
                    </ct:InitialValue>
                </ct:InitialCondition>
            </ct:DerivativeVariable>
            <ct:DerivativeVariable symbId="Ac" symbolType="real">
                <ct:Assign>
                    <math:Binop op="minus">
                        <math:Binop op="times">
                            <ct:SymbRef blkIdRef="pm1" symbIdRef="ka"/>
                            <ct:SymbRef symbIdRef="Ad"/>
                        </math:Binop>
                        <math:Binop op="times">
                            <ct:SymbRef symbIdRef="k"/>
                            <ct:SymbRef symbIdRef="Ac"/>
                        </math:Binop>
                    </math:Binop>
                </ct:Assign>
                <ct:IndependentVariable>
                    <ct:SymbRef symbIdRef="t"/>
                </ct:IndependentVariable>
                <ct:InitialCondition>
                    <ct:InitialValue>
                        <ct:Assign>
                            <ct:Real>0</ct:Real>
                        </ct:Assign>
                    </ct:InitialValue>
                    <ct:InitialTime>
                        <ct:Assign>
                            <ct:Real>0</ct:Real>
                        </ct:Assign>
                    </ct:InitialTime>
                </ct:InitialCondition>
            </ct:DerivativeVariable>
            <ct:DerivativeVariable symbId="E" symbolType="real">
                <ct:Description>PCA</ct:Description>
                <ct:Assign>
                    <math:Binop op="minus">
                        <math:Binop op="times">
                            <ct:SymbRef blkIdRef="pm1" symbIdRef="Rin"/>
                            <math:Binop op="minus">
                                <ct:Real>1</ct:Real>
                                <math:Binop op="divide">
                                    <math:Binop op="times">
                                        <ct:SymbRef blkIdRef="pm1" symbIdRef="Imax"/>
                                        <ct:SymbRef symbIdRef="Cc"/>
                                    </math:Binop>
                                    <math:Binop op="plus">
                                        <ct:SymbRef symbIdRef="Cc"/>
                                        <ct:SymbRef blkIdRef="pm1" symbIdRef="IC50"/>
                                    </math:Binop>
                                </math:Binop>
                            </math:Binop>
                        </math:Binop>
                        <math:Binop op="times">
                            <ct:SymbRef blkIdRef="pm1" symbIdRef="kout"/>
                            <ct:SymbRef symbIdRef="E"/>
                        </math:Binop>
                    </math:Binop>
                </ct:Assign>
                <ct:IndependentVariable>
                    <ct:SymbRef symbIdRef="t"/>
                </ct:IndependentVariable>
                <ct:InitialCondition>
                    <ct:InitialValue>
                        <ct:Assign>
                            <math:Binop op="divide">
                                <ct:SymbRef blkIdRef="pm1" symbIdRef="Rin"/>
                                <ct:SymbRef blkIdRef="pm1" symbIdRef="kout"/>
                            </math:Binop>
                        </ct:Assign>
                    </ct:InitialValue>
                    <ct:InitialTime>
                        <ct:Assign>
                            <ct:Real>0</ct:Real>
                        </ct:Assign>
                    </ct:InitialTime>
                </ct:InitialCondition>
            </ct:DerivativeVariable>
            <ct:Variable symbId="Cc" symbolType="real">
                <ct:Description>Concentration</ct:Description>
                <ct:Assign>
                    <math:Binop op="divide">
                        <ct:SymbRef symbIdRef="Ac"/>
                        <ct:SymbRef symbIdRef="V"/>
                    </math:Binop>
                </ct:Assign>
            </ct:Variable>
        </StructuralModel>
        
        <!-- observation model for E -->
        <ObservationModel blkId="om1">
            <ContinuousData>
                <PopulationParameter symbId="a"/>
                <RandomVariable symbId="epsilon_E">
                    <ct:VariabilityReference>
                        <ct:SymbRef blkIdRef="vm2" symbIdRef="residual"/>
                    </ct:VariabilityReference>
                    <Distribution>
                        <po:ProbOnto name="Normal2">
                            <po:Parameter name="mean">
                                <ct:Assign>
                                    <ct:Real>0</ct:Real>
                                </ct:Assign>
                            </po:Parameter>
                            <po:Parameter name="var">
                                <ct:Assign>
                                    <ct:Real>1</ct:Real>
                                </ct:Assign>
                            </po:Parameter>
                        </po:ProbOnto>
                    </Distribution>
<!--                    <NormalDistribution xmlns="http://www.uncertml.org/3.0" definition="http://www.uncertml.org/distributions/normal">
                        <mean><rVal>0</rVal></mean>
                        <variance><prVal>1</prVal></variance>
                    </NormalDistribution>-->
                </RandomVariable>
                <General symbId="E_obs">
                    <ct:Assign>
                        <math:Binop op="plus">
                            <ct:SymbRef blkIdRef="sm1" symbIdRef="E"/>
                            <math:Binop op="times">
                                <math:FunctionCall>
                                    <ct:SymbRef symbIdRef="constantErrorModel"/>
                                    <math:FunctionArgument symbId="a">
                                        <ct:SymbRef symbIdRef="a"/>
                                    </math:FunctionArgument>
                                </math:FunctionCall>
                                <ct:SymbRef symbIdRef="epsilon_E"/>
                            </math:Binop>
                        </math:Binop>
                    </ct:Assign>
                </General>
            </ContinuousData>
        </ObservationModel>
        
        <!-- observation model for Cc -->
        <ObservationModel blkId="om2">
            <ContinuousData>
                <PopulationParameter symbId="a"/>
                <PopulationParameter symbId="b"/>
                <RandomVariable symbId="epsilon_Cc">
                    <ct:VariabilityReference>
                        <ct:SymbRef blkIdRef="vm2" symbIdRef="residual"/>
                    </ct:VariabilityReference>
                    <Distribution>
                        <po:ProbOnto name="Normal2">
                            <po:Parameter name="mean">
                                <ct:Assign>
                                    <ct:Real>0</ct:Real>
                                </ct:Assign>
                            </po:Parameter>
                            <po:Parameter name="var">
                                <ct:Assign>
                                    <ct:Real>1</ct:Real>
                                </ct:Assign>
                            </po:Parameter>
                        </po:ProbOnto>
                    </Distribution>
<!--                    <NormalDistribution xmlns="http://www.uncertml.org/3.0" definition="http://www.uncertml.org/distributions/normal">
                        <mean><rVal>0</rVal></mean>
                        <variance><prVal>1</prVal></variance>
                    </NormalDistribution>-->
                </RandomVariable>
                <Standard symbId="Cc_obs">
                    <Output>
                        <ct:SymbRef blkIdRef="sm1" symbIdRef="Cc"/>
                    </Output>
                    <ErrorModel>
                        <ct:Assign>
                            <math:FunctionCall>
                                <ct:SymbRef symbIdRef="combinedErrorModel"/>
                                <math:FunctionArgument symbId="a">
                                    <ct:SymbRef symbIdRef="a"/>
                                </math:FunctionArgument>
                                <math:FunctionArgument symbId="b">
                                    <ct:SymbRef symbIdRef="b"/>
                                </math:FunctionArgument>
                                <math:FunctionArgument symbId="f">
                                    <ct:SymbRef blkIdRef="sm1" symbIdRef="Cc"/>
                                </math:FunctionArgument>
                            </math:FunctionCall>
                        </ct:Assign>
                    </ErrorModel>
                    <ResidualError>
                        <ct:SymbRef symbIdRef="epsilon_Cc"/>
                    </ResidualError>
                </Standard>
            </ContinuousData>
        </ObservationModel>
    </ModelDefinition>
    
    
    <TrialDesign xmlns="http://www.pharmml.org/pharmml/0.7/TrialDesign">
        
        <ExternalDataSet toolName="NONMEM" oid="nmOid">
            <ColumnMapping>
                <ds:ColumnRef columnIdRef="TIME"/>
                <ct:SymbRef symbIdRef="t"/>
            </ColumnMapping>
            <ColumnMapping>
                <ds:ColumnRef columnIdRef="WT"/>
                <ct:SymbRef blkIdRef="cm1" symbIdRef="W"/>
            </ColumnMapping>
            <ColumnMapping>
                <ds:ColumnRef columnIdRef="AMT" transformIdRef="T1"/>
                <ct:SymbRef blkIdRef="sm1" symbIdRef="Ad"/>
            </ColumnMapping>
            <ColumnTransformation transformId="T1">
                <ct:Assign>
                    <math:Binop op="times">
                        <ds:ColumnRef columnIdRef="AMT"/>
                        <ct:SymbRef blkIdRef="cm1" symbIdRef="W"/>
                    </math:Binop>
                </ct:Assign>
            </ColumnTransformation>
            
            <MultipleDVMapping>
                <ds:ColumnRef columnIdRef="DV"/>
                <!-- DV is mapped to 'Cc_obs' in observation model 'om2' if ORIG=1 -->
                <Piecewise>
                    <math:Piece>
                        <ct:SymbRef blkIdRef="om1" symbIdRef="E_obs"/>
                        <math:Condition>
                            <math:LogicBinop op="eq">
                                <ds:ColumnRef columnIdRef="ORIG"/>
                                <ct:Real>1</ct:Real>
                            </math:LogicBinop>
                        </math:Condition>
                    </math:Piece>
                    <!-- DV is mapped to E_obs in observation model 'om1' if ORIG=2 -->
                    <math:Piece>
                        <ct:SymbRef blkIdRef="om2" symbIdRef="Cc_obs"/>
                        <math:Condition>
                            <math:LogicBinop op="eq">
                                <ds:ColumnRef columnIdRef="ORIG"/>
                                <ct:Real>2</ct:Real>
                            </math:LogicBinop>
                        </math:Condition>
                    </math:Piece>
                </Piecewise>
            </MultipleDVMapping>
            <ds:DataSet>
                <ds:Definition>
                    <ds:Column columnId="ID" columnType="id" valueType="string" columnNum="1"/>
                    <ds:Column columnId="WT" columnType="covariate" valueType="real" columnNum="2"/>
                    <ds:Column columnId="ARM" columnType="arm" valueType="id" columnNum="3"/>
                    <ds:Column columnId="TIME" columnType="idv" valueType="real" columnNum="4"/>
                    <ds:Column columnId="DV" columnType="dv" valueType="real" columnNum="5"/>
                    <ds:Column columnId="ORIG" columnType="undefined" valueType="real" columnNum="6"/>
                    <ds:Column columnId="AMT" columnType="dose" valueType="int" columnNum="7"/>
                    <ds:Column columnId="MDV" columnType="mdv" valueType="real" columnNum="8"/>
                    <ds:Column columnId="EVID" columnType="evid" valueType="real" columnNum="9"/>
                </ds:Definition>
                <ds:ExternalFile oid="dataOid">
                    <ds:path>example1.csv</ds:path>
                    <ds:format>CSV</ds:format>
                    <ds:delimiter>COMMA</ds:delimiter>
                </ds:ExternalFile>
            </ds:DataSet>
        </ExternalDataSet>

    </TrialDesign>
    
    
    <!-- modeling steps -->
    <ModellingSteps xmlns="http://www.pharmml.org/pharmml/0.7/ModellingSteps">
               
        <!-- simulation steps -->
        <SimulationStep oid="s1">
            
            <ExternalDataSetReference>
                <ct:OidRef oidRef="nmOid"/>
            </ExternalDataSetReference>
            
            <ct:VariableAssignment>
                <ct:SymbRef blkIdRef="cm1" symbIdRef="pop_W"/>
                <ct:Assign>
                    <ct:Real>70.07</ct:Real>
                </ct:Assign>
            </ct:VariableAssignment>
            <ct:VariableAssignment>
                <ct:Description>omega_W = 1409/100 assignment</ct:Description>
                <ct:SymbRef blkIdRef="cm1" symbIdRef="omega_W"/>
                <ct:Assign>
                    <math:Binop op="divide">
                        <ct:Real>1409</ct:Real>
                        <ct:Real>100</ct:Real>
                    </math:Binop>
                </ct:Assign>
            </ct:VariableAssignment>
            <ct:VariableAssignment>
                <ct:SymbRef blkIdRef="pm1" symbIdRef="pop_ka"/>
                <ct:Assign>
                    <ct:Real>1</ct:Real>
                </ct:Assign>
            </ct:VariableAssignment>
            <ct:VariableAssignment>
                <ct:SymbRef blkIdRef="pm1" symbIdRef="omega_ka"/>
                <ct:Assign>
                    <ct:Real>0.6</ct:Real>
                </ct:Assign>
            </ct:VariableAssignment>
            <ct:VariableAssignment>
                <ct:SymbRef blkIdRef="pm1" symbIdRef="pop_V"/>
                <ct:Assign>
                    <ct:Real>8</ct:Real>
                </ct:Assign>
            </ct:VariableAssignment>
            <ct:VariableAssignment>
                <ct:SymbRef blkIdRef="pm1" symbIdRef="omega_V"/>
                <ct:Assign>
                    <ct:Real>0.2</ct:Real>
                </ct:Assign>
            </ct:VariableAssignment>
            <ct:VariableAssignment>
                <ct:SymbRef blkIdRef="pm1" symbIdRef="pop_Cl"/>
                <ct:Assign>
                    <ct:Real>0.13</ct:Real>
                </ct:Assign>
            </ct:VariableAssignment>
            <ct:VariableAssignment>
                <ct:SymbRef blkIdRef="pm1" symbIdRef="omega_Cl"/>
                <ct:Assign>
                    <ct:Real>0.2</ct:Real>
                </ct:Assign>
            </ct:VariableAssignment>
            <ct:VariableAssignment>
                <ct:SymbRef blkIdRef="pm1" symbIdRef="beta_V"/>
                <ct:Assign>
                    <ct:Real>1</ct:Real>
                </ct:Assign>
            </ct:VariableAssignment>
            <ct:VariableAssignment>
                <ct:SymbRef blkIdRef="pm1" symbIdRef="beta_Cl"/>
                <ct:Assign>
                    <ct:Real>0.75</ct:Real>
                </ct:Assign>
            </ct:VariableAssignment>
            <ct:VariableAssignment>
                <ct:SymbRef blkIdRef="pm1" symbIdRef="rho_V_Cl"/>
                <ct:Assign>
                    <ct:Real>0.7</ct:Real>
                </ct:Assign>
            </ct:VariableAssignment>
            <ct:VariableAssignment>
                <ct:SymbRef blkIdRef="pm1" symbIdRef="pop_Imax"/>
                <ct:Assign>
                    <ct:Real>0.9</ct:Real>
                </ct:Assign>
            </ct:VariableAssignment>
            <ct:VariableAssignment>
                <ct:SymbRef blkIdRef="pm1" symbIdRef="omega_Imax"/>
                <ct:Assign>
                    <ct:Real>2</ct:Real>
                </ct:Assign>
            </ct:VariableAssignment>
            <ct:VariableAssignment>
                <ct:SymbRef blkIdRef="pm1" symbIdRef="pop_IC50"/>
                <ct:Assign>
                    <ct:Real>0.4</ct:Real>
                </ct:Assign>
            </ct:VariableAssignment>
            <ct:VariableAssignment>
                <ct:SymbRef blkIdRef="pm1" symbIdRef="omega_IC50"/>
                <ct:Assign>
                    <ct:Real>0.4</ct:Real>
                </ct:Assign>
            </ct:VariableAssignment>
            <ct:VariableAssignment>
                <ct:SymbRef blkIdRef="pm1" symbIdRef="pop_kout"/>
                <ct:Assign>
                    <ct:Real>0.05</ct:Real>
                </ct:Assign>
            </ct:VariableAssignment>
            <ct:VariableAssignment>
                <ct:SymbRef blkIdRef="pm1" symbIdRef="omega_kout"/>
                <ct:Assign>
                    <ct:Real>0.05</ct:Real>
                </ct:Assign>
            </ct:VariableAssignment>
            <ct:VariableAssignment>
                <ct:SymbRef blkIdRef="pm1" symbIdRef="pop_Rin"/>
                <ct:Assign>
                    <ct:Real>5</ct:Real>
                </ct:Assign>
            </ct:VariableAssignment>
            <ct:VariableAssignment>
                <ct:SymbRef blkIdRef="pm1" symbIdRef="omega_Rin"/>
                <ct:Assign>
                    <ct:Real>0.05</ct:Real>
                </ct:Assign>
            </ct:VariableAssignment>
        </SimulationStep>
        
        <!-- step dependencies -->
        <StepDependencies>
            <Step>
                <ct:OidRef oidRef="s1"/>
            </Step>
        </StepDependencies>
    </ModellingSteps>
</PharmML>