<?xml version="1.0" encoding="UTF-8"?>
<PharmML xmlns:xsi="http://www.w3.org/2001/XMLSchema-instance"
    xmlns="http://www.pharmml.org/pharmml/0.7/PharmML"
    xsi:schemaLocation="http://www.pharmml.org/pharmml/0.7/PharmML http://www.pharmml.org/pharmml/0.7/PharmML"
    xmlns:math="http://www.pharmml.org/pharmml/0.7/Maths"
    xmlns:ct="http://www.pharmml.org/pharmml/0.7/CommonTypes"
    xmlns:ds="http://www.pharmml.org/pharmml/0.7/Dataset"
    xmlns:mstep="http://www.pharmml.org/pharmml/0.7/ModellingSteps"
    xmlns:po="http://www.pharmml.org/probonto/ProbOnto"
    implementedBy="MJS" writtenVersion="0.7.1" id="i1">
    
    <ct:Name>Example 6 - PK with Poisson - joint model</ct:Name>
    
    <ct:Description>Joint PKPD model with a basic Poisson model</ct:Description>
    
    <IndependentVariable symbId="t"/>
    
    <!-- MODEL -->
    <ModelDefinition xmlns="http://www.pharmml.org/pharmml/0.7/ModelDefinition">
        
        <VariabilityModel blkId="vm1" type="parameterVariability">
            <Level symbId="subject"/>
        </VariabilityModel>
        
        <VariabilityModel blkId="vm2" type="residualError">
            <Level symbId="residual"/>
        </VariabilityModel>
        
        <ParameterModel blkId="pm1">
            <PopulationParameter symbId="ka"/>
            <PopulationParameter symbId="V"/>
            <PopulationParameter symbId="CL"/>
            <PopulationParameter symbId="lambda0"/>
            <PopulationParameter symbId="IC50"/>
            <!-- individual def with IIV omitted -->
        </ParameterModel>

        <!-- STRUCTURE -->
        <StructuralModel blkId="sm1">

            <!-- k -->
            <ct:Variable symbolType="real" symbId="k">
                <ct:Assign>
                    <math:Binop op="divide">
                        <ct:SymbRef blkIdRef="pm1" symbIdRef="CL"/>
                        <ct:SymbRef blkIdRef="pm1" symbIdRef="V"/>
                    </math:Binop>
                </ct:Assign>
            </ct:Variable>
            
            <!-- dAd/dt -->
            <ct:DerivativeVariable symbId="Ad" symbolType="real">
                <ct:Assign>
                    <math:Binop op="times">
                        <math:Uniop op="minus">
                            <ct:SymbRef blkIdRef="pm1" symbIdRef="ka"/>
                        </math:Uniop>
                        <ct:SymbRef symbIdRef="Ad"/>
                    </math:Binop>
                </ct:Assign>
            </ct:DerivativeVariable>
            
            <!-- dAc/dt -->
            <ct:DerivativeVariable symbId="Ac" symbolType="real">
                <ct:Assign>
                    <math:Binop op="minus">
                        <math:Binop op="times">
                            <ct:SymbRef blkIdRef="pm1" symbIdRef="ka"/>
                            <ct:SymbRef symbIdRef="Ad"/>
                        </math:Binop>
                        <math:Binop op="times">
                            <ct:SymbRef symbIdRef="k"/>
                            <ct:SymbRef symbIdRef="Ac"/>
                        </math:Binop>
                    </math:Binop>                        
                </ct:Assign>
            </ct:DerivativeVariable>
            
            <!-- Cc -->
            <ct:Variable symbolType="real" symbId="Cc">
                <ct:Assign>
                    <math:Binop op="divide">
                        <ct:SymbRef symbIdRef="Ac"/>
                        <ct:SymbRef blkIdRef="pm1" symbIdRef="V"/>
                    </math:Binop>
                </ct:Assign>
            </ct:Variable>
            
        </StructuralModel>
        
        <!-- Count data - observation model -->
        <ObservationModel blkId="om1">
            <Discrete>
                <CountData>
                    <CountVariable symbId="Y"/>
                    <NumberCounts symbId="k"/> <!-- optional, required for version B -->
                    
                    <!-- Poisson intensity - function of drug concentration, Cc -->                    
                    <IntensityParameter symbId="Lambda">
                        <ct:Assign>
                            <math:Binop op="times">
                                <ct:SymbRef blkIdRef="pm1" symbIdRef="lambda0"/>
                                <math:Binop op="minus">
                                    <ct:Real>1</ct:Real>
                                    <math:Binop op="divide">
                                        <ct:SymbRef blkIdRef="sm1" symbIdRef="Cc"/>
                                        <math:Binop op="plus">
                                            <ct:SymbRef blkIdRef="pm1" symbIdRef="IC50"/>
                                            <ct:SymbRef blkIdRef="sm1" symbIdRef="Cc"/>
                                        </math:Binop>
                                    </math:Binop>
                                </math:Binop>
                            </math:Binop>
                        </ct:Assign>
                    </IntensityParameter>
                    
                    <!-- version A -->
                    <PMF linkFunction="log">
                        <Distribution>
                            <po:ProbOnto name="Poisson1">
                                <po:Parameter name="rate">
                                    <ct:Assign>
                                        <ct:SymbRef symbIdRef="Lambda"/>
                                    </ct:Assign>
                                </po:Parameter>
                            </po:ProbOnto>
                        </Distribution>
                    </PMF>
                    
                    <!-- version B -->
                    <PMF linkFunction="log">
                        <math:LogicBinop op="eq">
                            <ct:SymbRef symbIdRef="Y"/>
                            <ct:SymbRef symbIdRef="k"/>
                        </math:LogicBinop>
                        <ct:Assign>
                            <math:Binop op="minus">
                                <math:Binop op="plus">
                                    <math:Uniop op="minus">
                                        <ct:SymbRef symbIdRef="Lambda"/>
                                    </math:Uniop>
                                    <math:Binop op="times">
                                        <ct:SymbRef symbIdRef="k"/>
                                        <math:Uniop op="log">
                                            <ct:SymbRef symbIdRef="Lambda"/>
                                        </math:Uniop>
                                    </math:Binop>
                                </math:Binop>
                                <math:Uniop op="factln">
                                    <ct:SymbRef symbIdRef="k"/>
                                </math:Uniop>
                            </math:Binop>
                        </ct:Assign>
                    </PMF>
                </CountData>
            </Discrete>
        </ObservationModel>
        
        <!-- Cc_obs -->
        <ObservationModel blkId="om2">
            <ContinuousData>
                <PopulationParameter symbId="a"/>
                <PopulationParameter symbId="b"/>
                <RandomVariable symbId="eps_Cc">
                    <ct:VariabilityReference>
                        <ct:SymbRef blkIdRef="vm2" symbIdRef="residual"/>
                    </ct:VariabilityReference>
                    <Distribution>
                        <po:ProbOnto name="Normal2">
                            <po:Parameter name="mean">
                                <ct:Assign>
                                    <ct:Real>0</ct:Real>
                                </ct:Assign>
                            </po:Parameter>
                            <po:Parameter name="var">
                                <ct:Assign>
                                    <ct:Real>1</ct:Real>
                                </ct:Assign>
                            </po:Parameter>
                        </po:ProbOnto>
                    </Distribution>
                </RandomVariable>
                <Standard symbId="Cc_obs">
                    <Output>
                        <ct:SymbRef blkIdRef="sm1" symbIdRef="Cc"/>
                    </Output>
                    <ErrorModel>
                        <ct:Assign>
                            <math:Binop op="plus">
                                <ct:SymbRef symbIdRef="a"/>
                                <math:Binop op="times">
                                    <ct:SymbRef symbIdRef="b"/>
                                    <ct:SymbRef blkIdRef="sm1" symbIdRef="Cc"/>
                                </math:Binop>
                            </math:Binop>
                        </ct:Assign>
                    </ErrorModel>
                    <ResidualError>
                        <ct:SymbRef symbIdRef="eps_Cc"/>
                    </ResidualError>
                </Standard>
            </ContinuousData>
        </ObservationModel>
    </ModelDefinition>
    
    
    <TrialDesign xmlns="http://www.pharmml.org/pharmml/0.7/TrialDesign">
        
        <!-- estimation data -->
        <ExternalDataSet toolName="NONMEM" oid="NMoid">
            <ColumnMapping>
                <ds:ColumnRef columnIdRef="TIME"/>
                <ct:SymbRef symbIdRef="t"/>
            </ColumnMapping>
            <ColumnMapping>
                <ds:ColumnRef columnIdRef="AMT"/>
                <ct:SymbRef blkIdRef="sm1" symbIdRef="Ad"/>
            </ColumnMapping>
            <MultipleDVMapping>
                <ds:ColumnRef columnIdRef="DV"/>
                <Piecewise>
                    <math:Piece>
                        <ct:SymbRef blkIdRef="om1" symbIdRef="Y"/>
                        <math:Condition>
                            <math:LogicBinop op="eq">
                                <ds:ColumnRef columnIdRef="DVID"/>
                                <ct:Int>2</ct:Int>
                            </math:LogicBinop>
                        </math:Condition>
                    </math:Piece>
                    <math:Piece>
                        <ct:SymbRef blkIdRef="om2" symbIdRef="Cc_obs"/>
                        <math:Condition>
                            <math:LogicBinop op="eq">
                                <ds:ColumnRef columnIdRef="DVID"/>
                                <ct:Int>1</ct:Int>
                            </math:LogicBinop>
                        </math:Condition>
                    </math:Piece>
                </Piecewise>
            </MultipleDVMapping>
            <ds:DataSet>
                <ds:Definition>
                    <ds:Column columnId="ID" columnType="id" valueType="string" columnNum="1"/>
                    <ds:Column columnId="TIME" columnType="idv" valueType="real" columnNum="2"/>
                    <ds:Column columnId="AMT" columnType="dose" valueType="real" columnNum="3"/>
                    <ds:Column columnId="DV" columnType="dv" valueType="real" columnNum="4"/>
                    <ds:Column columnId="DVID" columnType="dvid" valueType="real" columnNum="5"/>
                </ds:Definition>
                <ds:ExternalFile oid="dataOid">
                    <ds:path>datasets/example_poisson.csv</ds:path>
                </ds:ExternalFile>
            </ds:DataSet>
        </ExternalDataSet>
        
    </TrialDesign>
    
    
    <!-- MODELLINGS STEPS -->
    <mstep:ModellingSteps>    

        <!-- estStep1 -->
        <mstep:EstimationStep oid="estStep1">

            <mstep:ExternalDataSetReference>
                <ct:OidRef oidRef="NMoid"/>
            </mstep:ExternalDataSetReference>
            
            <mstep:ParametersToEstimate>
                <mstep:ParameterEstimation>
                    <ct:SymbRef blkIdRef="pm1" symbIdRef="ka"/>
                    <mstep:InitialEstimate>
                        <ct:Real>1</ct:Real>
                    </mstep:InitialEstimate>
                </mstep:ParameterEstimation>
                <!-- omitted other parameters -->
            </mstep:ParametersToEstimate>
            <mstep:Operation order="1" opType="estPop"/>
        </mstep:EstimationStep>

        <mstep:StepDependencies>
            <mstep:Step>
                <ct:OidRef oidRef="estStep1"/>
            </mstep:Step>
        </mstep:StepDependencies>
    </mstep:ModellingSteps>
</PharmML>
