<?xml version="1.0" encoding="UTF-8"?>
<PharmML xmlns:xsi="http://www.w3.org/2001/XMLSchema-instance"
    xmlns="http://www.pharmml.org/pharmml/0.7/PharmML"
    xsi:schemaLocation="http://www.pharmml.org/pharmml/0.7/PharmML http://www.pharmml.org/pharmml/0.7/PharmML"
    xmlns:math="http://www.pharmml.org/pharmml/0.7/Maths"
    xmlns:ct="http://www.pharmml.org/pharmml/0.7/CommonTypes"
    xmlns:ds="http://www.pharmml.org/pharmml/0.7/Dataset"
    xmlns:mdef="http://www.pharmml.org/pharmml/0.7/ModelDefinition"
    xmlns:mstep="http://www.pharmml.org/pharmml/0.7/ModellingSteps"
    xmlns:po="http://www.pharmml.org/probonto/ProbOnto"
    implementedBy="MJS" writtenVersion="0.7.1"
    metadataFile="example3_NONMEM.rdf" id="i1">
    
    <!-- MODEL NAME -->
    <ct:Name>Example 3 - Warfarin PK estimation (NONMMEM)</ct:Name>
    
    <ct:Description>Example 3 - basic Warfarin PK estimation with covariate W using NONMMEM dataset</ct:Description>
    
    <!-- INDEPENDENT VARIABLE -->
    <IndependentVariable symbId="t"/>
    
    <!-- FUNCTION DEFINITION -->
    <ct:FunctionDefinition  xmlns="http://www.pharmml.org/pharmml/0.7/CommonTypes" 
        symbId="combinedErrorModel" symbolType="real">
        <FunctionArgument symbolType="real" symbId="a"/>
        <FunctionArgument symbolType="real" symbId="b"/>
        <FunctionArgument symbolType="real" symbId="f"/>
        <Definition>
            <ct:Assign>
                <math:Binop op="plus">
                    <ct:SymbRef symbIdRef="a"/>
                    <math:Binop op="times">
                        <ct:SymbRef symbIdRef="b"/>
                        <ct:SymbRef symbIdRef="f"/>
                    </math:Binop>
                </math:Binop>
            </ct:Assign>
        </Definition>
    </ct:FunctionDefinition>

    <!-- MODEL DEFINITION -->
    <ModelDefinition xmlns="http://www.pharmml.org/pharmml/0.7/ModelDefinition">
        
        <!-- VARIABILITY MODEL -->
        <VariabilityModel blkId="vm1" type="parameterVariability">
            <Level symbId="indiv"/>
        </VariabilityModel>
        <VariabilityModel blkId="vm2" type="residualError">
            <Level symbId="residual"/>
        </VariabilityModel>
        
        <!-- COVARIATE MODEL -->
        <CovariateModel blkId="cm1">
            <Covariate symbId="W">
                <Continuous>
                    <Transformation>
                        <TransformedCovariate symbId="logWT70"/>
                        <ct:Assign>
                            <math:Uniop op="log">
                                <math:Binop op="divide">
                                    <ct:SymbRef symbIdRef="W"/>
                                    <ct:Real>70</ct:Real>
                                </math:Binop>
                            </math:Uniop>
                        </ct:Assign>
                    </Transformation>
                </Continuous>
            </Covariate>
        </CovariateModel>
        
        <!-- PARAMETER MODEL -->
        <ParameterModel blkId="pm1">
            <PopulationParameter symbId="pop_Tlag"/>
            <PopulationParameter symbId="omega_Tlag"/>
            <PopulationParameter symbId="pop_ka"/>
            <PopulationParameter symbId="omega_ka"/>
            <PopulationParameter symbId="pop_V"/>
            <PopulationParameter symbId="omega_V"/>
            <PopulationParameter symbId="beta_V"/>
            <PopulationParameter symbId="pop_CL"/>
            <PopulationParameter symbId="omega_CL"/>
            <PopulationParameter symbId="beta_CL"/>
            <!-- Tlag -->
            <RandomVariable symbId="eta_Tlag">
                <ct:VariabilityReference>
                    <ct:SymbRef blkIdRef="vm1" symbIdRef="indiv"/>
                </ct:VariabilityReference>
                <Distribution>
                    <po:ProbOnto name="Normal1">
                        <po:Parameter name="mean">
                            <ct:Assign>
                                <ct:Real>0</ct:Real>
                            </ct:Assign>
                        </po:Parameter>
                        <po:Parameter name="stdev">
                            <ct:Assign>
                                <ct:SymbRef symbIdRef="omega_Tlag"/>
                            </ct:Assign>
                        </po:Parameter>
                    </po:ProbOnto>
<!--                    <UncertML>
                        <NormalDistribution xmlns="http://www.uncertml.org/3.0" definition="http://www.uncertml.org/distributions/normal">
                            <mean>
                                <rVal>0</rVal></mean>
                            <stddev>
                                <var varId="omega_Tlag"/>
                            </stddev>
                        </NormalDistribution>
                    </UncertML>-->
                </Distribution>
            </RandomVariable>
            <IndividualParameter symbId="Tlag">
                <StructuredModel>
                    <Transformation type="log"/>
                    <LinearCovariate>
                        <PopulationValue>
                            <ct:Assign>
                                <ct:SymbRef symbIdRef="pop_Tlag"/>
                            </ct:Assign>
                        </PopulationValue>
                    </LinearCovariate>
                    <RandomEffects>
                        <ct:SymbRef symbIdRef="eta_Tlag"/>
                    </RandomEffects>
                </StructuredModel>
            </IndividualParameter>
            <!-- ka -->
            <RandomVariable symbId="eta_ka">
                <ct:VariabilityReference>
                    <ct:SymbRef blkIdRef="vm1" symbIdRef="indiv"/>
                </ct:VariabilityReference>
                <Distribution>
                    <po:ProbOnto name="Normal1">
                        <po:Parameter name="mean">
                            <ct:Assign>
                                <ct:Real>0</ct:Real>
                            </ct:Assign>
                        </po:Parameter>
                        <po:Parameter name="stdev">
                            <ct:Assign>
                                <ct:SymbRef symbIdRef="omega_ka"/>
                            </ct:Assign>
                        </po:Parameter>
                    </po:ProbOnto>
<!--                    <UncertML>
                        <NormalDistribution xmlns="http://www.uncertml.org/3.0" definition="http://www.uncertml.org/distributions/normal">
                            <mean>
                                <rVal>0</rVal></mean>
                            <stddev>
                                <var varId="omega_ka"/>
                            </stddev>
                        </NormalDistribution>
                    </UncertML>-->
                </Distribution>
            </RandomVariable>
            <IndividualParameter symbId="ka">
                <StructuredModel>
                    <Transformation type="log"/>
                    <LinearCovariate>
                        <PopulationValue>
                            <ct:Assign>
                                <ct:SymbRef symbIdRef="pop_ka"/>
                            </ct:Assign>
                        </PopulationValue>
                    </LinearCovariate>
                    <RandomEffects>
                        <ct:SymbRef symbIdRef="eta_ka"/>
                    </RandomEffects>
                </StructuredModel>
            </IndividualParameter>
            <!-- V -->
            <RandomVariable symbId="eta_V">
                <ct:VariabilityReference>
                    <ct:SymbRef blkIdRef="vm1" symbIdRef="indiv"/>
                </ct:VariabilityReference>
                <Distribution>
                    <po:ProbOnto name="Normal1">
                        <po:Parameter name="mean">
                            <ct:Assign>
                                <ct:Real>0</ct:Real>
                            </ct:Assign>
                        </po:Parameter>
                        <po:Parameter name="stdev">
                            <ct:Assign>
                                <ct:SymbRef symbIdRef="omega_V"/>
                            </ct:Assign>
                        </po:Parameter>
                    </po:ProbOnto>
                </Distribution>
            </RandomVariable>
            <IndividualParameter symbId="V">
                <StructuredModel>
                    <Transformation type="log"/>
                    <LinearCovariate>
                        <PopulationValue>
                            <ct:Assign>
                                <ct:SymbRef symbIdRef="pop_V"/>
                            </ct:Assign>
                        </PopulationValue>
                        <Covariate>
                            <ct:SymbRef blkIdRef="cm1" symbIdRef="logWT70"/>
                            <FixedEffect>
                                <ct:SymbRef symbIdRef="beta_V"/>
                            </FixedEffect>
                        </Covariate>
                    </LinearCovariate>
                    <RandomEffects>
                        <ct:SymbRef symbIdRef="eta_V"/>
                    </RandomEffects>
                </StructuredModel>
            </IndividualParameter>
            <!-- CL -->
            <RandomVariable symbId="eta_CL">
                <ct:VariabilityReference>
                    <ct:SymbRef blkIdRef="vm1" symbIdRef="indiv"/>
                </ct:VariabilityReference>
                <Distribution>
                    <po:ProbOnto name="Normal1">
                        <po:Parameter name="mean">
                            <ct:Assign>
                                <ct:Real>0</ct:Real>
                            </ct:Assign>
                        </po:Parameter>
                        <po:Parameter name="stdev">
                            <ct:Assign>
                                <ct:SymbRef symbIdRef="omega_CL"/>
                            </ct:Assign>
                        </po:Parameter>
                    </po:ProbOnto>
<!--                    <UncertML>
                        <NormalDistribution xmlns="http://www.uncertml.org/3.0" definition="http://www.uncertml.org/distributions/normal">
                            <mean>
                                <rVal>0</rVal></mean>
                            <stddev>
                                <var varId="omega_CL"/>
                            </stddev>
                        </NormalDistribution>
                    </UncertML>-->
                </Distribution>
            </RandomVariable>
            <IndividualParameter symbId="CL">
                <StructuredModel>
                    <Transformation type="log"/>
                    <LinearCovariate>
                        <PopulationValue>
                            <ct:Assign>
                                <ct:SymbRef symbIdRef="pop_CL"/>
                            </ct:Assign>
                        </PopulationValue>
                        <Covariate>
                            <ct:SymbRef blkIdRef="cm1" symbIdRef="logWT70"/>
                            <FixedEffect>
                                <ct:SymbRef symbIdRef="beta_CL"/>
                            </FixedEffect>
                        </Covariate>
                    </LinearCovariate>
                    <RandomEffects>
                        <ct:SymbRef symbIdRef="eta_CL"/>
                    </RandomEffects>
                </StructuredModel>
            </IndividualParameter>
        </ParameterModel>
        
        <!-- STRUCTURAL MODEL -->
        <StructuralModel blkId="sm1">
            <!-- k -->
            <PopulationParameter symbId="k">
                <ct:Assign>
                    <math:Binop op="divide">
                        <ct:SymbRef blkIdRef="pm1" symbIdRef="CL"/>
                        <ct:SymbRef blkIdRef="pm1" symbIdRef="V"/>
                    </math:Binop>
                </ct:Assign>
            </PopulationParameter>
            <!-- dosing variables -->
            <ct:Variable symbolType="real" symbId="D"/>
            <ct:Variable symbolType="real" symbId="tD"/>
            <!-- C - algebraic formula -->
            <ct:Variable symbolType="real" symbId="C">
                <ct:Assign>
                    <ct:Piecewise>
                        <math:Piece>
                            <ct:Real>0</ct:Real>
                            <math:Condition>
                                <math:LogicBinop op="lt">
                                    <math:Binop op="minus">
                                        <ct:SymbRef symbIdRef="t"/>
                                        <ct:SymbRef symbIdRef="tD"/>
                                    </math:Binop>
                                    <ct:SymbRef blkIdRef="pm1" symbIdRef="Tlag"/>
                                </math:LogicBinop>
                            </math:Condition>
                        </math:Piece>
                        <math:Piece>
                            <math:Binop op="times">
                                <math:Binop op="divide">
                                    <math:Binop op="times">
                                        <ct:SymbRef symbIdRef="D"/>
                                        <ct:SymbRef blkIdRef="pm1" symbIdRef="ka"/>
                                    </math:Binop>
                                    <math:Binop op="times">
                                        <ct:SymbRef blkIdRef="pm1" symbIdRef="V"/>
                                        <math:Binop op="minus">
                                            <ct:SymbRef blkIdRef="pm1" symbIdRef="ka"/>
                                            <ct:SymbRef symbIdRef="k"/>
                                        </math:Binop>
                                    </math:Binop>
                                </math:Binop>
                                <math:Binop op="minus">
                                    <math:Uniop op="exp">
                                        <math:Binop op="times">
                                            <math:Uniop op="minus">
                                                <ct:SymbRef symbIdRef="k"/>
                                            </math:Uniop>
                                            <math:Binop op="minus">
                                                <math:Binop op="minus">
                                                    <ct:SymbRef symbIdRef="t"/>
                                                    <ct:SymbRef symbIdRef="tD"/>
                                                </math:Binop>
                                                <ct:SymbRef blkIdRef="pm1" symbIdRef="Tlag"/>
                                            </math:Binop>
                                        </math:Binop>
                                    </math:Uniop>
                                    <math:Uniop op="exp">
                                        <math:Binop op="times">
                                            <math:Uniop op="minus">
                                                <ct:SymbRef blkIdRef="pm1" symbIdRef="ka"/>
                                            </math:Uniop>
                                            <math:Binop op="minus">
                                                <math:Binop op="minus">
                                                    <ct:SymbRef symbIdRef="t"/>
                                                    <ct:SymbRef symbIdRef="tD"/>
                                                </math:Binop>
                                                <ct:SymbRef blkIdRef="pm1" symbIdRef="Tlag"/>
                                            </math:Binop>
                                        </math:Binop>
                                    </math:Uniop>                                        
                                </math:Binop>
                            </math:Binop>
                            <math:Condition>
                                <math:Otherwise/>
                            </math:Condition>
                        </math:Piece>
                    </ct:Piecewise>                        
                </ct:Assign>
            </ct:Variable>
        </StructuralModel>
        
        <!-- OBSERVATION MODEL -->
        <ObservationModel blkId="om1">
            <ContinuousData>
                <PopulationParameter symbId="a"/>
                <PopulationParameter symbId="b"/>
                <RandomVariable symbId="epsilon_C">
                    <ct:VariabilityReference>
                        <ct:SymbRef blkIdRef="vm2" symbIdRef="residual"/>
                    </ct:VariabilityReference>
                    <Distribution>
                        <po:ProbOnto name="Normal2">
                            <po:Parameter name="mean">
                                <ct:Assign>
                                    <ct:Real>0</ct:Real>
                                </ct:Assign>
                            </po:Parameter>
                            <po:Parameter name="var">
                                <ct:Assign>
                                    <ct:Real>1</ct:Real>
                                </ct:Assign>
                            </po:Parameter>
                        </po:ProbOnto>
<!--                        <UncertML>
                            <NormalDistribution xmlns="http://www.uncertml.org/3.0" definition="http://www.uncertml.org/distributions/normal">
                                <mean>
                                    <rVal>0</rVal>
                                </mean>
                                <variance>
                                    <prVal>1</prVal>
                                </variance>
                            </NormalDistribution>
                        </UncertML>-->
                    </Distribution>
                </RandomVariable>
                <Standard symbId="C_obs">
                    <Output>
                        <ct:SymbRef blkIdRef="sm1" symbIdRef="C"/>
                    </Output>
                    <ErrorModel>
                        <ct:Assign>
                            <math:FunctionCall>
                                <ct:SymbRef symbIdRef="combinedErrorModel"/>
                                <math:FunctionArgument symbId="a">
                                    <ct:SymbRef symbIdRef="a"/>
                                </math:FunctionArgument>
                                <math:FunctionArgument symbId="b">
                                    <ct:SymbRef symbIdRef="b"/>
                                </math:FunctionArgument>
                                <math:FunctionArgument symbId="f">
                                    <ct:SymbRef blkIdRef="sm1" symbIdRef="C"/>
                                </math:FunctionArgument>
                            </math:FunctionCall>
                        </ct:Assign>
                    </ErrorModel>
                    <ResidualError>
                        <ct:SymbRef symbIdRef="epsilon_C"/>
                    </ResidualError>
                </Standard>
            </ContinuousData>
        </ObservationModel>
    </ModelDefinition>
    
    <TrialDesign xmlns="http://www.pharmml.org/pharmml/0.7/TrialDesign">
        
        <ExternalDataSet toolName="NONMEM" oid="NMoid">
            <ColumnMapping>
                <ds:ColumnRef columnIdRef="ID"/>
                <ct:SymbRef blkIdRef="vm1" symbIdRef="indiv"/>
            </ColumnMapping>
            <ColumnMapping>
                <ds:ColumnRef columnIdRef="TIME"/>
                <ct:SymbRef symbIdRef="t"/>
            </ColumnMapping>
            <ColumnMapping>
                <ds:ColumnRef columnIdRef="WT"/>
                <ct:SymbRef blkIdRef="cm1" symbIdRef="W"/>
            </ColumnMapping>
            <ColumnMapping>
                <ds:ColumnRef columnIdRef="DV"/>
                <ct:SymbRef blkIdRef="om1" symbIdRef="C_obs"/>
            </ColumnMapping>
            <ColumnMapping>
                <ColumnRef xmlns="http://www.pharmml.org/pharmml/0.7/Dataset" columnIdRef="AMT"/>
                <ct:SymbRef blkIdRef="sm1" symbIdRef="D"/>
            </ColumnMapping>
            <ColumnMapping>
                <ColumnRef xmlns="http://www.pharmml.org/pharmml/0.7/Dataset" columnIdRef="TIME"/>
                <Piecewise xmlns="http://www.pharmml.org/pharmml/0.7/Dataset">
                    <math:Piece>
                        <ct:SymbRef blkIdRef="sm1" symbIdRef="tD"/>
                        <math:Condition>
                            <math:LogicBinop op="neq">
                                <ColumnRef columnIdRef="AMT"/>
                                <ct:Real>0</ct:Real>
                            </math:LogicBinop>
                        </math:Condition>
                    </math:Piece>
                </Piecewise>
            </ColumnMapping>
            <ds:DataSet>
                <ds:Definition>
                    <ds:Column columnId="ID" columnType="id" valueType="string" columnNum="1"/>
                    <ds:Column columnId="TIME" columnType="time" valueType="real" columnNum="2"/>
                    <ds:Column columnId="WT" columnType="covariate" valueType="real" columnNum="3"/>
                    <ds:Column columnId="AMT" columnType="dose" valueType="real" columnNum="4"/>
                    <ds:Column columnId="DVID" columnType="dvid" valueType="real" columnNum="5"/>
                    <ds:Column columnId="DV" columnType="dv" valueType="real" columnNum="6"/>
                    <ds:Column columnId="MDV" columnType="mdv" valueType="real" columnNum="7"/>
                </ds:Definition>
                <ds:ExternalFile oid="dataOid">
                    <ds:path>example3.csv</ds:path>
                    <ds:format>CSV</ds:format>
                    <ds:delimiter>COMMA</ds:delimiter>
                </ds:ExternalFile>
            </ds:DataSet>
        </ExternalDataSet>
        
    </TrialDesign>
    
    <!-- MODELLING STEPS -->
    <ModellingSteps xmlns="http://www.pharmml.org/pharmml/0.7/ModellingSteps">
        
        <!-- ESTIMATION -->
        <EstimationStep oid="estimStep1">
            
            <ExternalDataSetReference>
                <ct:OidRef oidRef="NMoid"/>
            </ExternalDataSetReference>
            
            <!-- PARAMETERS TO ESTIMATE -->
            <ParametersToEstimate>
                <!-- V -->
                <ParameterEstimation>
                    <ct:SymbRef blkIdRef="pm1" symbIdRef="pop_V"/>
                    <InitialEstimate fixed="false">
                        <ct:Real>10</ct:Real>
                    </InitialEstimate>
                </ParameterEstimation>
                <ParameterEstimation>
                    <ct:SymbRef blkIdRef="pm1" symbIdRef="omega_V"/>
                    <InitialEstimate fixed="false">
                        <ct:Real>1</ct:Real>
                    </InitialEstimate>
                </ParameterEstimation>
                <ParameterEstimation>
                    <ct:SymbRef blkIdRef="pm1" symbIdRef="beta_V"/>
                    <mstep:InitialEstimate fixed="false">
                        <ct:Real>1</ct:Real>
                    </mstep:InitialEstimate>
                </ParameterEstimation>
                <!-- CL -->
                <ParameterEstimation>
                    <ct:SymbRef blkIdRef="pm1" symbIdRef="pop_CL"/>
                    <InitialEstimate fixed="false">
                        <ct:Real>5</ct:Real>
                    </InitialEstimate>
                </ParameterEstimation>
                <ParameterEstimation>
                    <ct:SymbRef blkIdRef="pm1" symbIdRef="omega_CL"/>
                    <mstep:InitialEstimate fixed="false">
                        <ct:Real>1</ct:Real>
                    </mstep:InitialEstimate>
                </ParameterEstimation>
                <ParameterEstimation>
                    <ct:SymbRef blkIdRef="pm1" symbIdRef="beta_CL"/>
                    <mstep:InitialEstimate fixed="false">
                        <ct:Real>1</ct:Real>
                    </mstep:InitialEstimate>
                </ParameterEstimation>
                <!-- Tlag -->
                <ParameterEstimation>
                    <ct:SymbRef blkIdRef="pm1" symbIdRef="pop_Tlag"/>
                    <InitialEstimate fixed="false">
                        <ct:Real>5</ct:Real>
                    </InitialEstimate>
                </ParameterEstimation>
                <ParameterEstimation>
                    <ct:SymbRef blkIdRef="pm1" symbIdRef="omega_Tlag"/>
                    <mstep:InitialEstimate fixed="false">
                        <ct:Real>1</ct:Real>
                    </mstep:InitialEstimate>
                </ParameterEstimation>
                <!-- ka -->
                <ParameterEstimation>
                    <ct:SymbRef blkIdRef="pm1" symbIdRef="pop_ka"/>
                    <InitialEstimate fixed="false">
                        <ct:Real>5</ct:Real>
                    </InitialEstimate>
                </ParameterEstimation>
                <ParameterEstimation>
                    <ct:SymbRef blkIdRef="pm1" symbIdRef="omega_ka"/>
                    <mstep:InitialEstimate fixed="false">
                        <ct:Real>1</ct:Real>
                    </mstep:InitialEstimate>
                </ParameterEstimation>                
                <!-- a -->
                <ParameterEstimation>
                    <ct:SymbRef blkIdRef="om1" symbIdRef="a"/>
                    <InitialEstimate fixed="false">
                        <ct:Real>.5</ct:Real>
                    </InitialEstimate>
                </ParameterEstimation>
                <!-- b -->
                <ParameterEstimation>
                    <ct:SymbRef blkIdRef="om1" symbIdRef="b"/>
                    <mstep:InitialEstimate fixed="false">
                        <ct:Real>1</ct:Real>
                    </mstep:InitialEstimate>
                </ParameterEstimation>                
            </ParametersToEstimate>
            
            <!-- OPERATION -->
            <Operation order="1" opType="estPop">
                <ct:Description>Estimate the population parameters in the model.</ct:Description>
                <Property name="software-tool-name">
                    <ct:Assign>
                        <ct:String>NONMEM</ct:String>
                    </ct:Assign>
                </Property>
                <Property name="software-tool-version">
                    <ct:Assign>
                        <ct:Real>7.3</ct:Real>
                    </ct:Assign>
                </Property>
                <Algorithm definition="FOCEI">
                    <Property name="tolerance">
                        <ct:Assign><ct:Int>1</ct:Int></ct:Assign>
                    </Property>
                </Algorithm>
            </Operation>
            <Operation order="2" opType="estFIM"/>
            <Operation order="3" opType="estIndiv"/>
        </EstimationStep>
        
        <!-- STEP DEPENDENCIES -->
        <mstep:StepDependencies>
            <mstep:Step>
                <ct:OidRef oidRef="estimStep1"/>
            </mstep:Step>
        </mstep:StepDependencies>
    </ModellingSteps>
</PharmML>