<?xml version="1.0" encoding="UTF-8"?>
<PharmML xmlns="http://www.pharmml.org/pharmml/0.7/PharmML"
    xmlns:xsi="http://www.w3.org/2001/XMLSchema-instance"
    xsi:schemaLocation="http://www.pharmml.org/pharmml/0.7/PharmML http://www.pharmml.org/pharmml/0.7/PharmML"
    xmlns:math="http://www.pharmml.org/pharmml/0.7/Maths"
    xmlns:ct="http://www.pharmml.org/pharmml/0.7/CommonTypes"
    xmlns:ds="http://www.pharmml.org/pharmml/0.7/Dataset"
    xmlns:design="http://www.pharmml.org/pharmml/0.7/TrialDesign"
    xmlns:mdef="http://www.pharmml.org/pharmml/0.7/ModelDefinition"
    xmlns:po="http://www.pharmml.org/probonto/ProbOnto"
    implementedBy="MJS" writtenVersion="0.7.1"
    metadataFile="example4.rdf" id="i1">
    
    <!-- MODEL NAME -->
    <ct:Name>Example 4 - estimation with IOV1 (TrialDesign)</ct:Name>
    
    <ct:Description>Example 4 - estimation with IOV1 and with covariates (TrialDesign)</ct:Description>
    
    <!-- INDEPENDENT VARIABLE -->
    <IndependentVariable symbId="t"/>

    <!-- FUNCTION DEFINITION -->
    <ct:FunctionDefinition symbId="combinedErrorModel" symbolType="real">
        <ct:FunctionArgument symbId="a" symbolType="real"/>
        <ct:FunctionArgument symbId="b" symbolType="real"/>
        <ct:FunctionArgument symbId="f" symbolType="real"/>
        <ct:Definition>
            <ct:Assign>
                <math:Binop op="plus">
                    <ct:SymbRef symbIdRef="a"/>
                    <math:Binop op="times">
                        <ct:SymbRef symbIdRef="b"/>
                        <ct:SymbRef symbIdRef="f"/>
                    </math:Binop>
                </math:Binop>
            </ct:Assign>
        </ct:Definition>
    </ct:FunctionDefinition>
    
    <!-- MODEL DEFINITION -->
    <ModelDefinition xmlns="http://www.pharmml.org/pharmml/0.7/ModelDefinition">
    
        <!-- VARIABILITY MODEL -->
        <VariabilityModel blkId="vm1" type="parameterVariability">
            <Level referenceLevel="true" symbId="indiv"/>
            <Level symbId="iov1">
                <ParentLevel>
                    <ct:SymbRef symbIdRef="indiv"/>
                </ParentLevel>
            </Level>
        </VariabilityModel>
        
        <VariabilityModel blkId="vm2" type="residualError">
            <Level symbId="resErr"/>
        </VariabilityModel>
        
        <!-- COVARIATE MODEL -->
        <CovariateModel blkId="cm1">
            <Covariate symbId="Sex">
                <Categorical>
                    <Category catId="F"/>
                    <Category catId="M"/>
                </Categorical>
            </Covariate>
            <Covariate symbId="Treat">
                <Categorical>
                    <Category catId="A"/>
                    <Category catId="B"/>
                </Categorical>
            </Covariate>
            <Covariate symbId="TreatSeq">
                <Categorical>
                    <Category catId="AB"/>
                    <Category catId="BA"/>
                </Categorical>
            </Covariate>
            <Covariate symbId="Occasion">
                <Categorical>
                    <Category catId="occ1"/>
                    <Category catId="occ2"/>
                </Categorical>
            </Covariate>
        </CovariateModel>

        <!-- PARAMETER MODEL -->
        <ParameterModel blkId="pm1">
            <!-- ka -->
            <PopulationParameter symbId="omega_ka"/>
            <PopulationParameter symbId="pop_ka"/>
            <PopulationParameter symbId="beta_ka_treatseq"/>
            <PopulationParameter symbId="k"/>
            <RandomVariable symbId="eta_ka">
                <ct:VariabilityReference>
                    <ct:SymbRef blkIdRef="vm1" symbIdRef="indiv"/>
                </ct:VariabilityReference>
                <Distribution>
                    <po:ProbOnto name="Normal1">
                        <po:Parameter name="mean">
                            <ct:Assign>
                                <ct:Real>0</ct:Real>
                            </ct:Assign>
                        </po:Parameter>
                        <po:Parameter name="stdev">
                            <ct:Assign>
                                <ct:SymbRef symbIdRef="omega_ka"/>
                            </ct:Assign>
                        </po:Parameter>
                    </po:ProbOnto>
                </Distribution>
            </RandomVariable>
            <IndividualParameter symbId="ka">
                <StructuredModel>
                    <Transformation type="log"/>
                    <LinearCovariate>
                        <PopulationValue>
                            <ct:Assign><ct:SymbRef symbIdRef="pop_ka"/></ct:Assign>
                        </PopulationValue>
                        <Covariate>
                            <ct:SymbRef blkIdRef="cm1" symbIdRef="TreatSeq"/>
                            <FixedEffect>
                                <ct:SymbRef symbIdRef="beta_ka_treatseq"/>
                                <Category catId="AB"/>
                            </FixedEffect>
                        </Covariate>
                    </LinearCovariate>
                    <RandomEffects>
                        <ct:SymbRef symbIdRef="eta_ka"/>
                    </RandomEffects>
                </StructuredModel>
            </IndividualParameter>
            <!-- V -->
            <PopulationParameter symbId="pop_V"/>
            <PopulationParameter symbId="omega_V"/>
            <PopulationParameter symbId="gamma_V"/>
            <PopulationParameter symbId="beta_V"/>
            <PopulationParameter symbId="beta_V_occ1"/>
            <PopulationParameter symbId="beta_V_Treat"/>
            <PopulationParameter symbId="beta_V_TreatSeq"/>
            <RandomVariable symbId="eta_V">
                <ct:VariabilityReference>
                    <ct:SymbRef blkIdRef="vm1" symbIdRef="indiv"/>
                </ct:VariabilityReference>
                <Distribution>
                    <po:ProbOnto name="Normal1">
                        <po:Parameter name="mean">
                            <ct:Assign>
                                <ct:Real>0</ct:Real>
                            </ct:Assign>
                        </po:Parameter>
                        <po:Parameter name="stdev">
                            <ct:Assign>
                                <ct:SymbRef symbIdRef="omega_V"/>
                            </ct:Assign>
                        </po:Parameter>
                    </po:ProbOnto>
                </Distribution>
            </RandomVariable>
            <RandomVariable symbId="kappa_V">
                <ct:VariabilityReference>
                    <ct:SymbRef blkIdRef="vm1" symbIdRef="iov1"/>
                </ct:VariabilityReference>
                <Distribution>
                    <po:ProbOnto name="Normal1">
                        <po:Parameter name="mean">
                            <ct:Assign>
                                <ct:Real>0</ct:Real>
                            </ct:Assign>
                        </po:Parameter>
                        <po:Parameter name="stdev">
                            <ct:Assign>
                                <ct:SymbRef symbIdRef="gamma_ka"/>
                            </ct:Assign>
                        </po:Parameter>
                    </po:ProbOnto>
                </Distribution>
            </RandomVariable>
            <IndividualParameter symbId="V">
                <StructuredModel>
                    <Transformation type="log"/>
                    <LinearCovariate>
                        <PopulationValue>
                            <ct:Assign><ct:SymbRef symbIdRef="pop_V"/></ct:Assign>
                        </PopulationValue>
                        <Covariate>
                            <ct:SymbRef blkIdRef="cm1" symbIdRef="Sex"/>
                            <FixedEffect>
                                <ct:SymbRef symbIdRef="beta_V"/>
                                <Category catId="F"/>
                            </FixedEffect>
                        </Covariate>
                        <Covariate>
                            <ct:SymbRef blkIdRef="cm1" symbIdRef="Occasion"/>
                            <FixedEffect>
                                <ct:SymbRef symbIdRef="beta_V_occ1"/>
                                <Category catId="occ1"/>
                            </FixedEffect>
                        </Covariate>
                        <Covariate>
                            <ct:SymbRef blkIdRef="cm1" symbIdRef="Treat"/>
                            <FixedEffect>
                                <ct:SymbRef symbIdRef="beta_V_Treat"/>
                                <Category catId="A"/>
                            </FixedEffect>
                        </Covariate>
                        <Covariate>
                            <ct:SymbRef blkIdRef="cm1" symbIdRef="TreatSeq"/>
                            <FixedEffect>
                                <ct:SymbRef symbIdRef="beta_V_TreatSeq"/>
                                <Category catId="AB"/>
                            </FixedEffect>
                        </Covariate>
                    </LinearCovariate>
                    <RandomEffects>
                        <ct:SymbRef symbIdRef="eta_V"/>
                    </RandomEffects>
                    <RandomEffects>
                        <ct:SymbRef symbIdRef="kappa_V"/>
                    </RandomEffects>
                </StructuredModel>
            </IndividualParameter>
            <!-- CL -->
            <PopulationParameter symbId="omega_CL"/>
            <PopulationParameter symbId="gamma_CL"/>
            <PopulationParameter symbId="pop_CL"/>
            <PopulationParameter symbId="beta_CL_occ1"/>
            <PopulationParameter symbId="beta_CL"/>
            <RandomVariable symbId="eta_CL">
                <ct:VariabilityReference>
                    <ct:SymbRef blkIdRef="vm1" symbIdRef="indiv"/>
                </ct:VariabilityReference>
                <Distribution>
                    <po:ProbOnto name="Normal1">
                        <po:Parameter name="mean">
                            <ct:Assign>
                                <ct:Real>0</ct:Real>
                            </ct:Assign>
                        </po:Parameter>
                        <po:Parameter name="stdev">
                            <ct:Assign>
                                <ct:SymbRef symbIdRef="omega_CL"/>
                            </ct:Assign>
                        </po:Parameter>
                    </po:ProbOnto>
                </Distribution>
            </RandomVariable>
            <RandomVariable symbId="kappa_CL">
                <ct:VariabilityReference>
                    <ct:SymbRef blkIdRef="vm1" symbIdRef="iov1"/>
                </ct:VariabilityReference>
                <Distribution>
                    <po:ProbOnto name="Normal1">
                        <po:Parameter name="mean">
                            <ct:Assign>
                                <ct:Real>0</ct:Real>
                            </ct:Assign>
                        </po:Parameter>
                        <po:Parameter name="stdev">
                            <ct:Assign>
                                <ct:SymbRef symbIdRef="gamma_CL"/>
                            </ct:Assign>
                        </po:Parameter>
                    </po:ProbOnto>
                </Distribution>
            </RandomVariable>
            <IndividualParameter symbId="CL">
                <StructuredModel>
                    <Transformation type="log"/>
                    <LinearCovariate>
                        <PopulationValue>
                            <ct:Assign><ct:SymbRef symbIdRef="pop_CL"/></ct:Assign>
                        </PopulationValue>
                        <Covariate>
                            <ct:SymbRef blkIdRef="cm1" symbIdRef="Sex"/>
                            <FixedEffect>
                                <ct:SymbRef symbIdRef="beta_CL"/>
                                <Category catId="F"/>
                            </FixedEffect>
                        </Covariate>
                        <Covariate>
                            <ct:SymbRef blkIdRef="cm1" symbIdRef="Occasion"/>
                            <FixedEffect>
                                <ct:SymbRef symbIdRef="beta_CL_occ1"/>
                                <Category catId="occ1"/>
                            </FixedEffect>
                        </Covariate>
                    </LinearCovariate>
                    <RandomEffects>
                        <ct:SymbRef symbIdRef="eta_CL"/>
                    </RandomEffects>
                    <RandomEffects>
                        <ct:SymbRef symbIdRef="kappa_CL"/>
                    </RandomEffects>
                </StructuredModel>
            </IndividualParameter>
        </ParameterModel>
        
        <!-- STRUCTURAL MODEL -->
        <StructuralModel blkId="sm1">
            <ct:Variable symbolType="real" symbId="D"/>
            <ct:Variable symbolType="real" symbId="tD"/>
            <ct:Variable symbolType="real" symbId="Cc">
                <ct:Assign>
                    <math:Binop op="times">
                        <math:Binop op="divide">
                            <ct:SymbRef symbIdRef="D"/>
                            <ct:SymbRef blkIdRef="pm1" symbIdRef="V"/>
                        </math:Binop>
                        <math:Binop op="times">
                            <math:Binop op="divide">
                                <ct:SymbRef blkIdRef="pm1" symbIdRef="ka"/>
                                <math:Binop op="minus">
                                    <ct:SymbRef blkIdRef="pm1" symbIdRef="ka"/>
                                    <ct:SymbRef blkIdRef="pm1" symbIdRef="k"/>
                                </math:Binop>
                            </math:Binop>
                            <math:Binop op="minus">
                                <math:Uniop op="exp">
                                    <math:Binop op="times">
                                        <math:Uniop op="minus">
                                            <ct:SymbRef blkIdRef="pm1" symbIdRef="k"/>
                                        </math:Uniop>
                                        <math:Binop op="minus">
                                            <ct:SymbRef symbIdRef="t"/>
                                            <ct:SymbRef symbIdRef="tD"/>
                                        </math:Binop>
                                    </math:Binop>
                                </math:Uniop>
                                <math:Uniop op="exp">
                                    <math:Binop op="times">
                                        <math:Uniop op="minus">
                                            <ct:SymbRef blkIdRef="pm1" symbIdRef="ka"/>
                                        </math:Uniop>
                                        <math:Binop op="minus">
                                            <ct:SymbRef symbIdRef="t"/>
                                            <ct:SymbRef symbIdRef="tD"/>
                                        </math:Binop>
                                    </math:Binop>
                                </math:Uniop>
                            </math:Binop>
                        </math:Binop>
                    </math:Binop>
                </ct:Assign>
            </ct:Variable>
        </StructuralModel>
        
        <!-- OBSERVATION MODEL -->
        <ObservationModel blkId="om1">
            <ContinuousData>
                <PopulationParameter symbId="a"/>
                <PopulationParameter symbId="b"/>
                <RandomVariable symbId="epsilon_Cc">
                    <ct:VariabilityReference>
                        <ct:SymbRef blkIdRef="vm2" symbIdRef="resErr"/>
                    </ct:VariabilityReference>
                    <Distribution>
                        <po:ProbOnto name="Normal1">
                            <po:Parameter name="mean">
                                <ct:Assign>
                                    <ct:Real>0</ct:Real>
                                </ct:Assign>
                            </po:Parameter>
                            <po:Parameter name="stdev">
                                <ct:Assign>
                                    <ct:Real>1</ct:Real>
                                </ct:Assign>
                            </po:Parameter>
                        </po:ProbOnto>
                    </Distribution>
                </RandomVariable>
                <Standard symbId="Cc_obs"> 
                    <Output>
                        <ct:SymbRef blkIdRef="sm1" symbIdRef="Cc"/>
                    </Output>
                    <ErrorModel>
                        <ct:Assign>
                            <math:FunctionCall>
                                <ct:SymbRef symbIdRef="combinedErrorModel"/>
                                <math:FunctionArgument symbId="a">
                                    <ct:SymbRef symbIdRef="a"/>
                                </math:FunctionArgument>
                                <math:FunctionArgument symbId="b">
                                    <ct:SymbRef symbIdRef="b"/>
                                </math:FunctionArgument>
                                <math:FunctionArgument symbId="f">
                                    <ct:SymbRef symbIdRef="Cc"/>
                                </math:FunctionArgument>
                            </math:FunctionCall>
                        </ct:Assign>
                    </ErrorModel>
                    <ResidualError>
                        <ct:SymbRef symbIdRef="epsilon_Cc"/>
                    </ResidualError>
                </Standard>
            </ContinuousData>
        </ObservationModel>
    </ModelDefinition>
    
    <!-- TRIAL DESIGN -->
    <TrialDesign xmlns="http://www.pharmml.org/pharmml/0.7/TrialDesign">

        <Interventions>
            <Administration oid="d1">
                <Bolus>
                    <DoseAmount inputTarget="parameter">
                        <ct:SymbRef blkIdRef="sm1" symbIdRef="D"/>
                        <ct:Assign>
                            <ct:Real>150</ct:Real>
                        </ct:Assign>
                    </DoseAmount>
                    <DosingTimes>
                        <ct:SymbRef blkIdRef="sm1" symbIdRef="tD"/>
                        <ct:Assign>
                            <ct:Sequence>
                                <ct:Begin><ct:Real>0</ct:Real></ct:Begin>
                                <ct:StepSize><ct:Real>12</ct:Real></ct:StepSize>
                                <ct:End><ct:Real>72</ct:Real></ct:End>
                            </ct:Sequence>
                        </ct:Assign>
                    </DosingTimes>
                </Bolus>
            </Administration>
            <Administration oid="d2">
                <Bolus>
                    <DoseAmount inputTarget="parameter">
                        <ct:SymbRef blkIdRef="sm1" symbIdRef="D"/>
                        <ct:Assign>
                            <ct:Real>100</ct:Real>
                        </ct:Assign>
                    </DoseAmount>
                    <DosingTimes>
                        <ct:SymbRef blkIdRef="sm1" symbIdRef="tD"/>
                        <ct:Assign>
                            <ct:Sequence>
                                <ct:Begin><ct:Real>0</ct:Real></ct:Begin>
                                <ct:StepSize><ct:Real>24</ct:Real></ct:StepSize>
                                <ct:End><ct:Real>72</ct:Real></ct:End>
                            </ct:Sequence>
                        </ct:Assign>
                    </DosingTimes>
                </Bolus>
            </Administration>
            <Action oid="w">
                <Washout>
                    <VariableToReset>
                        <FullReset/>
                    </VariableToReset>
                </Washout>
            </Action>
        </Interventions>
        
        <Observations>
            <!-- observations for arm1 -->
            <IndividualObservations oid="OBSoid_arm1">
                <ColumnMapping>
                    <ds:ColumnRef columnIdRef="TIME"/>
                    <ct:SymbRef symbIdRef="t"/>
                </ColumnMapping>
                <ColumnMapping>
                    <ds:ColumnRef columnIdRef="Y"/>
                    <ct:SymbRef blkIdRef="om1" symbIdRef="Cc_obs"/>
                </ColumnMapping>
                <ds:DataSet>
                    <ds:Definition>
                        <ds:Column columnId="ID" columnType="id" valueType="string" columnNum="1"/>
                        <ds:Column columnId="TIME" columnType="idv" valueType="real" columnNum="2"/>
                        <ds:Column columnId="Y" columnType="dv" valueType="real" columnNum="3"/>
                    </ds:Definition>
                    <ds:Table>
                        <ds:Row><ct:String>1</ct:String><ct:Real>0</ct:Real><ct:Real>0</ct:Real></ds:Row>
                        <ds:Row><ct:String>1</ct:String><ct:Real>1</ct:Real><ct:Real>23</ct:Real></ds:Row>
                        <ds:Row><ct:String>1</ct:String><ct:Real>2</ct:Real><ct:Real>12</ct:Real></ds:Row>
                        <!-- omitted other subjects -->
                        <ds:Row><ct:String>33</ct:String><ct:Real>0</ct:Real><ct:Real>0</ct:Real></ds:Row>
                        <ds:Row><ct:String>33</ct:String><ct:Real>1</ct:Real><ct:Real>10</ct:Real></ds:Row>
                        <ds:Row><ct:String>33</ct:String><ct:Real>2</ct:Real><ct:Real>30</ct:Real></ds:Row>
                    </ds:Table>
                </ds:DataSet>
            </IndividualObservations>
            
            <!-- observations for arm2 -->
            <IndividualObservations oid="OBSoid_arm2">
                <ColumnMapping>
                    <ds:ColumnRef columnIdRef="TIME"/>
                    <ct:SymbRef symbIdRef="t"/>
                </ColumnMapping>
                <ColumnMapping>
                    <ds:ColumnRef columnIdRef="Y"/>
                    <ct:SymbRef blkIdRef="om1" symbIdRef="Cc_obs"/>
                </ColumnMapping>
                <ds:DataSet>
                    <ds:Definition>
                        <ds:Column columnId="ID" columnType="id" valueType="string" columnNum="1"/>
                        <ds:Column columnId="TIME" columnType="idv" valueType="real" columnNum="2"/>
                        <ds:Column columnId="Y" columnType="dv" valueType="real" columnNum="3"/>
                    </ds:Definition>
                    <ds:Table>
                        <ds:Row><ct:String>1</ct:String><ct:Real>0</ct:Real><ct:Real>1</ct:Real></ds:Row>
                        <ds:Row><ct:String>1</ct:String><ct:Real>1</ct:Real><ct:Real>24</ct:Real></ds:Row>
                        <ds:Row><ct:String>1</ct:String><ct:Real>2</ct:Real><ct:Real>13</ct:Real></ds:Row>
                        <!-- omitted other subjects -->
                        <ds:Row><ct:String>33</ct:String><ct:Real>0</ct:Real><ct:Real>2</ct:Real></ds:Row>
                        <ds:Row><ct:String>33</ct:String><ct:Real>1</ct:Real><ct:Real>12</ct:Real></ds:Row>
                        <ds:Row><ct:String>33</ct:String><ct:Real>2</ct:Real><ct:Real>33</ct:Real></ds:Row>
                    </ds:Table>
                </ds:DataSet>
            </IndividualObservations>
        </Observations>
        
        <Covariates>
            <IndividualCovariates>
                <ct:VariabilityReference>
                    <ct:SymbRef blkIdRef="vm1" symbIdRef="indiv"/>
                </ct:VariabilityReference>
                <ColumnMapping>
                    <ds:ColumnRef columnIdRef="SEX"/>
                    <ct:SymbRef blkIdRef="cm1" symbIdRef="Sex"/>
                </ColumnMapping>
                <ColumnMapping>
                    <ds:ColumnRef columnIdRef="TREAT"/>
                    <ct:SymbRef blkIdRef="cm1" symbIdRef="Treat"/>
                </ColumnMapping>
                <ColumnMapping>
                    <ds:ColumnRef columnIdRef="TREATSEQ"/>
                    <ct:SymbRef blkIdRef="cm1" symbIdRef="TreatSeq"/>
                </ColumnMapping>
                <ColumnMapping>
                    <ds:ColumnRef columnIdRef="EPOCH"/>
                    <ct:SymbRef blkIdRef="cm1" symbIdRef="Occasion"/>
                    <ds:CategoryMapping>
                        <ds:Map dataSymbol="ep1" modelSymbol="occ1"/>
                        <ds:Map dataSymbol="ep3" modelSymbol="occ2"/>
                    </ds:CategoryMapping>
                </ColumnMapping>
                <ds:DataSet>
                    <ds:Definition>
                        <ds:Column columnId="ID" columnType="id" valueType="string" columnNum="1"/>
                        <ds:Column columnId="ARM" columnType="arm" valueType="id" columnNum="2"/>
                        <ds:Column columnId="SEX" columnType="covariate" valueType="string" columnNum="3"/>
                        <ds:Column columnId="EPOCH" columnType="epoch" valueType="id" columnNum="4"/>
                        <ds:Column columnId="TREAT" columnType="covariate" valueType="string" columnNum="5"/>
                        <ds:Column columnId="TREATSEQ" columnType="covariate" valueType="string" columnNum="6"/>
                    </ds:Definition>
                    <ds:Table>
                        <!-- arm1 -->
                        <ds:Row><ct:String>1</ct:String><ct:Id>arm1</ct:Id><ct:String>M</ct:String><ct:Id>ep1</ct:Id><ct:String>A</ct:String><ct:String>AB</ct:String></ds:Row>
                        <ds:Row><ct:String>1</ct:String><ct:Id>arm1</ct:Id><ct:String>M</ct:String><ct:Id>ep3</ct:Id><ct:String>B</ct:String><ct:String>AB</ct:String></ds:Row>
                        <ds:Row><ct:String>2</ct:String><ct:Id>arm1</ct:Id><ct:String>M</ct:String><ct:Id>ep1</ct:Id><ct:String>A</ct:String><ct:String>AB</ct:String></ds:Row>
                        <ds:Row><ct:String>2</ct:String><ct:Id>arm1</ct:Id><ct:String>M</ct:String><ct:Id>ep3</ct:Id><ct:String>B</ct:String><ct:String>AB</ct:String></ds:Row>
                        <ds:Row><ct:String>3</ct:String><ct:Id>arm1</ct:Id><ct:String>M</ct:String><ct:Id>ep1</ct:Id><ct:String>A</ct:String><ct:String>AB</ct:String></ds:Row>
                        <ds:Row><ct:String>3</ct:String><ct:Id>arm1</ct:Id><ct:String>M</ct:String><ct:Id>ep3</ct:Id><ct:String>B</ct:String><ct:String>AB</ct:String></ds:Row>
                        <!-- omitted subjects -->
                        <ds:Row><ct:String>33</ct:String><ct:Id>arm1</ct:Id><ct:String>M</ct:String><ct:Id>ep1</ct:Id><ct:String>A</ct:String><ct:String>AB</ct:String></ds:Row>
                        <ds:Row><ct:String>33</ct:String><ct:Id>arm1</ct:Id><ct:String>M</ct:String><ct:Id>ep3</ct:Id><ct:String>B</ct:String><ct:String>AB</ct:String></ds:Row>
                        <!-- arm2 -->
                        <ds:Row><ct:String>6</ct:String><ct:Id>arm2</ct:Id><ct:String>M</ct:String><ct:Id>ep1</ct:Id><ct:String>B</ct:String><ct:String>BA</ct:String></ds:Row>
                        <ds:Row><ct:String>6</ct:String><ct:Id>arm2</ct:Id><ct:String>M</ct:String><ct:Id>ep3</ct:Id><ct:String>A</ct:String><ct:String>BA</ct:String></ds:Row>
                        <ds:Row><ct:String>7</ct:String><ct:Id>arm2</ct:Id><ct:String>F</ct:String><ct:Id>ep1</ct:Id><ct:String>B</ct:String><ct:String>BA</ct:String></ds:Row>
                        <ds:Row><ct:String>7</ct:String><ct:Id>arm2</ct:Id><ct:String>F</ct:String><ct:Id>ep3</ct:Id><ct:String>A</ct:String><ct:String>BA</ct:String></ds:Row>
                        <ds:Row><ct:String>8</ct:String><ct:Id>arm2</ct:Id><ct:String>F</ct:String><ct:Id>ep1</ct:Id><ct:String>B</ct:String><ct:String>BA</ct:String></ds:Row>
                        <ds:Row><ct:String>8</ct:String><ct:Id>arm2</ct:Id><ct:String>F</ct:String><ct:Id>ep3</ct:Id><ct:String>A</ct:String><ct:String>BA</ct:String></ds:Row>
                        <!-- omitted subjects -->
                        <ds:Row><ct:String>33</ct:String><ct:Id>arm2</ct:Id><ct:String>M</ct:String><ct:Id>ep1</ct:Id><ct:String>B</ct:String><ct:String>BA</ct:String></ds:Row>
                        <ds:Row><ct:String>33</ct:String><ct:Id>arm2</ct:Id><ct:String>M</ct:String><ct:Id>ep3</ct:Id><ct:String>A</ct:String><ct:String>BA</ct:String></ds:Row>
                    </ds:Table>
                </ds:DataSet>
            </IndividualCovariates>
        </Covariates>

        <!-- Occasoins defioned here - hold for all arms -->        
        <Occasions>
            <OccasionList oid="OCCASIONSlist">
                <ct:VariabilityReference>
                    <ct:SymbRef blkIdRef="vm1" symbIdRef="iov1"/>
                </ct:VariabilityReference>
                <Occasion oid="occ1">
                    <Start>
                        <ct:Assign>
                            <ct:Real>0</ct:Real>
                        </ct:Assign>
                    </Start>
                    <End>
                        <ct:Assign>
                            <ct:Real>180</ct:Real>
                        </ct:Assign>
                    </End>
                </Occasion>
                <Occasion oid="occ2">
                    <Start>
                        <ct:Assign>
                            <ct:Real>180</ct:Real>
                        </ct:Assign>
                    </Start>
                    <End>
                        <ct:Assign>
                            <ct:Real>360</ct:Real>
                        </ct:Assign>
                    </End>
                </Occasion>
            </OccasionList>
        </Occasions>
        
        <Arms>
            <Arm oid="arm1">
                <InterventionSequence>
                    <InterventionList>
                        <InterventionRef oidRef="d1"/>
                        <InterventionRef oidRef="w"/>
                        <InterventionRef oidRef="d2"/>
                    </InterventionList>
                </InterventionSequence>
                <ObservationSequence>
                    <ObservationList>
                        <ObservationRef oidRef="OBSoid_arm1"/>
                    </ObservationList>
                </ObservationSequence>
            </Arm>
            <Arm oid="arm2">
                <InterventionSequence>
                    <InterventionList>
                        <InterventionRef oidRef="d2"/>
                        <InterventionRef oidRef="w"/>
                        <InterventionRef oidRef="d1"/>
                    </InterventionList>
                </InterventionSequence>
                <ObservationSequence>
                    <ObservationList>
                        <ObservationRef oidRef="OBSoid_arm2"/>
                    </ObservationList>
                </ObservationSequence>
            </Arm>
        </Arms>
    </TrialDesign>
    
    <!-- MODELLING STEPS -->
    <ModellingSteps xmlns="http://www.pharmml.org/pharmml/0.7/ModellingSteps">

        <!-- ESTIMATION -->
        <EstimationStep oid="e1">
            <!-- PARAMETERS TO ESTIMATE -->
            <ParametersToEstimate id="e1">
                <ParameterEstimation>
                    <ct:SymbRef blkIdRef="pm1" symbIdRef="pop_ka"/>
                    <InitialEstimate fixed="true">
                        <ct:Real>1.5</ct:Real>
                    </InitialEstimate>
                </ParameterEstimation>
                <ParameterEstimation>
                    <ct:SymbRef blkIdRef="pm1" symbIdRef="omega_ka"/>
                    <InitialEstimate fixed="false">
                        <ct:Real>0</ct:Real>
                    </InitialEstimate>
                </ParameterEstimation>
                <ParameterEstimation>
                    <ct:SymbRef blkIdRef="pm1" symbIdRef="beta_ka_treatseq"/>
                    <InitialEstimate>
                        <ct:Real>1</ct:Real>
                    </InitialEstimate>
                </ParameterEstimation>
                <ParameterEstimation>
                    <ct:SymbRef blkIdRef="pm1" symbIdRef="k"/>
                    <InitialEstimate>
                        <ct:Real>1</ct:Real>
                    </InitialEstimate>
                </ParameterEstimation>
                <ParameterEstimation>
                    <ct:SymbRef blkIdRef="pm1" symbIdRef="pop_V"/>
                    <InitialEstimate>
                        <ct:Real>0.5</ct:Real>
                    </InitialEstimate>
                </ParameterEstimation>
                <ParameterEstimation>
                    <ct:SymbRef blkIdRef="pm1" symbIdRef="omega_V"/>
                    <InitialEstimate>
                        <ct:Real>0</ct:Real>
                    </InitialEstimate>
                </ParameterEstimation>
                <ParameterEstimation>
                    <ct:SymbRef blkIdRef="pm1" symbIdRef="pop_CL"/>
                    <InitialEstimate>
                        <ct:Real>0.5</ct:Real>
                    </InitialEstimate>
                </ParameterEstimation>
                <ParameterEstimation>
                    <ct:SymbRef blkIdRef="pm1" symbIdRef="omega_CL"/>
                    <InitialEstimate>
                        <ct:Real>0</ct:Real>
                    </InitialEstimate>
                </ParameterEstimation>
                <ParameterEstimation>
                    <ct:SymbRef blkIdRef="pm1" symbIdRef="beta_CL"/>
                    <InitialEstimate>
                        <ct:Real>0</ct:Real>
                    </InitialEstimate>
                </ParameterEstimation>
                <ParameterEstimation>
                    <ct:SymbRef blkIdRef="pm1" symbIdRef="beta_CL_occ1"/>
                    <InitialEstimate>
                        <ct:Real>1</ct:Real>
                    </InitialEstimate>
                </ParameterEstimation>
                <ParameterEstimation>
                    <ct:SymbRef blkIdRef="pm1" symbIdRef="gamma_V"/>
                    <InitialEstimate>
                        <ct:Real>1</ct:Real>
                    </InitialEstimate>
                </ParameterEstimation>
                <ParameterEstimation>
                    <ct:SymbRef blkIdRef="pm1" symbIdRef="gamma_CL"/>
                    <InitialEstimate>
                        <ct:Real>1</ct:Real>
                    </InitialEstimate>
                </ParameterEstimation>
                <ParameterEstimation>
                    <ct:SymbRef blkIdRef="pm1" symbIdRef="beta_V"/>
                    <InitialEstimate>
                        <ct:Real>1</ct:Real>
                    </InitialEstimate>
                </ParameterEstimation>
                <ParameterEstimation>
                    <ct:SymbRef blkIdRef="pm1" symbIdRef="beta_V_occ1"/>
                    <InitialEstimate>
                        <ct:Real>1</ct:Real>
                    </InitialEstimate>
                </ParameterEstimation>
                <ParameterEstimation>
                    <ct:SymbRef blkIdRef="pm1" symbIdRef="beta_V_Treat"/>
                    <InitialEstimate>
                        <ct:Real>1</ct:Real>
                    </InitialEstimate>
                </ParameterEstimation>
                <ParameterEstimation>
                    <ct:SymbRef blkIdRef="pm1" symbIdRef="beta_V_TreatSeq"/>
                    <InitialEstimate>
                        <ct:Real>1</ct:Real>
                    </InitialEstimate>
                </ParameterEstimation>
                <ParameterEstimation>
                    <ct:SymbRef blkIdRef="om1" symbIdRef="a"/>
                    <InitialEstimate>
                        <ct:Real>1</ct:Real>
                    </InitialEstimate>
                </ParameterEstimation>
                <ParameterEstimation>
                    <ct:SymbRef blkIdRef="om1" symbIdRef="b"/>
                    <InitialEstimate>
                        <ct:Real>1</ct:Real>
                    </InitialEstimate>
                </ParameterEstimation>
                
            </ParametersToEstimate>

            <!-- OPERATION -->
            <Operation order="1" opType="estPop">
                <ct:Description>Estimate the population parameters in the model.</ct:Description>
                <Property name="someProperty">
                    <ct:Assign><ct:True/></ct:Assign>
                </Property>
                <Algorithm definition="SimulatedAnnealing">
                    <Property name="initalTemp">
                        <ct:Assign><ct:Real>400</ct:Real></ct:Assign>
                    </Property>
                    <Property name="numIterations">
                        <ct:Assign><ct:Int>100</ct:Int></ct:Assign>
                    </Property>
                </Algorithm>
            </Operation>
            <Operation order="2" opType="estIndiv">
                <ct:Description>Estimate conditional values for the individual parameters.</ct:Description>
            </Operation>
        </EstimationStep>
        
        <!-- STEP DEPENDENCIES -->
        <StepDependencies>
            <Step>
                <ct:OidRef oidRef="e1"/>
            </Step>
        </StepDependencies>
    </ModellingSteps>
</PharmML>