<?xml version="1.0" encoding="UTF-8"?>
<PharmML xmlns="http://www.pharmml.org/pharmml/0.7/PharmML"
    xmlns:xsi="http://www.w3.org/2001/XMLSchema-instance"
    xsi:schemaLocation="http://www.pharmml.org/pharmml/0.7/PharmML http://www.pharmml.org/pharmml/0.7/PharmML"
    xmlns:math="http://www.pharmml.org/pharmml/0.7/Maths"
    xmlns:ct="http://www.pharmml.org/pharmml/0.7/CommonTypes"
    xmlns:ds="http://www.pharmml.org/pharmml/0.7/Dataset"
    xmlns:po="http://www.pharmml.org/probonto/ProbOnto"
    implementedBy="MJS" writtenVersion="0.7.1" 
    metadataFile="example4_NONMEM.rdf" id="i1">
    
    <!-- MODEL NAME -->
    <ct:Name>Example 4 - estimation with IOV1 (NONMEM)</ct:Name>
    
    <ct:Description>Example 4 - estimation with IOV1 and with covariates with NONMEM dataset</ct:Description>
    
    <!-- INDEPENDENT VARIABLE -->
    <IndependentVariable symbId="t"/>

    <!-- FUNCTION DEFINITION -->
    <ct:FunctionDefinition symbId="combinedErrorModel" symbolType="real">
        <ct:FunctionArgument symbId="a" symbolType="real"/>
        <ct:FunctionArgument symbId="b" symbolType="real"/>
        <ct:FunctionArgument symbId="f" symbolType="real"/>
        <ct:Definition>
            <ct:Assign>
                <math:Binop op="plus">
                    <ct:SymbRef symbIdRef="a"/>
                    <math:Binop op="times">
                        <ct:SymbRef symbIdRef="b"/>
                        <ct:SymbRef symbIdRef="f"/>
                    </math:Binop>
                </math:Binop>
            </ct:Assign>
        </ct:Definition>
    </ct:FunctionDefinition>
    
    <!-- MODEL DEFINITION -->
    <ModelDefinition xmlns="http://www.pharmml.org/pharmml/0.7/ModelDefinition">
    
        <!-- VARIABILITY MODEL -->
        <VariabilityModel blkId="vm1" type="parameterVariability">
            <Level referenceLevel="true" symbId="indiv"/>
            <Level symbId="iov1">
                <ParentLevel>
                    <ct:SymbRef symbIdRef="indiv"/>
                </ParentLevel>
            </Level>
        </VariabilityModel>
        
        <VariabilityModel blkId="vm2" type="residualError">
            <Level symbId="resErr"/>
        </VariabilityModel>
        
        <!-- COVARIATE MODEL -->
        <CovariateModel blkId="cm1">
            <Covariate symbId="Sex">
                <Categorical>
                    <Category catId="F">
                        <ct:Name>Female</ct:Name>
                    </Category>
                    <Category catId="M">
                        <ct:Name>Male</ct:Name>
                    </Category>
                </Categorical>
            </Covariate>
            <Covariate symbId="Treat">
                <Categorical>
                    <Category catId="A"/>
                    <Category catId="B"/>
                </Categorical>
            </Covariate>
            <Covariate symbId="TreatSeq">
                <Categorical>
                    <Category catId="AB">
                        <ct:Name>A-B</ct:Name>
                    </Category>
                    <Category catId="BA">
                        <ct:Name>B-A</ct:Name>
                    </Category>
                </Categorical>
            </Covariate>
            <Covariate symbId="Occasion">
                <Categorical>
                    <Category catId="occ1">
                        <ct:Name>1</ct:Name>
                    </Category>
                    <Category catId="occ2">
                        <ct:Name>2</ct:Name>
                    </Category>
                </Categorical>
            </Covariate>
        </CovariateModel>

        <!-- PARAMETER MODEL -->
        <ParameterModel blkId="pm1">
            <!-- ka -->
            <PopulationParameter symbId="omega_ka"/>
            <PopulationParameter symbId="pop_ka"/>
            <PopulationParameter symbId="beta_ka_treatseq"/>
            <PopulationParameter symbId="k"/>
            <RandomVariable symbId="eta_ka">
                <ct:VariabilityReference>
                    <ct:SymbRef blkIdRef="vm1" symbIdRef="indiv"/>
                </ct:VariabilityReference>
                <Distribution>
                    <po:ProbOnto name="Normal1">
                        <po:Parameter name="mean">
                            <ct:Assign>
                                <ct:Real>0</ct:Real>
                            </ct:Assign>
                        </po:Parameter>
                        <po:Parameter name="stdev">
                            <ct:Assign>
                                <ct:SymbRef symbIdRef="omega_ka"/>
                            </ct:Assign>
                        </po:Parameter>
                    </po:ProbOnto>
                </Distribution>
            </RandomVariable>
            <IndividualParameter symbId="ka">
                <StructuredModel>
                    <Transformation type="log"/>
                    <LinearCovariate>
                        <PopulationValue>
                            <ct:Assign><ct:SymbRef symbIdRef="pop_ka"/></ct:Assign>
                        </PopulationValue>
                        <Covariate>
                            <ct:SymbRef blkIdRef="cm1" symbIdRef="TreatSeq"/>
                            <FixedEffect>
                                <ct:SymbRef symbIdRef="beta_ka_treatseq"/>
                                <Category catId="AB"/>
                            </FixedEffect>
                        </Covariate>
                    </LinearCovariate>
                    <RandomEffects>
                        <ct:SymbRef symbIdRef="eta_ka"/>
                    </RandomEffects>
                </StructuredModel>
            </IndividualParameter>
            <!-- V -->
            <PopulationParameter symbId="pop_V"/>
            <PopulationParameter symbId="omega_V"/>
            <PopulationParameter symbId="gamma_V"/>
            <PopulationParameter symbId="beta_V"/>
            <PopulationParameter symbId="beta_V_occ1"/>
            <PopulationParameter symbId="beta_V_Treat"/>
            <PopulationParameter symbId="beta_V_TreatSeq"/>
            <RandomVariable symbId="eta_V">
                <ct:VariabilityReference>
                    <ct:SymbRef blkIdRef="vm1" symbIdRef="indiv"/>
                </ct:VariabilityReference>
                <Distribution>
                    <po:ProbOnto name="Normal1">
                        <po:Parameter name="mean">
                            <ct:Assign>
                                <ct:Real>0</ct:Real>
                            </ct:Assign>
                        </po:Parameter>
                        <po:Parameter name="stdev">
                            <ct:Assign>
                                <ct:SymbRef symbIdRef="omega_V"/>
                            </ct:Assign>
                        </po:Parameter>
                    </po:ProbOnto>
<!--                    <UncertML>
                        <NormalDistribution xmlns="http://www.uncertml.org/3.0" definition="http://www.uncertml.org/distributions/normal">
                            <mean><rVal>0</rVal></mean>
                            <stddev><var varId="omega_V"/></stddev>
                        </NormalDistribution>
                    </UncertML>-->
                </Distribution>
            </RandomVariable>
            <RandomVariable symbId="kappa_V">
                <ct:VariabilityReference>
                    <ct:SymbRef blkIdRef="vm1" symbIdRef="iov1"/>
                </ct:VariabilityReference>
                <Distribution>
                    <po:ProbOnto name="Normal1">
                        <po:Parameter name="mean">
                            <ct:Assign>
                                <ct:Real>0</ct:Real>
                            </ct:Assign>
                        </po:Parameter>
                        <po:Parameter name="stdev">
                            <ct:Assign>
                                <ct:SymbRef symbIdRef="gamma_V"/>
                            </ct:Assign>
                        </po:Parameter>
                    </po:ProbOnto>
<!--                    <UncertML>
                        <NormalDistribution xmlns="http://www.uncertml.org/3.0" definition="http://www.uncertml.org/distributions/normal">
                            <mean><rVal>0</rVal></mean>
                            <stddev><var varId="gamma_V"/></stddev>
                        </NormalDistribution>
                    </UncertML>-->
                </Distribution>
            </RandomVariable>
            <IndividualParameter symbId="V">
                <StructuredModel>
                    <Transformation type="log"/>
                    <LinearCovariate>
                        <PopulationValue>
                            <ct:Assign><ct:SymbRef symbIdRef="pop_V"/></ct:Assign>
                        </PopulationValue>
                        <Covariate>
                            <ct:SymbRef blkIdRef="cm1" symbIdRef="Sex"/>
                            <FixedEffect>
                                <ct:SymbRef symbIdRef="beta_V"/>
                                <Category catId="F"/>
                            </FixedEffect>
                        </Covariate>
                        <Covariate>
                            <ct:SymbRef blkIdRef="cm1" symbIdRef="Occasion"/>
                            <FixedEffect>
                                <ct:SymbRef symbIdRef="beta_V_occ1"/>
                                <Category catId="occ1"/>
                            </FixedEffect>
                        </Covariate>
                        <Covariate>
                            <ct:SymbRef blkIdRef="cm1" symbIdRef="Treat"/>
                            <FixedEffect>
                                <ct:SymbRef symbIdRef="beta_V_Treat"/>
                                <Category catId="A"/>
                            </FixedEffect>
                        </Covariate>
                        <Covariate>
                            <ct:SymbRef blkIdRef="cm1" symbIdRef="TreatSeq"/>
                            <FixedEffect>
                                <ct:SymbRef symbIdRef="beta_V_TreatSeq"/>
                                <Category catId="AB"/>
                            </FixedEffect>
                        </Covariate>
                    </LinearCovariate>
                    <RandomEffects>
                        <ct:SymbRef symbIdRef="eta_V"/>
                    </RandomEffects>
                    <RandomEffects>
                        <ct:SymbRef symbIdRef="kappa_V"/>
                    </RandomEffects>
                </StructuredModel>
            </IndividualParameter>
            <!-- CL -->
            <PopulationParameter symbId="omega_CL"/>
            <PopulationParameter symbId="gamma_CL"/>
            <PopulationParameter symbId="pop_CL"/>
            <PopulationParameter symbId="beta_CL_occ1"/>
            <PopulationParameter symbId="beta_CL"/>
            <RandomVariable symbId="eta_CL">
                <ct:VariabilityReference>
                    <ct:SymbRef blkIdRef="vm1" symbIdRef="indiv"/>
                </ct:VariabilityReference>
                <Distribution>
                    <po:ProbOnto name="Normal1">
                        <po:Parameter name="mean">
                            <ct:Assign>
                                <ct:Real>0</ct:Real>
                            </ct:Assign>
                        </po:Parameter>
                        <po:Parameter name="stdev">
                            <ct:Assign>
                                <ct:SymbRef symbIdRef="omega_CL"/>
                            </ct:Assign>
                        </po:Parameter>
                    </po:ProbOnto>
                    <!--                    <UncertML>
                        <NormalDistribution xmlns="http://www.uncertml.org/3.0" definition="http://www.uncertml.org/distributions/normal">
                            <mean><rVal>0</rVal></mean>
                            <stddev><var varId="omega_CL"/></stddev>
                        </NormalDistribution>
                    </UncertML>-->
                </Distribution>
            </RandomVariable>
            <RandomVariable symbId="kappa_CL">
                <ct:VariabilityReference>
                    <ct:SymbRef blkIdRef="vm1" symbIdRef="iov1"/>
                </ct:VariabilityReference>
                <Distribution>
                    <po:ProbOnto name="Normal1">
                        <po:Parameter name="mean">
                            <ct:Assign>
                                <ct:Real>0</ct:Real>
                            </ct:Assign>
                        </po:Parameter>
                        <po:Parameter name="stdev">
                            <ct:Assign>
                                <ct:SymbRef symbIdRef="gamma_CL"/>
                            </ct:Assign>
                        </po:Parameter>
                    </po:ProbOnto>
<!--                    <UncertML>
                        <NormalDistribution xmlns="http://www.uncertml.org/3.0" definition="http://www.uncertml.org/distributions/normal">
                            <mean><rVal>0</rVal></mean>
                            <stddev><var varId="gamma_CL"/></stddev>
                        </NormalDistribution>
                    </UncertML>-->
                </Distribution>
            </RandomVariable>
            <IndividualParameter symbId="CL">
                <StructuredModel>
                    <Transformation type="log"/>
                    <LinearCovariate>
                        <PopulationValue>
                            <ct:Assign><ct:SymbRef symbIdRef="pop_CL"/></ct:Assign>
                        </PopulationValue>
                        <Covariate>
                            <ct:SymbRef blkIdRef="cm1" symbIdRef="Sex"/>
                            <FixedEffect>
                                <ct:SymbRef symbIdRef="beta_CL"/>
                                <Category catId="F"/>
                            </FixedEffect>
                        </Covariate>
                        <Covariate>
                            <ct:SymbRef blkIdRef="cm1" symbIdRef="Occasion"/>
                            <FixedEffect>
                                <ct:SymbRef symbIdRef="beta_CL_occ1"/>
                                <Category catId="occ1"/>
                            </FixedEffect>
                        </Covariate>
                    </LinearCovariate>
                    <RandomEffects>
                        <ct:SymbRef symbIdRef="eta_CL"/>
                    </RandomEffects>
                    <RandomEffects>
                        <ct:SymbRef symbIdRef="kappa_CL"/>
                    </RandomEffects>
                </StructuredModel>
            </IndividualParameter>
        </ParameterModel>
        
        <!-- STRUCTURAL MODEL -->
        <StructuralModel blkId="sm1">
            <ct:Variable symbolType="real" symbId="D"/>
            <ct:Variable symbolType="real" symbId="tD"/>
            <ct:Variable symbolType="real" symbId="Cc">
                <ct:Assign>
                    <math:Binop op="times">
                        <math:Binop op="divide">
                            <ct:SymbRef symbIdRef="D"/>
                            <ct:SymbRef blkIdRef="pm1" symbIdRef="V"/>
                        </math:Binop>
                        <math:Binop op="times">
                            <math:Binop op="divide">
                                <ct:SymbRef blkIdRef="pm1" symbIdRef="ka"/>
                                <math:Binop op="minus">
                                    <ct:SymbRef blkIdRef="pm1" symbIdRef="ka"/>
                                    <ct:SymbRef blkIdRef="pm1" symbIdRef="k"/>
                                </math:Binop>
                            </math:Binop>
                            <math:Binop op="minus">
                                <math:Uniop op="exp">
                                    <math:Binop op="times">
                                        <math:Uniop op="minus">
                                            <ct:SymbRef blkIdRef="pm1" symbIdRef="k"/>
                                        </math:Uniop>
                                        <math:Binop op="minus">
                                            <ct:SymbRef symbIdRef="t"/>
                                            <ct:SymbRef symbIdRef="tD"/>
                                        </math:Binop>
                                    </math:Binop>
                                </math:Uniop>
                                <math:Uniop op="exp">
                                    <math:Binop op="times">
                                        <math:Uniop op="minus">
                                            <ct:SymbRef blkIdRef="pm1" symbIdRef="ka"/>
                                        </math:Uniop>
                                        <math:Binop op="minus">
                                            <ct:SymbRef symbIdRef="t"/>
                                            <ct:SymbRef symbIdRef="tD"/>
                                        </math:Binop>
                                    </math:Binop>
                                </math:Uniop>
                            </math:Binop>
                        </math:Binop>
                    </math:Binop>
                </ct:Assign>
            </ct:Variable>
            <ct:DerivativeVariable symbolType="real" symbId="s">
                <ct:Assign>
                    <ct:Int>1</ct:Int>
                </ct:Assign>
                <ct:InitialCondition>
                    <ct:InitialValue>
                        <ct:Assign>
                            <ct:Real>-1</ct:Real>
                        </ct:Assign>
                    </ct:InitialValue>
                    <ct:InitialTime>
                        <ct:Assign>
                            <ct:Real>-1</ct:Real>
                        </ct:Assign>
                    </ct:InitialTime>
                </ct:InitialCondition>
            </ct:DerivativeVariable>
        </StructuralModel>
        
        <!-- OBSERVATION MODEL -->
        <ObservationModel blkId="om1">
            <ContinuousData>
                <PopulationParameter symbId="a"/>
                <PopulationParameter symbId="b"/>
                <RandomVariable symbId="epsilon_Cc">
                    <ct:VariabilityReference>
                        <ct:SymbRef blkIdRef="vm2" symbIdRef="resErr"/>
                    </ct:VariabilityReference>
                    <Distribution>
                        <po:ProbOnto name="Normal1">
                            <po:Parameter name="mean">
                                <ct:Assign>
                                    <ct:Real>0</ct:Real>
                                </ct:Assign>
                            </po:Parameter>
                            <po:Parameter name="stdev">
                                <ct:Assign>
                                    <ct:Real>1</ct:Real>
                                </ct:Assign>
                            </po:Parameter>
                        </po:ProbOnto>
<!--                        <UncertML>
                            <NormalDistribution xmlns="http://www.uncertml.org/3.0" definition="http://www.uncertml.org/distributions/normal">
                                <mean><rVal>0</rVal></mean>
                                <stddev><prVal>1</prVal></stddev>
                            </NormalDistribution>
                        </UncertML>-->
                    </Distribution>
                </RandomVariable>
                <Standard symbId="Cc_obs"> 
                    <Output>
                        <ct:SymbRef blkIdRef="sm1" symbIdRef="Cc"/>
                    </Output>
                    <ErrorModel>
                        <ct:Assign>
                            <math:FunctionCall>
                                <ct:SymbRef symbIdRef="combinedErrorModel"/>
                                <math:FunctionArgument symbId="a">
                                    <ct:SymbRef symbIdRef="a"/>
                                </math:FunctionArgument>
                                <math:FunctionArgument symbId="b">
                                    <ct:SymbRef symbIdRef="b"/>
                                </math:FunctionArgument>
                                <math:FunctionArgument symbId="f">
                                    <ct:SymbRef symbIdRef="Cc"/>
                                </math:FunctionArgument>
                            </math:FunctionCall>
                        </ct:Assign>
                    </ErrorModel>
                    <ResidualError>
                        <ct:SymbRef symbIdRef="epsilon_Cc"/>
                    </ResidualError>
                </Standard>
            </ContinuousData>
        </ObservationModel>
    </ModelDefinition>
    
    <TrialDesign xmlns="http://www.pharmml.org/pharmml/0.7/TrialDesign">
        
        <!-- OBJECTIVE DATA -->
        <ExternalDataSet toolName="NONMEM" oid="NMoid">
            <ColumnMapping>
                <ds:ColumnRef columnIdRef="ID"/>
                <ct:SymbRef blkIdRef="vm1" symbIdRef="indiv"/>
            </ColumnMapping>
            <ColumnMapping>
                <ds:ColumnRef columnIdRef="Time"/>
                <ct:SymbRef symbIdRef="t"/>
            </ColumnMapping>
            <ColumnMapping>
                <ds:ColumnRef columnIdRef="Y"/>
                <ct:SymbRef blkIdRef="om1" symbIdRef="Cc_obs"/>
            </ColumnMapping>
            <ColumnMapping>
                <ds:ColumnRef columnIdRef="OCC"/>
                <ct:SymbRef blkIdRef="cm1" symbIdRef="Occasion"/>
                <ds:CategoryMapping>
                    <ds:Map modelSymbol="occ1" dataSymbol="1"/>
                    <ds:Map modelSymbol="occ2" dataSymbol="2"/>
                </ds:CategoryMapping>
            </ColumnMapping>
            <ColumnMapping>
                <ds:ColumnRef columnIdRef="OCC"/>
                <ct:SymbRef blkIdRef="vm1" symbIdRef="iov1"/>
            </ColumnMapping>
            <ColumnMapping>
                <ds:ColumnRef columnIdRef="TREAT"/>
                <ct:SymbRef blkIdRef="cm1" symbIdRef="Treat"/>
                <ds:CategoryMapping>
                    <ds:Map dataSymbol="1" modelSymbol="A"/>
                    <ds:Map dataSymbol="2" modelSymbol="B"/>
                </ds:CategoryMapping>
            </ColumnMapping>
            <ColumnMapping>
                <ds:ColumnRef columnIdRef="TREATSEQ"/>
                <ct:SymbRef blkIdRef="cm1" symbIdRef="TreatSeq"/>
                <ds:CategoryMapping>
                    <ds:Map dataSymbol="12" modelSymbol="AB"/>
                    <ds:Map dataSymbol="21" modelSymbol="BA"/>
                </ds:CategoryMapping>
            </ColumnMapping>
            <ColumnMapping>
                <ds:ColumnRef columnIdRef="SEX"/>
                <ct:SymbRef blkIdRef="cm1" symbIdRef="Sex"/>
                <ds:CategoryMapping>
                    <ds:Map dataSymbol="0" modelSymbol="M"/>
                    <ds:Map dataSymbol="1" modelSymbol="F"/>
                </ds:CategoryMapping>
            </ColumnMapping>
            <!-- dosing mapping -->
            <ColumnMapping>
                <ds:ColumnRef columnIdRef="AMT"/>
                <ct:SymbRef blkIdRef="sm1" symbIdRef="D"/>
            </ColumnMapping>
            <!-- map 'tD' and 'TIME' if 'AMT' != 0 -->
            <ColumnMapping>
                <ds:ColumnRef columnIdRef="TIME"/>
                <ds:Piecewise>
                    <math:Piece>
                        <ct:SymbRef blkIdRef="sm1" symbIdRef="tD"/>
                        <math:Condition>
                            <math:LogicBinop op="neq">
                                <ds:ColumnRef columnIdRef="AMT"/>
                                <ct:Real>0</ct:Real>
                            </math:LogicBinop>
                        </math:Condition>
                    </math:Piece>
                </ds:Piecewise>
            </ColumnMapping>
            <ds:DataSet>
                <ds:Definition>
                    <ds:Column columnId="ID" columnType="id" valueType="string" columnNum="1"/>
                    <ds:Column columnId="TIME" columnType="time" valueType="real" columnNum="2"/>
                    <ds:Column columnId="Y" columnType="dv" valueType="real" columnNum="3"/>
                    <ds:Column columnId="AMT" columnType="dose" valueType="real" columnNum="4"/>
                    <ds:Column columnId="OCC" columnType="covariate" valueType="int" columnNum="5"/>
                    <ds:Column columnId="TREAT" columnType="covariate" valueType="int" columnNum="6"/>
                    <ds:Column columnId="TREATSEQ" columnType="covariate" valueType="int" columnNum="7"/>
                    <ds:Column columnId="SEX" columnType="covariate" valueType="int" columnNum="8"/>
                </ds:Definition>
                <ds:ExternalFile oid="dataOid">
                    <ds:path>example4.csv</ds:path>
                    <ds:format>CSV</ds:format>
                    <ds:delimiter>COMMA</ds:delimiter>
                </ds:ExternalFile>
            </ds:DataSet>
        </ExternalDataSet>
    </TrialDesign>
    
    <!-- MODELLING STEPS -->
    <ModellingSteps xmlns="http://www.pharmml.org/pharmml/0.7/ModellingSteps">
       
        <!-- ESTIMATION -->
        <EstimationStep oid="e1">       
            
            <ExternalDataSetReference>
                <ct:OidRef oidRef="NMoid"/>                
            </ExternalDataSetReference>
            
            <!-- PARAMETERS TO ESTIMATE -->
            <ParametersToEstimate id="e1">
                <ParameterEstimation>
                    <ct:SymbRef blkIdRef="pm1" symbIdRef="pop_ka"/>
                    <InitialEstimate fixed="true">
                        <ct:Real>1.5</ct:Real>
                    </InitialEstimate>
                </ParameterEstimation>
                <ParameterEstimation>
                    <ct:SymbRef blkIdRef="pm1" symbIdRef="omega_ka"/>
                    <InitialEstimate fixed="false">
                        <ct:Real>0</ct:Real>
                    </InitialEstimate>
                </ParameterEstimation>
                <ParameterEstimation>
                    <ct:SymbRef blkIdRef="pm1" symbIdRef="beta_ka_treatseq"/>
                    <InitialEstimate>
                        <ct:Real>1</ct:Real>
                    </InitialEstimate>
                </ParameterEstimation>
                <ParameterEstimation>
                    <ct:SymbRef blkIdRef="pm1" symbIdRef="k"/>
                    <InitialEstimate>
                        <ct:Real>1</ct:Real>
                    </InitialEstimate>
                </ParameterEstimation>
                <ParameterEstimation>
                    <ct:SymbRef blkIdRef="pm1" symbIdRef="pop_V"/>
                    <InitialEstimate>
                        <ct:Real>0.5</ct:Real>
                    </InitialEstimate>
                </ParameterEstimation>
                <ParameterEstimation>
                    <ct:SymbRef blkIdRef="pm1" symbIdRef="omega_V"/>
                    <InitialEstimate>
                        <ct:Real>0</ct:Real>
                    </InitialEstimate>
                </ParameterEstimation>
                <ParameterEstimation>
                    <ct:SymbRef blkIdRef="pm1" symbIdRef="pop_CL"/>
                    <InitialEstimate>
                        <ct:Real>0.5</ct:Real>
                    </InitialEstimate>
                </ParameterEstimation>
                <ParameterEstimation>
                    <ct:SymbRef blkIdRef="pm1" symbIdRef="omega_CL"/>
                    <InitialEstimate>
                        <ct:Real>0</ct:Real>
                    </InitialEstimate>
                </ParameterEstimation>
                <ParameterEstimation>
                    <ct:SymbRef blkIdRef="pm1" symbIdRef="beta_CL"/>
                    <InitialEstimate>
                        <ct:Real>0</ct:Real>
                    </InitialEstimate>
                </ParameterEstimation>
                <ParameterEstimation>
                    <ct:SymbRef blkIdRef="pm1" symbIdRef="beta_CL_occ1"/>
                    <InitialEstimate>
                        <ct:Real>1</ct:Real>
                    </InitialEstimate>
                </ParameterEstimation>
                <ParameterEstimation>
                    <ct:SymbRef blkIdRef="pm1" symbIdRef="gamma_V"/>
                    <InitialEstimate>
                        <ct:Real>1</ct:Real>
                    </InitialEstimate>
                </ParameterEstimation>
                <ParameterEstimation>
                    <ct:SymbRef blkIdRef="pm1" symbIdRef="gamma_CL"/>
                    <InitialEstimate>
                        <ct:Real>1</ct:Real>
                    </InitialEstimate>
                </ParameterEstimation>
                <ParameterEstimation>
                    <ct:SymbRef blkIdRef="pm1" symbIdRef="beta_V"/>
                    <InitialEstimate>
                        <ct:Real>1</ct:Real>
                    </InitialEstimate>
                </ParameterEstimation>
                <ParameterEstimation>
                    <ct:SymbRef blkIdRef="pm1" symbIdRef="beta_V_occ1"/>
                    <InitialEstimate>
                        <ct:Real>1</ct:Real>
                    </InitialEstimate>
                </ParameterEstimation>
                <ParameterEstimation>
                    <ct:SymbRef blkIdRef="pm1" symbIdRef="beta_V_Treat"/>
                    <InitialEstimate>
                        <ct:Real>1</ct:Real>
                    </InitialEstimate>
                </ParameterEstimation>
                <ParameterEstimation>
                    <ct:SymbRef blkIdRef="pm1" symbIdRef="beta_V_TreatSeq"/>
                    <InitialEstimate>
                        <ct:Real>1</ct:Real>
                    </InitialEstimate>
                </ParameterEstimation>
                <ParameterEstimation>
                    <ct:SymbRef blkIdRef="om1" symbIdRef="a"/>
                    <InitialEstimate>
                        <ct:Real>1</ct:Real>
                    </InitialEstimate>
                </ParameterEstimation>
                <ParameterEstimation>
                    <ct:SymbRef blkIdRef="om1" symbIdRef="b"/>
                    <InitialEstimate>
                        <ct:Real>1</ct:Real>
                    </InitialEstimate>
                </ParameterEstimation>
                
            </ParametersToEstimate>

            <!-- OPERATION -->
            <Operation order="1" opType="estPop">
                <ct:Description>Estimate the population parameters in the model.</ct:Description>
                <Property name="someProperty">
                    <ct:Assign><ct:True/></ct:Assign>
                </Property>
                <Algorithm definition="SimulatedAnnealing">
                    <Property name="initalTemp">
                        <ct:Assign><ct:Real>400</ct:Real></ct:Assign>
                    </Property>
                    <Property name="numIterations">
                        <ct:Assign><ct:Int>100</ct:Int></ct:Assign>
                    </Property>
                </Algorithm>
            </Operation>
            <Operation order="2" opType="estIndiv">
                <ct:Description>Estimate conditional values for the individual parameters.</ct:Description>
            </Operation>
        </EstimationStep>
        
        <!-- STEP DEPENDENCIES -->
        <StepDependencies>
            <Step>
                <ct:OidRef oidRef="e1"/>
            </Step>
        </StepDependencies>
    </ModellingSteps>
</PharmML>