<?xml version="1.0" encoding="UTF-8"?>
<PharmML xmlns="http://www.pharmml.org/2013/03/PharmML" 
  xmlns:xsi="http://www.w3.org/2001/XMLSchema-instance" 
  xsi:schemaLocation="http://www.pharmml.org/2013/03/PharmML http://www.pharmml.org/2013/03/PharmML" 
  writtenVersion="0.3" id="i1">
  
  <ct:Name xmlns:ct="http://www.pharmml.org/2013/03/CommonTypes" id="i1">Tham - JCRR 2008</ct:Name>
  
  <ct:Description xmlns:ct="http://www.pharmml.org/2013/03/CommonTypes" id="i2">This model is based on the publication:A pharmacodynamic model for the time course of tumour shrinkage by gemcitabine + carboplatin in non-smallcell lung cancer patients
        Lai-San Tham, Lingzhi Wang, Ross A. Soo, et al. Clin Cancer Res 2008; 14(13), 2008.</ct:Description>
  <IndependentVariable symbId="t"/>
  <FunctionDefinition xmlns="http://www.pharmml.org/2013/03/CommonTypes" symbId="combinedErrorModel" symbolType="real">
    <FunctionArgument symbId="a" symbolType="real"/>
    <FunctionArgument symbId="b" symbolType="real"/>
    <FunctionArgument symbId="f" symbolType="real"/>
    <Definition>
      <Equation xmlns="http://www.pharmml.org/2013/03/Maths">
        <Binop op="plus">
          <ct:SymbRef xmlns:ct="http://www.pharmml.org/2013/03/CommonTypes" symbIdRef="a"/>
          <Binop op="times">
            <ct:SymbRef xmlns:ct="http://www.pharmml.org/2013/03/CommonTypes" symbIdRef="b"/>
            <ct:SymbRef xmlns:ct="http://www.pharmml.org/2013/03/CommonTypes" symbIdRef="f"/>
          </Binop>
        </Binop>
      </Equation>
    </Definition>
  </FunctionDefinition>
  <ModelDefinition xmlns="http://www.pharmml.org/2013/03/ModelDefinition">
    <VariabilityModel blkId="model" type="parameterVariability">
      <Level symbId="indiv"/>
    </VariabilityModel>
    <VariabilityModel blkId="obsErr" type="residualError">
      <Level symbId="residual"/>
    </VariabilityModel>
    <ParameterModel blkId="pm1">
      <SimpleParameter symbId="pop_SIZE0"/>
      <SimpleParameter symbId="omega_SIZE0"/>
      <RandomVariable symbId="eta_SIZE0">
        <ct:VariabilityReference xmlns:ct="http://www.pharmml.org/2013/03/CommonTypes">
          <ct:SymbRef blkIdRef="sm1" symbIdRef="indiv"/>
        </ct:VariabilityReference>
        <NormalDistribution xmlns="http://www.uncertml.org/3.0" definition="http://www.uncertml.org/distributions/normal">
          <mean>
            <rVal>0</rVal>
          </mean>
          <stddev>
            <var varId="omega_SIZE0"/>
          </stddev>
        </NormalDistribution>
      </RandomVariable>
      <IndividualParameter symbId="SIZE0" id="i13">
        <GaussianModel>
          <Transformation>log</Transformation>
          <LinearCovariate>
            <PopulationParameter>
              <ct:Assign xmlns:ct="http://www.pharmml.org/2013/03/CommonTypes">
                <ct:SymbRef symbIdRef="pop_SIZE0"/>
              </ct:Assign>
            </PopulationParameter>
          </LinearCovariate>
          <RandomEffects>
            <ct:SymbRef xmlns:ct="http://www.pharmml.org/2013/03/CommonTypes" symbIdRef="eta_SIZE0"/>
          </RandomEffects>
        </GaussianModel>
      </IndividualParameter>
      <SimpleParameter symbId="WH">
        <ct:Assign xmlns:ct="http://www.pharmml.org/2013/03/CommonTypes">
          <ct:Real>168</ct:Real>
        </ct:Assign>
      </SimpleParameter>
      <SimpleParameter symbId="MGMM">
        <ct:Assign xmlns:ct="http://www.pharmml.org/2013/03/CommonTypes">
          <ct:Real>263000</ct:Real>
        </ct:Assign>
      </SimpleParameter>
      <SimpleParameter symbId="TEQ"/>
      <SimpleParameter symbId="pop_TOVER"/>
      <SimpleParameter symbId="omega_TOVER"/>
      <RandomVariable symbId="eta_TOVER">
        <ct:VariabilityReference xmlns:ct="http://www.pharmml.org/2013/03/CommonTypes">
          <ct:SymbRef blkIdRef="model" symbIdRef="indiv"/>
        </ct:VariabilityReference>
        <NormalDistribution xmlns="http://www.uncertml.org/3.0" definition="http://www.uncertml.org/distributions/normal">
          <mean>
            <rVal>0</rVal>
          </mean>
          <stddev>
            <var varId="omega_TOVER"/>
          </stddev>
        </NormalDistribution>
      </RandomVariable>
      <IndividualParameter symbId="TOVER">
        <GaussianModel>
          <Transformation>log</Transformation>
          <LinearCovariate>
            <PopulationParameter>
              <ct:Assign xmlns:ct="http://www.pharmml.org/2013/03/CommonTypes">
                <ct:SymbRef symbIdRef="pop_TOVER"/>
              </ct:Assign>
            </PopulationParameter>
          </LinearCovariate>
          <RandomEffects>
            <ct:SymbRef xmlns:ct="http://www.pharmml.org/2013/03/CommonTypes" symbIdRef="eta_TOVER"/>
          </RandomEffects>
        </GaussianModel>
      </IndividualParameter>
      <SimpleParameter symbId="pop_AE50"/>
      <SimpleParameter symbId="omega_AE50"/>
      <RandomVariable symbId="eta_AE50">
        <ct:VariabilityReference xmlns:ct="http://www.pharmml.org/2013/03/CommonTypes">
          <ct:SymbRef blkIdRef="sm1" symbIdRef="indiv"/>
        </ct:VariabilityReference>
        <NormalDistribution xmlns="http://www.uncertml.org/3.0" definition="http://www.uncertml.org/distributions/normal">
          <mean>
            <rVal>0</rVal>
          </mean>
          <stddev>
            <var varId="omega_AE50"/>
          </stddev>
        </NormalDistribution>
      </RandomVariable>
      <IndividualParameter symbId="AE50">
        <GaussianModel>
          <Transformation>log</Transformation>
          <LinearCovariate>
            <PopulationParameter>
              <ct:Assign xmlns:ct="http://www.pharmml.org/2013/03/CommonTypes">
                <ct:SymbRef symbIdRef="pop_AE50"/>
              </ct:Assign>
            </PopulationParameter>
          </LinearCovariate>
          <RandomEffects>
            <ct:SymbRef xmlns:ct="http://www.pharmml.org/2013/03/CommonTypes" symbIdRef="eta_AE50"/>
          </RandomEffects>
        </GaussianModel>
      </IndividualParameter>
    </ParameterModel>
    <StructuralModel blkId="sm1" id="i6">
      <ct:DerivativeVariable xmlns:ct="http://www.pharmml.org/2013/03/CommonTypes" symbolType="real" symbId="A1" id="i5">
        <ct:Assign>
          <Equation xmlns="http://www.pharmml.org/2013/03/Maths">
            <Binop op="times">
              <Binop op="divide">
                <Uniop op="minus">
                  <Uniop op="log">
                    <ct:Real>2</ct:Real>
                  </Uniop>
                </Uniop>
                <ct:SymbRef blkIdRef="pm1" symbIdRef="TEQ"/>
              </Binop>
              <ct:SymbRef symbIdRef="A1"/>
            </Binop>
          </Equation>
        </ct:Assign>
        <ct:IndependentVariable>
          <ct:SymbRef symbIdRef="t"/>
        </ct:IndependentVariable>
      </ct:DerivativeVariable>
      <ct:DerivativeVariable xmlns:ct="http://www.pharmml.org/2013/03/CommonTypes" symbolType="real" symbId="A2" id="i16">
        <ct:Assign>
          <Equation xmlns="http://www.pharmml.org/2013/03/Maths">
            <Binop op="times">
              <Binop op="minus">
                <Binop op="times">
                  <Binop op="divide">
                    <ct:SymbRef blkIdRef="pm1" symbIdRef="SIZE0"/>
                    <Binop op="times">
                      <ct:SymbRef blkIdRef="pm1" symbIdRef="TOVER"/>
                      <ct:Real>168</ct:Real>
                    </Binop>
                  </Binop>
                  <Binop op="minus">
                    <ct:Real>1</ct:Real>
                    <Binop op="divide">
                      <ct:SymbRef symbIdRef="A1"/>
                      <Binop op="plus">
                        <ct:SymbRef symbIdRef="A1"/>
                        <Binop op="divide">
                          <Binop op="times">
                            <ct:SymbRef blkIdRef="pm1" symbIdRef="AE50"/>
                            <ct:Real>1000</ct:Real>
                          </Binop>
                          <ct:Real>263</ct:Real>
                        </Binop>
                      </Binop>
                    </Binop>
                  </Binop>
                </Binop>
                <Binop op="divide">
                  <ct:SymbRef symbIdRef="A2"/>
                  <Binop op="times">
                    <ct:SymbRef symbIdRef="TOVER"/>
                    <ct:Real>168</ct:Real>
                  </Binop>
                </Binop>
              </Binop>
              <ct:SymbRef symbIdRef="A2"/>
            </Binop>
          </Equation>
        </ct:Assign>
        <ct:IndependentVariable>
          <ct:SymbRef symbIdRef="t"/>
        </ct:IndependentVariable>
        <ct:InitialCondition>
          <ct:InitialValue>
            <ct:Assign>
              <ct:SymbRef blkIdRef="sm1" symbIdRef="SIZE0"/>
            </ct:Assign>
          </ct:InitialValue>
        </ct:InitialCondition>
      </ct:DerivativeVariable>
    </StructuralModel>
    <ObservationModel blkId="om1">
      <SimpleParameter symbId="a"/>
      <SimpleParameter symbId="b"/>
      <RandomVariable symbId="epsilon_A2">
        <ct:VariabilityReference xmlns:ct="http://www.pharmml.org/2013/03/CommonTypes">
          <ct:SymbRef blkIdRef="obsErr" symbIdRef="residual"/>
        </ct:VariabilityReference>
        <NormalDistribution xmlns="http://www.uncertml.org/3.0" definition="http://www.uncertml.org/distributions/normal">
          <mean>
            <rVal>0</rVal>
          </mean>
          <stddev>
            <var varId="sigma_A2"/>
          </stddev>
        </NormalDistribution>
      </RandomVariable>
      <Standard symbId="A2_obs">
        <Output>
          <ct:SymbRef xmlns:ct="http://www.pharmml.org/2013/03/CommonTypes" blkIdRef="sm1" symbIdRef="A2"/>
        </Output>
        <ErrorModel>
          <ct:Assign xmlns:ct="http://www.pharmml.org/2013/03/CommonTypes">
            <Equation xmlns="http://www.pharmml.org/2013/03/Maths">
              <FunctionCall>
                <ct:SymbRef symbIdRef="combinedErrorModel"/>
                <FunctionArgument symbId="a">
                  <ct:SymbRef symbIdRef="a"/>
                </FunctionArgument>
                <FunctionArgument symbId="b">
                  <ct:SymbRef symbIdRef="b"/>
                </FunctionArgument>
                <FunctionArgument symbId="f">
                  <Equation>
                    <ct:SymbRef blkIdRef="sm1" symbIdRef="A2"/>
                  </Equation>
                </FunctionArgument>
              </FunctionCall>
            </Equation>
          </ct:Assign>
        </ErrorModel>
        <ResidualError>
          <ct:SymbRef xmlns:ct="http://www.pharmml.org/2013/03/CommonTypes" symbIdRef="epsilon_A2"/>
        </ResidualError>
      </Standard>
    </ObservationModel>
  </ModelDefinition>
  <TrialDesign xmlns="http://www.pharmml.org/2013/03/TrialDesign">
    <Structure id="i7">
      <Epoch oid="epoch1">
        <Start>
          <ct:Real xmlns:ct="http://www.pharmml.org/2013/03/CommonTypes">0</ct:Real>
        </Start>
        <End>
          <ct:Real xmlns:ct="http://www.pharmml.org/2013/03/CommonTypes">17880</ct:Real>
        </End>
        <Order>1</Order>
      </Epoch>
      <Arm oid="arm1"/>
      <Cell oid="cell1">
        <EpochRef oidRef="epoch1"/>
        <ArmRef oidRef="arm1"/>
        <SegmentRef oidRef="TA"/>
      </Cell>
      <Segment oid="TA">
        <ActivityRef oidRef="bolusIV"/>
      </Segment>
      <Activity oid="bolusIV">
        <Bolus>
          <DoseAmount inputTarget="parameter">
            <ct:SymbRef xmlns:ct="http://www.pharmml.org/2013/03/CommonTypes" blkIdRef="sm1" symbIdRef="A1"/>
          </DoseAmount>
        </Bolus>
      </Activity>
    </Structure>
    <Population>
      <DataSet xmlns="http://www.pharmml.org/2013/08/Dataset">
        <Definition>
          <Column columnId="ID" columnType="id" valueType="id" columnNum="1"/>
          <Column columnId="ARM" columnType="arm" valueType="id" columnNum="2"/>
          <Column columnId="REP" columnType="replicate" valueType="int" columnNum="3"/>
        </Definition>
        <Table>
          <Row>
            <ct:Id xmlns:ct="http://www.pharmml.org/2013/03/CommonTypes">i</ct:Id>
            <ct:Id xmlns:ct="http://www.pharmml.org/2013/03/CommonTypes">arm1</ct:Id>
            <ct:Int xmlns:ct="http://www.pharmml.org/2013/03/CommonTypes">21</ct:Int>
          </Row>
        </Table>
      </DataSet>
    </Population>
    <IndividualDosing>
      <ActivityRef oidRef="bolusIV"/>
      <ColumnMapping>
        <ColumnRef xmlns="http://www.pharmml.org/2013/08/Dataset" columnIdRef="TIME"/>
        <SymbRef xmlns="http://www.pharmml.org/2013/03/CommonTypes" symbIdRef="t"/>
      </ColumnMapping>
      <DataSet xmlns="http://www.pharmml.org/2013/08/Dataset">
        <Definition>
          <Column columnId="ID" columnType="id" valueType="id" columnNum="1"/>
          <Column columnId="TIME" columnType="idv" valueType="real" columnNum="2"/>
          <Column columnId="AMT" columnType="dose" valueType="real" columnNum="3" id="i12"/>
        </Definition>
        <Table>
          <Row>
            <ct:Id xmlns:ct="http://www.pharmml.org/2013/03/CommonTypes">i1</ct:Id>
            <ct:Real xmlns:ct="http://www.pharmml.org/2013/03/CommonTypes">0</ct:Real>
            <ct:Real xmlns:ct="http://www.pharmml.org/2013/03/CommonTypes">5448.7</ct:Real>
          </Row>
          <Row>
            <ct:Id xmlns:ct="http://www.pharmml.org/2013/03/CommonTypes">i1</ct:Id>
            <ct:Real xmlns:ct="http://www.pharmml.org/2013/03/CommonTypes">168</ct:Real>
            <ct:Real xmlns:ct="http://www.pharmml.org/2013/03/CommonTypes">5448.7</ct:Real>
          </Row>
          <Row>
            <ct:Id xmlns:ct="http://www.pharmml.org/2013/03/CommonTypes">i1</ct:Id>
            <ct:Real xmlns:ct="http://www.pharmml.org/2013/03/CommonTypes">840</ct:Real>
            <ct:Real xmlns:ct="http://www.pharmml.org/2013/03/CommonTypes">5448.7</ct:Real>
          </Row>
          <Row>
            <ct:Id xmlns:ct="http://www.pharmml.org/2013/03/CommonTypes">i1</ct:Id>
            <ct:Real xmlns:ct="http://www.pharmml.org/2013/03/CommonTypes">1176</ct:Real>
            <ct:Real xmlns:ct="http://www.pharmml.org/2013/03/CommonTypes">5448.7</ct:Real>
          </Row>
          <Row>
            <ct:Id xmlns:ct="http://www.pharmml.org/2013/03/CommonTypes">i1</ct:Id>
            <ct:Real xmlns:ct="http://www.pharmml.org/2013/03/CommonTypes">1344</ct:Real>
            <ct:Real xmlns:ct="http://www.pharmml.org/2013/03/CommonTypes">5448.7</ct:Real>
          </Row>
          <Row>
            <ct:Id xmlns:ct="http://www.pharmml.org/2013/03/CommonTypes">i1</ct:Id>
            <ct:Real xmlns:ct="http://www.pharmml.org/2013/03/CommonTypes">1848</ct:Real>
            <ct:Real xmlns:ct="http://www.pharmml.org/2013/03/CommonTypes">4186.3</ct:Real>
          </Row>
          <Row>
            <ct:Id xmlns:ct="http://www.pharmml.org/2013/03/CommonTypes">i1</ct:Id>
            <ct:Real xmlns:ct="http://www.pharmml.org/2013/03/CommonTypes">2016</ct:Real>
            <ct:Real xmlns:ct="http://www.pharmml.org/2013/03/CommonTypes">2794.7</ct:Real>
          </Row>
          <Row>
            <ct:Id xmlns:ct="http://www.pharmml.org/2013/03/CommonTypes">i2</ct:Id>
            <ct:Real xmlns:ct="http://www.pharmml.org/2013/03/CommonTypes">0</ct:Real>
            <ct:Real xmlns:ct="http://www.pharmml.org/2013/03/CommonTypes">5589.4</ct:Real>
          </Row>
          <Row>
            <ct:Id xmlns:ct="http://www.pharmml.org/2013/03/CommonTypes">i2</ct:Id>
            <ct:Real xmlns:ct="http://www.pharmml.org/2013/03/CommonTypes">168</ct:Real>
            <ct:Real xmlns:ct="http://www.pharmml.org/2013/03/CommonTypes">4190.1</ct:Real>
          </Row>
          <Row>
            <ct:Id xmlns:ct="http://www.pharmml.org/2013/03/CommonTypes">i2</ct:Id>
            <ct:Real xmlns:ct="http://www.pharmml.org/2013/03/CommonTypes">528</ct:Real>
            <ct:Real xmlns:ct="http://www.pharmml.org/2013/03/CommonTypes">4308</ct:Real>
          </Row>
          <Row>
            <ct:Id xmlns:ct="http://www.pharmml.org/2013/03/CommonTypes">i2</ct:Id>
            <ct:Real xmlns:ct="http://www.pharmml.org/2013/03/CommonTypes">840</ct:Real>
            <ct:Real xmlns:ct="http://www.pharmml.org/2013/03/CommonTypes">4308</ct:Real>
          </Row>
          <Row>
            <ct:Id xmlns:ct="http://www.pharmml.org/2013/03/CommonTypes">i56</ct:Id>
            <ct:Real xmlns:ct="http://www.pharmml.org/2013/03/CommonTypes">0</ct:Real>
            <ct:Real xmlns:ct="http://www.pharmml.org/2013/03/CommonTypes">6349.8</ct:Real>
          </Row>
          <Row>
            <ct:Id xmlns:ct="http://www.pharmml.org/2013/03/CommonTypes">i56</ct:Id>
            <ct:Real xmlns:ct="http://www.pharmml.org/2013/03/CommonTypes">504</ct:Real>
            <ct:Real xmlns:ct="http://www.pharmml.org/2013/03/CommonTypes">6273.8</ct:Real>
          </Row>
          <Row>
            <ct:Id xmlns:ct="http://www.pharmml.org/2013/03/CommonTypes">i56</ct:Id>
            <ct:Real xmlns:ct="http://www.pharmml.org/2013/03/CommonTypes">672</ct:Real>
            <ct:Real xmlns:ct="http://www.pharmml.org/2013/03/CommonTypes">6273.8</ct:Real>
          </Row>
          <Row>
            <ct:Id xmlns:ct="http://www.pharmml.org/2013/03/CommonTypes">i56</ct:Id>
            <ct:Real xmlns:ct="http://www.pharmml.org/2013/03/CommonTypes">1224</ct:Real>
            <ct:Real xmlns:ct="http://www.pharmml.org/2013/03/CommonTypes">6425.9</ct:Real>
          </Row>
          <Row>
            <ct:Id xmlns:ct="http://www.pharmml.org/2013/03/CommonTypes">i56</ct:Id>
            <ct:Real xmlns:ct="http://www.pharmml.org/2013/03/CommonTypes">1560</ct:Real>
            <ct:Real xmlns:ct="http://www.pharmml.org/2013/03/CommonTypes">6463.9</ct:Real>
          </Row>
          <Row>
            <ct:Id xmlns:ct="http://www.pharmml.org/2013/03/CommonTypes">i56</ct:Id>
            <ct:Real xmlns:ct="http://www.pharmml.org/2013/03/CommonTypes">1728</ct:Real>
            <ct:Real xmlns:ct="http://www.pharmml.org/2013/03/CommonTypes">6463.9</ct:Real>
          </Row>
          <Row>
            <ct:Id xmlns:ct="http://www.pharmml.org/2013/03/CommonTypes">i56</ct:Id>
            <ct:Real xmlns:ct="http://www.pharmml.org/2013/03/CommonTypes">2232</ct:Real>
            <ct:Real xmlns:ct="http://www.pharmml.org/2013/03/CommonTypes">6501.9</ct:Real>
          </Row>
          <Row>
            <ct:Id xmlns:ct="http://www.pharmml.org/2013/03/CommonTypes">i56</ct:Id>
            <ct:Real xmlns:ct="http://www.pharmml.org/2013/03/CommonTypes">2736</ct:Real>
            <ct:Real xmlns:ct="http://www.pharmml.org/2013/03/CommonTypes">6616</ct:Real>
          </Row>
          <Row>
            <ct:Id xmlns:ct="http://www.pharmml.org/2013/03/CommonTypes">i56</ct:Id>
            <ct:Real xmlns:ct="http://www.pharmml.org/2013/03/CommonTypes">2904</ct:Real>
            <ct:Real xmlns:ct="http://www.pharmml.org/2013/03/CommonTypes">6616</ct:Real>
          </Row>
        </Table>
      </DataSet>
    </IndividualDosing>
  </TrialDesign>
  <ModellingSteps xmlns="http://www.pharmml.org/2013/03/ModellingSteps">
    <EstimationStep oid="estTask1" id="i10">
      <ObjectiveDataSet id="i8">
        <ColumnMapping>
          <ColumnRef xmlns="http://www.pharmml.org/2013/08/Dataset" columnIdRef="TIME"/>
          <ct:SymbRef xmlns:ct="http://www.pharmml.org/2013/03/CommonTypes" symbIdRef="t"/>
        </ColumnMapping>
        <ColumnMapping>
          <ColumnRef xmlns="http://www.pharmml.org/2013/08/Dataset" columnIdRef="DV"/>
          <ct:SymbRef xmlns:ct="http://www.pharmml.org/2013/03/CommonTypes" blkIdRef="om1" symbIdRef="A2_obs"/>
        </ColumnMapping>
        <DataSet xmlns="http://www.pharmml.org/2013/08/Dataset">
          <Definition>
            <Column columnId="ID" columnType="id" valueType="id" columnNum="1"/>
            <Column columnId="TIME" columnType="idv" valueType="real" columnNum="2"/>
            <Column columnId="DV" columnType="dv" valueType="real" columnNum="4" id="i11"/>
          </Definition>
          <Table>
            <Row>
              <ct:Id xmlns:ct="http://www.pharmml.org/2013/03/CommonTypes">i1</ct:Id>
              <ct:Real xmlns:ct="http://www.pharmml.org/2013/03/CommonTypes">0</ct:Real>
              <ct:Real xmlns:ct="http://www.pharmml.org/2013/03/CommonTypes">10.524</ct:Real>
            </Row>
            <Row>
              <ct:Id xmlns:ct="http://www.pharmml.org/2013/03/CommonTypes">i1</ct:Id>
              <ct:Real xmlns:ct="http://www.pharmml.org/2013/03/CommonTypes">168</ct:Real>
              <ct:Real xmlns:ct="http://www.pharmml.org/2013/03/CommonTypes">14.288</ct:Real>
            </Row>
            <Row>
              <ct:Id xmlns:ct="http://www.pharmml.org/2013/03/CommonTypes">i1</ct:Id>
              <ct:Real xmlns:ct="http://www.pharmml.org/2013/03/CommonTypes">336</ct:Real>
              <ct:Real xmlns:ct="http://www.pharmml.org/2013/03/CommonTypes">10.241</ct:Real>
            </Row>
            <Row>
              <ct:Id xmlns:ct="http://www.pharmml.org/2013/03/CommonTypes">i1</ct:Id>
              <ct:Real xmlns:ct="http://www.pharmml.org/2013/03/CommonTypes">504</ct:Real>
              <ct:Real xmlns:ct="http://www.pharmml.org/2013/03/CommonTypes">9.664</ct:Real>
            </Row>
            <Row>
              <ct:Id xmlns:ct="http://www.pharmml.org/2013/03/CommonTypes">i1</ct:Id>
              <ct:Real xmlns:ct="http://www.pharmml.org/2013/03/CommonTypes">2184</ct:Real>
              <ct:Real xmlns:ct="http://www.pharmml.org/2013/03/CommonTypes">6.6009</ct:Real>
            </Row>
            <Row>
              <ct:Id xmlns:ct="http://www.pharmml.org/2013/03/CommonTypes">i1</ct:Id>
              <ct:Real xmlns:ct="http://www.pharmml.org/2013/03/CommonTypes">2352</ct:Real>
              <ct:Real xmlns:ct="http://www.pharmml.org/2013/03/CommonTypes">11.702</ct:Real>
            </Row>
            <Row>
              <ct:Id xmlns:ct="http://www.pharmml.org/2013/03/CommonTypes">i2</ct:Id>
              <ct:Real xmlns:ct="http://www.pharmml.org/2013/03/CommonTypes">0</ct:Real>
              <ct:Real xmlns:ct="http://www.pharmml.org/2013/03/CommonTypes">8.3373</ct:Real>
            </Row>
            <Row>
              <ct:Id xmlns:ct="http://www.pharmml.org/2013/03/CommonTypes">i2</ct:Id>
              <ct:Real xmlns:ct="http://www.pharmml.org/2013/03/CommonTypes">1008</ct:Real>
              <ct:Real xmlns:ct="http://www.pharmml.org/2013/03/CommonTypes">5.8047</ct:Real>
            </Row>
            <Row>
              <ct:Id xmlns:ct="http://www.pharmml.org/2013/03/CommonTypes">i56</ct:Id>
              <ct:Real xmlns:ct="http://www.pharmml.org/2013/03/CommonTypes">0</ct:Real>
              <ct:Real xmlns:ct="http://www.pharmml.org/2013/03/CommonTypes">3.5269</ct:Real>
            </Row>
            <Row>
              <ct:Id xmlns:ct="http://www.pharmml.org/2013/03/CommonTypes">i56</ct:Id>
              <ct:Real xmlns:ct="http://www.pharmml.org/2013/03/CommonTypes">168</ct:Real>
              <ct:Real xmlns:ct="http://www.pharmml.org/2013/03/CommonTypes">4.0816</ct:Real>
            </Row>
            <Row>
              <ct:Id xmlns:ct="http://www.pharmml.org/2013/03/CommonTypes">i56</ct:Id>
              <ct:Real xmlns:ct="http://www.pharmml.org/2013/03/CommonTypes">840</ct:Real>
              <ct:Real xmlns:ct="http://www.pharmml.org/2013/03/CommonTypes">2.1183</ct:Real>
            </Row>
            <Row>
              <ct:Id xmlns:ct="http://www.pharmml.org/2013/03/CommonTypes">i56</ct:Id>
              <ct:Real xmlns:ct="http://www.pharmml.org/2013/03/CommonTypes">1056</ct:Real>
              <ct:Real xmlns:ct="http://www.pharmml.org/2013/03/CommonTypes">1.5195</ct:Real>
            </Row>
            <Row>
              <ct:Id xmlns:ct="http://www.pharmml.org/2013/03/CommonTypes">i56</ct:Id>
              <ct:Real xmlns:ct="http://www.pharmml.org/2013/03/CommonTypes">1896</ct:Real>
              <ct:Real xmlns:ct="http://www.pharmml.org/2013/03/CommonTypes">0.8842</ct:Real>
            </Row>
            <Row>
              <ct:Id xmlns:ct="http://www.pharmml.org/2013/03/CommonTypes">i56</ct:Id>
              <ct:Real xmlns:ct="http://www.pharmml.org/2013/03/CommonTypes">2064</ct:Real>
              <ct:Real xmlns:ct="http://www.pharmml.org/2013/03/CommonTypes">1.4404</ct:Real>
            </Row>
            <Row>
              <ct:Id xmlns:ct="http://www.pharmml.org/2013/03/CommonTypes">i56</ct:Id>
              <ct:Real xmlns:ct="http://www.pharmml.org/2013/03/CommonTypes">3072</ct:Real>
              <ct:Real xmlns:ct="http://www.pharmml.org/2013/03/CommonTypes">1.1557</ct:Real>
            </Row>
            <Row>
              <ct:Id xmlns:ct="http://www.pharmml.org/2013/03/CommonTypes">i56</ct:Id>
              <ct:Real xmlns:ct="http://www.pharmml.org/2013/03/CommonTypes">4608</ct:Real>
              <ct:Real xmlns:ct="http://www.pharmml.org/2013/03/CommonTypes">1.1918</ct:Real>
            </Row>
            <Row>
              <ct:Id xmlns:ct="http://www.pharmml.org/2013/03/CommonTypes">i56</ct:Id>
              <ct:Real xmlns:ct="http://www.pharmml.org/2013/03/CommonTypes">7560</ct:Real>
              <ct:Real xmlns:ct="http://www.pharmml.org/2013/03/CommonTypes">2.4912</ct:Real>
            </Row>
          </Table>
        </DataSet>
      </ObjectiveDataSet>
      <ParametersToEstimate>
        <ParameterEstimation>
          <ct:SymbRef xmlns:ct="http://www.pharmml.org/2013/03/CommonTypes" blkIdRef="pm1" symbIdRef="pop_SIZE0"/>
          <InitialEstimate>
            <ct:Real xmlns:ct="http://www.pharmml.org/2013/03/CommonTypes">6.66</ct:Real>
          </InitialEstimate>
        </ParameterEstimation>
        <ParameterEstimation>
          <ct:SymbRef xmlns:ct="http://www.pharmml.org/2013/03/CommonTypes" blkIdRef="pm1" symbIdRef="omega_SIZE0"/>
          <InitialEstimate>
            <ct:Real xmlns:ct="http://www.pharmml.org/2013/03/CommonTypes">0.317</ct:Real>
          </InitialEstimate>
        </ParameterEstimation>
        <ParameterEstimation>
          <ct:SymbRef xmlns:ct="http://www.pharmml.org/2013/03/CommonTypes" blkIdRef="pm1" symbIdRef="pop_TOVER"/>
          <InitialEstimate>
            <ct:Real xmlns:ct="http://www.pharmml.org/2013/03/CommonTypes">18.9</ct:Real>
          </InitialEstimate>
        </ParameterEstimation>
        <ParameterEstimation>
          <ct:SymbRef xmlns:ct="http://www.pharmml.org/2013/03/CommonTypes" blkIdRef="pm1" symbIdRef="omega_TOVER"/>
          <InitialEstimate>
            <ct:Real xmlns:ct="http://www.pharmml.org/2013/03/CommonTypes">0.082</ct:Real>
          </InitialEstimate>
        </ParameterEstimation>
        <ParameterEstimation>
          <ct:SymbRef xmlns:ct="http://www.pharmml.org/2013/03/CommonTypes" blkIdRef="pm1" symbIdRef="pop_AE50"/>
          <InitialEstimate>
            <ct:Real xmlns:ct="http://www.pharmml.org/2013/03/CommonTypes">11700</ct:Real>
          </InitialEstimate>
        </ParameterEstimation>
        <ParameterEstimation>
          <ct:SymbRef xmlns:ct="http://www.pharmml.org/2013/03/CommonTypes" blkIdRef="pm1" symbIdRef="omega_AE50"/>
          <InitialEstimate>
            <ct:Real xmlns:ct="http://www.pharmml.org/2013/03/CommonTypes">1.9</ct:Real>
          </InitialEstimate>
        </ParameterEstimation>
        <ParameterEstimation>
          <ct:SymbRef xmlns:ct="http://www.pharmml.org/2013/03/CommonTypes" blkIdRef="pm1" symbIdRef="TEQ"/>
          <InitialEstimate>
            <ct:Real xmlns:ct="http://www.pharmml.org/2013/03/CommonTypes">8.27</ct:Real>
          </InitialEstimate>
        </ParameterEstimation>
        <ParameterEstimation>
          <ct:SymbRef xmlns:ct="http://www.pharmml.org/2013/03/CommonTypes" blkIdRef="om1" symbIdRef="a"/>
          <InitialEstimate>
            <ct:Real xmlns:ct="http://www.pharmml.org/2013/03/CommonTypes">0.0358</ct:Real>
          </InitialEstimate>
        </ParameterEstimation>
        <ParameterEstimation>
          <ct:SymbRef xmlns:ct="http://www.pharmml.org/2013/03/CommonTypes" blkIdRef="om1" symbIdRef="b"/>
          <InitialEstimate>
            <ct:Real xmlns:ct="http://www.pharmml.org/2013/03/CommonTypes">0.0125</ct:Real>
          </InitialEstimate>
        </ParameterEstimation>
        <ParameterEstimation>
          <ct:SymbRef xmlns:ct="http://www.pharmml.org/2013/03/CommonTypes" blkIdRef="om1" symbIdRef="sigma_A2"/>
          <InitialEstimate fixed="true">
            <ct:Real xmlns:ct="http://www.pharmml.org/2013/03/CommonTypes">1</ct:Real>
          </InitialEstimate>
        </ParameterEstimation>
      </ParametersToEstimate>
      <Operation order="1" opType="estPop"/>
      <Operation order="2" opType="estIndiv"/>
    </EstimationStep>
    <StepDependencies>
      <Step>
        <ct:OidRef xmlns:ct="http://www.pharmml.org/2013/03/CommonTypes" oidRef="estTask1"/>
      </Step>
    </StepDependencies>
  </ModellingSteps>
</PharmML>
