<?xml version="1.0" encoding="UTF-8"?>

<PharmML xmlns="http://www.pharmml.org/2013/03/PharmML"
    xmlns:xsi="http://www.w3.org/2001/XMLSchema-instance"
    xsi:schemaLocation="http://www.pharmml.org/2013/03/PharmML http://www.pharmml.org/2013/03/PharmML"
    xmlns:ct="http://www.pharmml.org/2013/03/CommonTypes"
    writtenVersion="0.3" id="i1">

    <ct:Name>Del Bene - CCP 2009</ct:Name>
    
    <ct:Description>TGI in vitro - Model A, single drug (Doxorubicin) at different concentrations vs control</ct:Description>
    
    <!-- intependent variable -->
    <IndependentVariable symbId="t"/>
    
    <ct:FunctionDefinition symbolType="real" symbId="proportionalErrorModel">
        <ct:FunctionArgument symbolType="real" symbId="b"/>
        <ct:FunctionArgument symbolType="real" symbId="f"/>
        <ct:Definition>
            <Equation xmlns="http://www.pharmml.org/2013/03/Maths">
                <Binop op="times">
                    <ct:SymbRef symbIdRef="b"/>
                    <ct:SymbRef symbIdRef="f"/>
                </Binop>
            </Equation>
        </ct:Definition>
    </ct:FunctionDefinition>
    
    <ModelDefinition xmlns="http://www.pharmml.org/2013/03/ModelDefinition">
        
        <VariabilityModel blkId="resErrorModel" type="residualError"> 
            <Level symbId="residual"/>
        </VariabilityModel>
        
        <ParameterModel blkId="pm1">
            <SimpleParameter symbId="lambda0"/>
            <SimpleParameter symbId="k2"/>
            <SimpleParameter symbId="k1"/>
            <SimpleParameter symbId="N0"/>
        </ParameterModel>
        
        <StructuralModel blkId="sm1">
            <SimpleParameter symbId="C"/>
            
            <ct:DerivativeVariable symbId="Np" symbolType="real">
                <ct:Assign>
                    <Equation xmlns="http://www.pharmml.org/2013/03/Maths">
                        <Binop op="minus">
                            <Binop op="times">
                                <ct:SymbRef symbIdRef="lambda0" blkIdRef="pm1"/>
                                <ct:SymbRef symbIdRef="Np"/>
                            </Binop>
                            <Binop op="times">
                                <ct:SymbRef symbIdRef="k2" blkIdRef="pm1"/>
                                <Binop op="times">
                                    <ct:SymbRef symbIdRef="C"/>
                                    <ct:SymbRef symbIdRef="Np"/>
                                </Binop>
                            </Binop>
                        </Binop>
                    </Equation>
                </ct:Assign>
                <ct:IndependentVariable>
                    <ct:SymbRef symbIdRef="t"/>
                </ct:IndependentVariable>
                <ct:InitialCondition>
                    <ct:InitialValue>
                        <ct:Assign>
                            <ct:SymbRef symbIdRef="N0" blkIdRef="pm1"/>
                        </ct:Assign>
                    </ct:InitialValue>
                </ct:InitialCondition>
            </ct:DerivativeVariable>
            
            <ct:DerivativeVariable symbId="N1" symbolType="real">
                <ct:Assign>
                    <Equation xmlns="http://www.pharmml.org/2013/03/Maths">
                        <Binop op="minus">
                            <Binop op="times">
                                <ct:SymbRef symbIdRef="k2" blkIdRef="pm1"/>
                                <Binop op="times">
                                    <ct:SymbRef symbIdRef="C"/>
                                    <ct:SymbRef symbIdRef="Np"/>
                                </Binop>
                            </Binop>
                            <Binop op="times">
                                <ct:SymbRef symbIdRef="k1" blkIdRef="pm1"/>
                                <ct:SymbRef symbIdRef="N1"/>
                            </Binop>
                        </Binop>
                    </Equation>
                </ct:Assign>
                <ct:IndependentVariable>
                    <ct:SymbRef symbIdRef="t"/>
                </ct:IndependentVariable>
                <ct:InitialCondition>
                    <ct:InitialValue>
                        <ct:Assign>
                            <ct:Real>0</ct:Real>
                        </ct:Assign>
                    </ct:InitialValue>
                </ct:InitialCondition>
            </ct:DerivativeVariable>
            
            <ct:DerivativeVariable symbId="N2" symbolType="real">
                <ct:Assign>
                    <Equation xmlns="http://www.pharmml.org/2013/03/Maths">
                        <Binop op="minus">
                            <Binop op="times">
                                <ct:SymbRef symbIdRef="k1" blkIdRef="pm1"/>
                                <ct:SymbRef symbIdRef="N1"/>
                            </Binop>
                            <Binop op="times">
                                <ct:SymbRef symbIdRef="k1" blkIdRef="pm1"/>
                                <ct:SymbRef symbIdRef="N2"/>
                            </Binop>
                        </Binop>
                    </Equation>
                </ct:Assign>
                <ct:IndependentVariable><ct:SymbRef symbIdRef="t"></ct:SymbRef></ct:IndependentVariable>
                <ct:InitialCondition>
                    <ct:InitialValue>
                        <ct:Assign>
                            <ct:Real>0</ct:Real>
                        </ct:Assign>
                    </ct:InitialValue>
                </ct:InitialCondition>
            </ct:DerivativeVariable>
            
            <ct:DerivativeVariable symbId="N3" symbolType="real">
                <ct:Assign>
                    <Equation xmlns="http://www.pharmml.org/2013/03/Maths">
                        <Binop op="minus">
                            <Binop op="times">
                                <ct:SymbRef symbIdRef="k1" blkIdRef="pm1"/>
                                <ct:SymbRef symbIdRef="N2"/>
                            </Binop>
                            <Binop op="times">
                                <ct:SymbRef symbIdRef="k1" blkIdRef="pm1"/>
                                <ct:SymbRef symbIdRef="N3"/>
                            </Binop>
                        </Binop>
                    </Equation>
                </ct:Assign>
                <ct:IndependentVariable>
                    <ct:SymbRef symbIdRef="t"/>
                </ct:IndependentVariable>
                <ct:InitialCondition>
                    <ct:InitialValue>
                        <ct:Assign>
                            <ct:Real>0</ct:Real>
                        </ct:Assign>
                    </ct:InitialValue>
                </ct:InitialCondition>
            </ct:DerivativeVariable>
            
            <ct:Variable symbId="Nt" symbolType="real">
                <ct:Assign>
                    <Equation xmlns="http://www.pharmml.org/2013/03/Maths">
                        <Binop op="plus">
                            <Binop op="plus">
                                <Binop op="plus">
                                    <ct:SymbRef symbIdRef="Np"/>
                                    <ct:SymbRef symbIdRef="N1"/>
                                </Binop>
                                <ct:SymbRef symbIdRef="N2"/>
                            </Binop>	
                            <ct:SymbRef symbIdRef="N3"/>
                        </Binop>
                    </Equation>
                </ct:Assign>
            </ct:Variable>
            
        </StructuralModel>
        
        
        <ObservationModel blkId="om1">
            <SimpleParameter symbId="CV"/>
            
            <RandomVariable symbId="epsilon">
                <ct:VariabilityReference>
                    <ct:SymbRef blkIdRef="resErrorModel" symbIdRef="residual"/>
                </ct:VariabilityReference>
                <NormalDistribution xmlns="http://www.uncertml.org/3.0" definition="http://www.uncertml.org/distributions/normal">
                    <mean>
                        <rVal>0</rVal>
                    </mean>
                    <variance>
                        <prVal>1</prVal>
                    </variance>                    
                </NormalDistribution>
            </RandomVariable>
            <Standard symbId="y">
                <Output>
                    <ct:SymbRef symbIdRef="Nt" blkIdRef="sm1"/>
                </Output>
                <!-- Assegno b ed f del proportionalErrorModel(f è la predizione del modello) -->
                <ErrorModel>
                    <ct:Assign>
                        <Equation xmlns="http://www.pharmml.org/2013/03/Maths">
                            <FunctionCall>
                                <ct:SymbRef symbIdRef="proportionalErrorModel"/>
                                <FunctionArgument symbId="b">
                                    <ct:SymbRef symbIdRef="CV"/>
                                </FunctionArgument>
                                <FunctionArgument symbId="f">
                                    <ct:SymbRef symbIdRef="Nt" blkIdRef="sm1"/>
                                </FunctionArgument>
                            </FunctionCall>
                        </Equation>
                    </ct:Assign>
                </ErrorModel>
                <ResidualError>
                    <ct:SymbRef symbIdRef="epsilon"/>
                </ResidualError>
            </Standard>
        </ObservationModel>
    </ModelDefinition>
    
    <TrialDesign xmlns="http://www.pharmml.org/2013/03/TrialDesign">
        <Structure>
            <Epoch oid="e1">
                <Start>
                    <ct:Real>0</ct:Real>
                </Start>
                <End>
                    <ct:Real>72</ct:Real>
                </End>
                <Order>1</Order>
            </Epoch>
            <Arm oid="control"/>
            <Arm oid="treatmentD1"/>
            <Arm oid="treatmentD2"/>
            <Arm oid="treatmentD3"/>
            <Arm oid="treatmentD4"/>
            <Arm oid="treatmentD5"/>
            <Arm oid="treatmentD6"/>
            <Arm oid="treatmentD7"/>
            <Cell oid="c1">
                <EpochRef oidRef="e1"/>
                <ArmRef oidRef="control"/>
                <SegmentRef oidRef="s1"/>
            </Cell>
            <Cell oid="c2">
                <EpochRef oidRef="e1"/>
                <ArmRef oidRef="treatmentD1"/>
                <SegmentRef oidRef="s2"/>
            </Cell>
            <Cell oid="c3">
                <EpochRef oidRef="e1"/>
                <ArmRef oidRef="treatmentD2"/>
                <SegmentRef oidRef="s3"/>
            </Cell>
            <Cell oid="c4">
                <EpochRef oidRef="e1"/>
                <ArmRef oidRef="treatmentD3"/>
                <SegmentRef oidRef="s4"/>
            </Cell>
            <Cell oid="c5">
                <EpochRef oidRef="e1"/>
                <ArmRef oidRef="treatmentD4"/>
                <SegmentRef oidRef="s5"/>
            </Cell>
            <Cell oid="c6">
                <EpochRef oidRef="e1"/>
                <ArmRef oidRef="treatmentD5"/>
                <SegmentRef oidRef="s6"/>
            </Cell>
            <Cell oid="c7">
                <EpochRef oidRef="e1"/>
                <ArmRef oidRef="treatmentD6"/>
                <SegmentRef oidRef="s7"/>
            </Cell>
            <Cell oid="c8">
                <EpochRef oidRef="e1"/>
                <ArmRef oidRef="treatmentD7"/>
                <SegmentRef oidRef="s8"/>
            </Cell>
            <Segment oid="s1">
                <ActivityRef oidRef="act_wash"/>
            </Segment>
            <Segment oid="s2">
                <ActivityRef oidRef="act_drug1"/>
            </Segment>
            <Segment oid="s3">
                <ActivityRef oidRef="act_drug2"/>
            </Segment>
            <Segment oid="s4">
                <ActivityRef oidRef="act_drug3"/>
            </Segment>
            <Segment oid="s5">
                <ActivityRef oidRef="act_drug4"/>
            </Segment>
            <Segment oid="s6">
                <ActivityRef oidRef="act_drug5"/>
            </Segment>
            <Segment oid="s7">
                <ActivityRef oidRef="act_drug6"/>
            </Segment>
            <Segment oid="s8">
                <ActivityRef oidRef="act_drug7"/>
            </Segment>
            <Activity oid="act_wash">
                <Washout/>
            </Activity>
            <Activity oid="act_drug1">
                <Infusion>
                    <DoseAmount inputTarget="parameter">
                        <ct:SymbRef symbIdRef="C" blkIdRef="sm1"/>
                        <ct:Assign>
                            <Equation xmlns="http://www.pharmml.org/2013/03/Maths">
                                <Binop op="times">
                                    <ct:Real>0.00977</ct:Real>
                                    <ct:Real>72</ct:Real>
                                </Binop>
                            </Equation>
                        </ct:Assign>
                    </DoseAmount>
                    <DosingTimes>
                        <ct:Assign>
                            <ct:Int>0</ct:Int>
                        </ct:Assign>
                    </DosingTimes>
                    <Duration>
                        <ct:Assign>
                            <ct:Int>72</ct:Int>
                        </ct:Assign>
                    </Duration>
                </Infusion>
            </Activity>
            <Activity oid="act_drug2">
                <Infusion>
                    <DoseAmount inputTarget="parameter">
                        <ct:SymbRef symbIdRef="C" blkIdRef="sm1"/>
                        <ct:Assign>
                            <Equation xmlns="http://www.pharmml.org/2013/03/Maths">
                                <Binop op="times">
                                    <ct:Real>0.03906</ct:Real>            <!-- Maciej: here was an ERROR, the operation 'times' was not defined -->
                                    <ct:Real>72</ct:Real>
                                </Binop>
                            </Equation>
                        </ct:Assign>
                    </DoseAmount>
                    <DosingTimes>
                        <ct:Assign>
                            <ct:Int>0</ct:Int>
                        </ct:Assign>
                    </DosingTimes>
                    <Duration>
                        <ct:Assign>
                            <ct:Int>72</ct:Int>
                        </ct:Assign>
                    </Duration>
                </Infusion>
            </Activity>
            <Activity oid="act_drug3">
                <Infusion>
                    <DoseAmount inputTarget="parameter">
                        <ct:SymbRef symbIdRef="C" blkIdRef="sm1"/>
                        <ct:Assign>
                            <Equation xmlns="http://www.pharmml.org/2013/03/Maths">
                                <Binop op="times">
                                    <ct:Real>0.15625</ct:Real>
                                    <ct:Real>72</ct:Real>
                                </Binop>
                            </Equation>
                        </ct:Assign>
                    </DoseAmount>
                    <DosingTimes>
                        <ct:Assign>
                            <ct:Int>0</ct:Int>
                        </ct:Assign>
                    </DosingTimes>
                    <Duration>
                        <ct:Assign>
                            <ct:Int>72</ct:Int>
                        </ct:Assign>
                    </Duration>
                </Infusion>
            </Activity>
            <Activity oid="act_drug4">
                <Infusion>
                    <DoseAmount inputTarget="parameter">
                        <ct:SymbRef symbIdRef="C" blkIdRef="sm1"/>
                        <ct:Assign>
                            <Equation xmlns="http://www.pharmml.org/2013/03/Maths">
                                <Binop op="times">
                                    <ct:Real>0.625</ct:Real>
                                    <ct:Real>72</ct:Real>
                                </Binop>
                            </Equation>
                        </ct:Assign>
                    </DoseAmount>
                    <DosingTimes>
                        <ct:Assign>
                            <ct:Int>0</ct:Int>
                        </ct:Assign>
                    </DosingTimes>
                    <Duration>
                        <ct:Assign>
                            <ct:Int>72</ct:Int>
                        </ct:Assign>
                    </Duration>
                </Infusion>
            </Activity>
            <Activity oid="act_drug5">
                <Infusion>
                    <DoseAmount inputTarget="parameter">
                        <ct:SymbRef symbIdRef="C" blkIdRef="sm1"/>
                        <ct:Assign>
                            <Equation xmlns="http://www.pharmml.org/2013/03/Maths">
                                <Binop op="times">
                                    <ct:Real>2.5</ct:Real>
                                    <ct:Real>72</ct:Real>
                                </Binop>
                            </Equation>
                        </ct:Assign>
                    </DoseAmount>
                    <DosingTimes>
                        <ct:Assign>
                            <ct:Int>0</ct:Int>
                        </ct:Assign>
                    </DosingTimes>
                    <Duration>
                        <ct:Assign>
                            <ct:Int>72</ct:Int>
                        </ct:Assign>
                    </Duration>
                </Infusion>
            </Activity>
            <Activity oid="act_drug6">
                <Infusion>
                    <DoseAmount inputTarget="parameter">
                        <ct:SymbRef symbIdRef="C" blkIdRef="sm1"/>
                        <ct:Assign>
                            <Equation xmlns="http://www.pharmml.org/2013/03/Maths">
                                <Binop op="times">
                                    <ct:Real>5</ct:Real>
                                    <ct:Real>72</ct:Real>
                                </Binop>
                            </Equation>
                        </ct:Assign>
                    </DoseAmount>
                    <DosingTimes>
                        <ct:Assign>
                            <ct:Int>0</ct:Int>
                        </ct:Assign>
                    </DosingTimes>
                    <Duration>
                        <ct:Assign>
                            <ct:Int>72</ct:Int>
                        </ct:Assign>
                    </Duration>
                </Infusion>
            </Activity>
            <Activity oid="act_drug7">
                <Infusion>
                    <DoseAmount inputTarget="parameter">
                        <ct:SymbRef symbIdRef="C" blkIdRef="sm1"/>
                        <ct:Assign>
                            <Equation xmlns="http://www.pharmml.org/2013/03/Maths">
                                <Binop op="times">
                                    <ct:Real>10</ct:Real>
                                    <ct:Real>72</ct:Real>
                                </Binop>
                            </Equation>
                        </ct:Assign>
                    </DoseAmount>
                    <DosingTimes>
                        <ct:Assign>
                            <ct:Int>0</ct:Int>
                        </ct:Assign>
                    </DosingTimes>
                    <Duration>
                        <ct:Assign>
                            <ct:Int>72</ct:Int>
                        </ct:Assign>
                    </Duration>
                </Infusion>
            </Activity>
        </Structure>
        
        <Population>
            <DataSet xmlns="http://www.pharmml.org/2013/08/Dataset">
                <Definition>
                    <Column columnId="ID" columnType="id" valueType="id" columnNum="1"/>
                    <Column columnId="ARM" columnType="arm" valueType="id" columnNum="2"/>
                </Definition>
                <Table>
                    <Row>
                        <ct:Id>i1</ct:Id>
                        <ct:Id>control</ct:Id>
                    </Row>
                    <Row>
                        <ct:Id>i2</ct:Id>
                        <ct:Id>treatmentD1</ct:Id>
                    </Row>
                    <Row>
                        <ct:Id>i3</ct:Id>
                        <ct:Id>treatmentD2</ct:Id>
                    </Row>
                    <Row>
                        <ct:Id>i4</ct:Id>
                        <ct:Id>treatmentD3</ct:Id>
                    </Row>
                    <Row>
                        <ct:Id>i5</ct:Id>
                        <ct:Id>treatmentD4</ct:Id>
                    </Row>
                    <Row>
                        <ct:Id>i6</ct:Id>
                        <ct:Id>treatmentD5</ct:Id>
                    </Row>
                    <Row>
                        <ct:Id>i7</ct:Id>
                        <ct:Id>treatmentD6</ct:Id>
                    </Row>
                    <Row>
                        <ct:Id>i8</ct:Id>
                        <ct:Id>treatmentD7</ct:Id>
                    </Row>
                </Table>
            </DataSet>
        </Population>
    </TrialDesign>
    
    <ModellingSteps xmlns="http://www.pharmml.org/2013/03/ModellingSteps">
        
        <SimulationStep oid="sim1">
            <ct:VariableAssignment>
                <ct:SymbRef symbIdRef="lambda0" blkIdRef="pm1"/>
                <ct:Assign>
                    <ct:Real>0.0292</ct:Real>
                </ct:Assign>
            </ct:VariableAssignment>            
            <ct:VariableAssignment>
                <ct:SymbRef symbIdRef="k1" blkIdRef="pm1"/>
                <ct:Assign>
                    <ct:Real>0.0743</ct:Real>
                </ct:Assign>
            </ct:VariableAssignment>
            <ct:VariableAssignment>
                <ct:SymbRef symbIdRef="k2" blkIdRef="pm1"/>
                <ct:Assign>
                    <ct:Real>0.0745</ct:Real>
                </ct:Assign>
            </ct:VariableAssignment>
            <ct:VariableAssignment>
                <ct:SymbRef symbIdRef="N0" blkIdRef="pm1"/>
                <ct:Assign>
                    <ct:Real>2147.3</ct:Real>
                </ct:Assign>
            </ct:VariableAssignment>
            <ct:VariableAssignment>
                <ct:SymbRef symbIdRef="CV" blkIdRef="om1"/>
                <ct:Assign>
                    <ct:Real>0.1</ct:Real>
                </ct:Assign>
            </ct:VariableAssignment>

            <Observations>
                <Timepoints>
                    <ct:Vector>
                        <ct:Sequence>
                            <ct:Begin><ct:Int>0</ct:Int></ct:Begin>
                            <ct:StepSize><ct:Int>1</ct:Int></ct:StepSize>
                            <ct:End><ct:Int>72</ct:Int></ct:End>
                        </ct:Sequence>
                    </ct:Vector>
                </Timepoints>
                <Continuous>
                    <ct:SymbRef symbIdRef="Nt" blkIdRef="sm1"/>
                    <ct:SymbRef symbIdRef="y" blkIdRef="om1"/>
                </Continuous>
            </Observations>
        </SimulationStep>


        <!-- Stima -->
        <EstimationStep oid="est1">
            <!-- Data Set per la stima -->
            <ObjectiveDataSet>
                <ColumnMapping>
                    <ColumnRef xmlns="http://www.pharmml.org/2013/08/Dataset" columnIdRef="time"/>
                    <ct:SymbRef symbIdRef="t"/>
                    <!-- tempo variabile globale non specifico il blocco di riferimento -->
                </ColumnMapping>
                <ColumnMapping>
                    <ColumnRef xmlns="http://www.pharmml.org/2013/08/Dataset" columnIdRef="number"/>
                    <ct:SymbRef symbIdRef="y" blkIdRef="om1"/>
                </ColumnMapping>
                <DataSet xmlns="http://www.pharmml.org/2013/08/Dataset">
                    <Definition>
                        <Column columnId="ID" columnType="id" valueType="id" columnNum="1"/>
                        <Column columnId="time" columnType="idv" valueType="real" columnNum="2"/>
                        <Column columnId="number" columnType="dv" valueType="real" columnNum="3"/>
                    </Definition>
                    <Table>
                        <Row><ct:Id>i1</ct:Id><ct:Real>4</ct:Real><ct:Real>2330.56</ct:Real></Row>
                        <Row><ct:Id>i1</ct:Id><ct:Real>8</ct:Real><ct:Real>3164.31</ct:Real></Row>
                        <Row><ct:Id>i1</ct:Id><ct:Real>12</ct:Real><ct:Real>2814.66</ct:Real></Row>
                        <Row><ct:Id>i1</ct:Id><ct:Real>24</ct:Real><ct:Real>5468.12</ct:Real></Row>
                        <Row><ct:Id>i1</ct:Id><ct:Real>48</ct:Real><ct:Real>8707.01</ct:Real></Row>
                        <Row><ct:Id>i1</ct:Id><ct:Real>72</ct:Real><ct:Real>18111.98</ct:Real></Row>
                        <Row><ct:Id>i2</ct:Id><ct:Real>4</ct:Real><ct:Real>2578.07</ct:Real></Row>
                        <Row><ct:Id>i2</ct:Id><ct:Real>8</ct:Real><ct:Real>2725.68</ct:Real></Row>
                        <Row><ct:Id>i2</ct:Id><ct:Real>12</ct:Real><ct:Real>2617.19</ct:Real></Row>
                        <Row><ct:Id>i2</ct:Id><ct:Real>24</ct:Real><ct:Real>3717.42</ct:Real></Row>
                        <Row><ct:Id>i2</ct:Id><ct:Real>48</ct:Real><ct:Real>7248.84</ct:Real></Row>
                        <Row><ct:Id>i2</ct:Id><ct:Real>72</ct:Real><ct:Real>18730.42</ct:Real></Row>
                        <Row><ct:Id>i3</ct:Id><ct:Real>4</ct:Real><ct:Real>2380.92</ct:Real></Row>
                        <Row><ct:Id>i3</ct:Id><ct:Real>8</ct:Real><ct:Real>2323.71</ct:Real></Row>
                        <Row><ct:Id>i3</ct:Id><ct:Real>12</ct:Real><ct:Real>3213.21</ct:Real></Row>
                        <Row><ct:Id>i3</ct:Id><ct:Real>24</ct:Real><ct:Real>4036.26</ct:Real></Row>
                        <Row><ct:Id>i3</ct:Id><ct:Real>48</ct:Real><ct:Real>7947.26</ct:Real></Row>
                        <Row><ct:Id>i3</ct:Id><ct:Real>72</ct:Real><ct:Real>13695.56</ct:Real></Row>
                        <Row><ct:Id>i4</ct:Id><ct:Real>4</ct:Real><ct:Real>2505.18</ct:Real></Row>
                        <Row><ct:Id>i4</ct:Id><ct:Real>8</ct:Real><ct:Real>2749.81</ct:Real></Row>
                        <Row><ct:Id>i4</ct:Id><ct:Real>12</ct:Real><ct:Real>3097.78</ct:Real></Row>
                        <Row><ct:Id>i4</ct:Id><ct:Real>24</ct:Real><ct:Real>3891.76</ct:Real></Row>
                        <Row><ct:Id>i4</ct:Id><ct:Real>48</ct:Real><ct:Real>6223.51</ct:Real></Row>
                        <Row><ct:Id>i4</ct:Id><ct:Real>72</ct:Real><ct:Real>8846.19</ct:Real></Row>
                        <Row><ct:Id>i5</ct:Id><ct:Real>4</ct:Real><ct:Real>2203.04</ct:Real></Row>
                        <Row><ct:Id>i5</ct:Id><ct:Real>8</ct:Real><ct:Real>2150.75</ct:Real></Row>
                        <Row><ct:Id>i5</ct:Id><ct:Real>12</ct:Real><ct:Real>2263.17</ct:Real></Row>
                        <Row><ct:Id>i5</ct:Id><ct:Real>24</ct:Real><ct:Real>3676.34</ct:Real></Row>
                        <Row><ct:Id>i5</ct:Id><ct:Real>48</ct:Real><ct:Real>3277.55</ct:Real></Row>
                        <Row><ct:Id>i5</ct:Id><ct:Real>72</ct:Real><ct:Real>1834.70</ct:Real></Row>
                        <Row><ct:Id>i6</ct:Id><ct:Real>4</ct:Real><ct:Real>1999.06</ct:Real></Row>
                        <Row><ct:Id>i6</ct:Id><ct:Real>8</ct:Real><ct:Real>2147.99</ct:Real></Row>
                        <Row><ct:Id>i6</ct:Id><ct:Real>12</ct:Real><ct:Real>2648.92</ct:Real></Row>
                        <Row><ct:Id>i6</ct:Id><ct:Real>24</ct:Real><ct:Real>2333.38</ct:Real></Row>
                        <Row><ct:Id>i6</ct:Id><ct:Real>48</ct:Real><ct:Real>876.95</ct:Real></Row>
                        <Row><ct:Id>i6</ct:Id><ct:Real>72</ct:Real><ct:Real>369.25</ct:Real></Row>
                        <Row><ct:Id>i7</ct:Id><ct:Real>4</ct:Real><ct:Real>1850.61</ct:Real></Row>
                        <Row><ct:Id>i7</ct:Id><ct:Real>8</ct:Real><ct:Real>2462.91</ct:Real></Row>
                        <Row><ct:Id>i7</ct:Id><ct:Real>12</ct:Real><ct:Real>2493.46</ct:Real></Row>
                        <Row><ct:Id>i7</ct:Id><ct:Real>24</ct:Real><ct:Real>1976.44</ct:Real></Row>
                        <Row><ct:Id>i7</ct:Id><ct:Real>48</ct:Real><ct:Real>950.73</ct:Real></Row>
                        <Row><ct:Id>i7</ct:Id><ct:Real>72</ct:Real><ct:Real>223.42</ct:Real></Row>
                        <Row><ct:Id>i8</ct:Id><ct:Real>4</ct:Real><ct:Real>2203.47</ct:Real></Row>
                        <Row><ct:Id>i8</ct:Id><ct:Real>8</ct:Real><ct:Real>2338.58</ct:Real></Row>
                        <Row><ct:Id>i8</ct:Id><ct:Real>12</ct:Real><ct:Real>2089.07</ct:Real></Row>
                        <Row><ct:Id>i8</ct:Id><ct:Real>24</ct:Real><ct:Real>1839.06</ct:Real></Row>
                        <Row><ct:Id>i8</ct:Id><ct:Real>48</ct:Real><ct:Real>745.40</ct:Real></Row>
                        <Row><ct:Id>i8</ct:Id><ct:Real>72</ct:Real><ct:Real>248.89</ct:Real></Row>
                    </Table>
                </DataSet>
            </ObjectiveDataSet>
            <ParametersToEstimate>
                <ParameterEstimation>
                    <ct:SymbRef symbIdRef="lambda0" blkIdRef="pm1"/>
                    <InitialEstimate fixed="false">
                        <ct:Real>0.1</ct:Real>
                    </InitialEstimate>
                </ParameterEstimation>
                <ParameterEstimation>   
                    <ct:SymbRef symbIdRef="N0" blkIdRef="pm1"/>
                    <InitialEstimate fixed="false">
                        <ct:Real>1000</ct:Real>
                    </InitialEstimate>
                </ParameterEstimation>
                <ParameterEstimation>
                    <ct:SymbRef symbIdRef="k1" blkIdRef="pm1"/>
                    <InitialEstimate fixed="false">
                        <ct:Real>0.1</ct:Real>
                    </InitialEstimate>
                </ParameterEstimation>
                <ParameterEstimation>
                    <ct:SymbRef symbIdRef="k2" blkIdRef="pm1"/>
                    <InitialEstimate fixed="false">
                        <ct:Real>0.1</ct:Real>
                    </InitialEstimate>
                </ParameterEstimation>
                <ParameterEstimation>
                    <ct:SymbRef symbIdRef="CV" blkIdRef="om1"/>
                    <InitialEstimate fixed="false">
                        <ct:Real>0.1</ct:Real>
                    </InitialEstimate>
                </ParameterEstimation>
            </ParametersToEstimate>
            
            <Operation order="1" opType="estIndiv"/>
        </EstimationStep>
        
        <StepDependencies>
            <Step>
                <ct:OidRef oidRef="est1"/>
            </Step>
            <Step>
                <ct:OidRef oidRef="sim1"/>
            </Step>
        </StepDependencies>
        
    </ModellingSteps>
    
</PharmML>
