<?xml version="1.0" encoding="UTF-8"?>
<PharmML xmlns="http://www.pharmml.org/2013/03/PharmML"
    xmlns:xsi="http://www.w3.org/2001/XMLSchema-instance"
    xsi:schemaLocation="http://www.pharmml.org/2013/03/PharmML http://www.pharmml.org/2013/03/PharmML"
    xmlns:ct="http://www.pharmml.org/2013/03/CommonTypes"
    writtenVersion="0.3" id="i1">
    
    <ct:Name>DeWinter - JPP 2006</ct:Name>
    
    <ct:Description>FPG-FSI-Hb1Ac</ct:Description>
    
    <!-- intependent variable -->
    <IndependentVariable symbId="t"/>
    
    <!-- SYMBOL DEFINITION - RESUIDUAL ERROR MODEL -->
    <ct:FunctionDefinition symbolType="real" symbId="constantErrorModel">
        <ct:FunctionArgument symbolType="real" symbId="a"/>
        <ct:Definition>
            <ct:SymbRef symbIdRef="a"/>
        </ct:Definition>        
    </ct:FunctionDefinition>
    
    <ct:FunctionDefinition symbolType="real" symbId="ObsDependentErrorModel">
        <ct:FunctionArgument symbolType="real" symbId="a"/>
        <ct:FunctionArgument symbolType="real" symbId="b"/>
        <ct:FunctionArgument symbolType="real" symbId="obs"/>
        <ct:Definition>
            <Equation xmlns="http://www.pharmml.org/2013/03/Maths">
                <Piecewise>
                    <Piece>
                        <ct:SymbRef symbIdRef="a"/>
                        <Condition>
                            <LogicBinop op="lt">
                                <ct:SymbRef symbIdRef="obs"/>
                                <ct:Real>30</ct:Real>
                            </LogicBinop>
                        </Condition>
                    </Piece>
                    <Piece>
                        <Binop op="root">
                            <Binop op="plus">
                                <Binop op="power">
                                    <ct:SymbRef symbIdRef="a"/>
                                    <ct:Int>2</ct:Int>
                                </Binop>
                                <Binop op="power">
                                    <ct:SymbRef symbIdRef="b"/>
                                    <ct:Int>2</ct:Int>
                                </Binop>
                            </Binop>
                            <ct:Int>2</ct:Int>
                        </Binop>
                        <Condition>
                            <LogicBinop op="geq">
                                <ct:SymbRef symbIdRef="obs"/>
                                <ct:Real>30</ct:Real>
                            </LogicBinop>
                        </Condition>
                    </Piece>
                </Piecewise>
            </Equation>
        </ct:Definition>        
    </ct:FunctionDefinition>
    
    <ct:FunctionDefinition symbolType="real" symbId="evaluate_M">
        <ct:FunctionArgument symbolType="id" symbId="my_drug"/>
        <ct:Definition>
            <Equation xmlns="http://www.pharmml.org/2013/03/Maths">
                <Piecewise>
                    <Piece>
                        <ct:Real>1</ct:Real>
                        <Condition>
                            <LogicBinop op="eq">
                                <ct:SymbRef symbIdRef="my_drug"/>
                                <ct:Id>M</ct:Id>
                            </LogicBinop>
                        </Condition>
                    </Piece>
                    <Piece>
                        <ct:Real>0</ct:Real>
                        <Condition>
                            <LogicBinop op="eq">
                                <ct:SymbRef symbIdRef="my_drug"/>
                                <ct:Id>P</ct:Id>
                            </LogicBinop>
                        </Condition>
                    </Piece>
                    <Piece>
                        <ct:Real>0</ct:Real>
                        <Condition>
                            <LogicBinop op="eq">
                                <ct:SymbRef symbIdRef="my_drug"/>
                                <ct:Id>G</ct:Id>
                            </LogicBinop>
                        </Condition>
                    </Piece>
                </Piecewise>
            </Equation>
        </ct:Definition>
    </ct:FunctionDefinition>
    
    <ct:FunctionDefinition symbolType="real" symbId="evaluate_P">
        <ct:FunctionArgument symbolType="id" symbId="my_drug"/>
        <ct:Definition>
            <Equation xmlns="http://www.pharmml.org/2013/03/Maths">
                <Piecewise>
                    <Piece>
                        <ct:Real>0</ct:Real>
                        <Condition>
                            <LogicBinop op="eq">
                                <ct:SymbRef symbIdRef="my_drug"/>
                                <ct:Id>M</ct:Id>
                            </LogicBinop>
                        </Condition>
                    </Piece>
                    <Piece>
                        <ct:Real>1</ct:Real>
                        <Condition>
                            <LogicBinop op="eq">
                                <ct:SymbRef symbIdRef="my_drug"/>
                                <ct:Id>P</ct:Id>
                            </LogicBinop>
                        </Condition>
                    </Piece>
                    <Piece>
                        <ct:Real>0</ct:Real>
                        <Condition>
                            <LogicBinop op="eq">
                                <ct:SymbRef symbIdRef="my_drug"/>
                                <ct:Id>G</ct:Id>
                            </LogicBinop>
                        </Condition>
                    </Piece>
                </Piecewise>
            </Equation>
        </ct:Definition>
    </ct:FunctionDefinition>
    
    <ct:FunctionDefinition symbolType="real" symbId="evaluate_G">
        <ct:FunctionArgument symbolType="id" symbId="my_drug"/>
        <ct:Definition>
            <Equation xmlns="http://www.pharmml.org/2013/03/Maths">
                <Piecewise>
                    <Piece>
                        <ct:Real>0</ct:Real>
                        <Condition>
                            <LogicBinop op="eq">
                                <ct:SymbRef symbIdRef="my_drug"/>
                                <ct:Id>M</ct:Id>
                            </LogicBinop>
                        </Condition>
                    </Piece>
                    <Piece>
                        <ct:Real>0</ct:Real>
                        <Condition>
                            <LogicBinop op="eq">
                                <ct:SymbRef symbIdRef="my_drug"/>
                                <ct:Id>P</ct:Id>
                            </LogicBinop>
                        </Condition>
                    </Piece>
                    <Piece>
                        <ct:Real>1</ct:Real>
                        <Condition>
                            <LogicBinop op="eq">
                                <ct:SymbRef symbIdRef="my_drug"/>
                                <ct:Id>G</ct:Id>
                            </LogicBinop>
                        </Condition>
                    </Piece>
                </Piecewise>
            </Equation>
        </ct:Definition>
    </ct:FunctionDefinition>
    
    <!-- BLOCK I: MODEL DEFINITION -->
    <ModelDefinition xmlns="http://www.pharmml.org/2013/03/ModelDefinition">
        
        <VariabilityModel blkId="model" type="parameterVariability"> 
            <Level symbId="indiv"/>
        </VariabilityModel>
        
        <VariabilityModel blkId="obsErr" type="residualError"> 
            <Level symbId="residual"/>
        </VariabilityModel>
        
        <CovariateModel blkId="cov">
            <Covariate symbId="drug">
                <Categorical>
                    <Category catId="M"/>
                    <Category catId="P"/>
                    <Category catId="G"/>
                </Categorical>
            </Covariate>
        </CovariateModel>
        
        <ParameterModel blkId="pm1">
            <SimpleParameter symbId="K_out_FSI"> 
                <ct:Assign>
                    <ct:Int>1</ct:Int>
                </ct:Assign>
            </SimpleParameter>
            <SimpleParameter symbId="K_out_FPG"/>
            <SimpleParameter symbId="K_out_Hb"/>
            <SimpleParameter symbId="pop_frHb0"/>
            <SimpleParameter symbId="pop_b0"/>
            <SimpleParameter symbId="pop_rb"/> <!-- for drug G -->
            <SimpleParameter symbId="pop_s0"/>
            <SimpleParameter symbId="pop_rs"/> <!-- for drug G -->
            <SimpleParameter symbId="omega_EFF"/>
            <SimpleParameter symbId="omega_frHb0"/>
            <SimpleParameter symbId="omega_b0"/>
            <SimpleParameter symbId="omega_rb"/>
            <SimpleParameter symbId="omega_s0"/>
            <SimpleParameter symbId="omega_rs"/>
            <SimpleParameter symbId="omega_b0_s0"/>
            <SimpleParameter symbId="omega_b0_fr"/>
            <SimpleParameter symbId="omega_s0_fr"/>
           
            
            <!-- covariate parameters -->
            <SimpleParameter symbId="EF_B_G"/>
            <SimpleParameter symbId="EF_S_M"/>
            <SimpleParameter symbId="EF_S_P"/>
            <SimpleParameter symbId="beta_rb_P"/>
            <SimpleParameter symbId="beta_rb_M"/>
            <SimpleParameter symbId="beta_rs_P"/>
            <SimpleParameter symbId="beta_rs_M"/>
            
            <!-- Derived parameters -->
            <SimpleParameter symbId="K_in_FSI"> 
                <ct:Assign>
                    <Equation xmlns="http://www.pharmml.org/2013/03/Maths">
                        <Binop op="times">
                            <ct:Real>5</ct:Real>
                            <ct:SymbRef symbIdRef="K_out_FSI"/>
                        </Binop>
                    </Equation>
                </ct:Assign>
            </SimpleParameter>
            
            <SimpleParameter symbId="K_in_FPG">
                <ct:Assign>
                    <Equation xmlns="http://www.pharmml.org/2013/03/Maths">
                        <Binop op="times">
                            <ct:Real>22.5</ct:Real>
                            <ct:SymbRef symbIdRef="K_out_FPG"/>
                        </Binop>
                    </Equation>
                </ct:Assign>
            </SimpleParameter>
            
            <SimpleParameter symbId="K_in_Hb">
                <ct:Assign>
                    <Equation xmlns="http://www.pharmml.org/2013/03/Maths">
                        <Binop op="times">
                            <ct:SymbRef symbIdRef="frHb0"/>
                            <ct:SymbRef symbIdRef="K_out_Hb"/>
                        </Binop>
                    </Equation>
                </ct:Assign>
            </SimpleParameter>
            
            <SimpleParameter symbId="Hb0">
                <ct:Assign>
                    <Equation xmlns="http://www.pharmml.org/2013/03/Maths">
                        <Binop op="times">
                            <ct:SymbRef symbIdRef="frHb0"/>
                            <ct:SymbRef symbIdRef="FPG0"/>
                        </Binop>
                    </Equation>
                </ct:Assign>
            </SimpleParameter>
            
            <SimpleParameter symbId="FPG0">
                <ct:Assign>
                    <Equation xmlns="http://www.pharmml.org/2013/03/Maths">
                        <Binop op="divide">
                            <ct:Real>22.5</ct:Real>
                            <Binop op="times">
                                 <ct:SymbRef symbIdRef="S0"/>
                                 <ct:SymbRef symbIdRef="FSI0"/>
                            </Binop>
                        </Binop>
                    </Equation>
                </ct:Assign>
            </SimpleParameter>
            
            <SimpleParameter symbId="FSI0">
                <ct:Assign>
                    <Equation xmlns="http://www.pharmml.org/2013/03/Maths">
                        <Binop op="divide">
                            <Binop op="plus">
                                <Binop op="times">
                                    <Uniop op="minus">
                                        <ct:Real>5</ct:Real>
                                    </Uniop>
                                    <Binop op="times">
                                        <ct:Real>3.5</ct:Real>
                                        <ct:SymbRef symbIdRef="B0"/>
                                    </Binop>
                                </Binop>
                                <Binop op="root">
                                    <Binop op="plus">
                                        <Binop op="power">
                                            <Binop op="times">
                                                <ct:Real>5</ct:Real>
                                                <Binop op="times">
                                                    <ct:Real>3.5</ct:Real>
                                                    <ct:SymbRef symbIdRef="B0"/>
                                                </Binop>
                                            </Binop>
                                            <ct:Real>2</ct:Real>
                                        </Binop>
                                        <Binop op="times">
                                            <Binop op="times">
                                                <ct:Real>4</ct:Real>
                                                <Binop op="times">
                                                    <ct:Real>5</ct:Real>
                                                    <ct:Real>22.5</ct:Real>
                                                </Binop>
                                            </Binop>
                                            <Binop op="divide">
                                                <ct:SymbRef symbIdRef="B0"/>
                                                <ct:SymbRef symbIdRef="S0"/>
                                            </Binop>
                                        </Binop>
                                    </Binop>
                                    <ct:Real>2</ct:Real>
                                </Binop>
                            </Binop>
                            <ct:Real>2</ct:Real>
                        </Binop>
                    </Equation>
                </ct:Assign>
            </SimpleParameter>
            
            <SimpleParameter symbId="B0">
                <ct:Assign>
                    <Equation xmlns="http://www.pharmml.org/2013/03/Maths">
                        <Binop op="divide">
                            <ct:Real>1</ct:Real>
                            <Binop op="plus">
                                <ct:Real>1</ct:Real>
                                <Uniop op="exp">
                                    <ct:SymbRef symbIdRef="b0"/>
                                </Uniop>
                            </Binop>
                        </Binop>
                    </Equation>
                </ct:Assign>
            </SimpleParameter>
            
            <SimpleParameter symbId="S0">
                <ct:Assign>
                    <Equation xmlns="http://www.pharmml.org/2013/03/Maths">
                        <Binop op="divide">
                            <ct:Real>1</ct:Real>
                            <Binop op="plus">
                                <ct:Real>1</ct:Real>
                                <Uniop op="exp">
                                    <ct:SymbRef symbIdRef="s0"/>
                                </Uniop>
                            </Binop>
                        </Binop>
                    </Equation>
                </ct:Assign>
            </SimpleParameter>
            
            <SimpleParameter symbId="B">
                <ct:Assign>
                    <Equation xmlns="http://www.pharmml.org/2013/03/Maths">
                        <Binop op="divide">
                            <ct:Real>1</ct:Real>
                            <Binop op="plus">
                                <ct:Real>1</ct:Real>
                                <Uniop op="exp">
                                    <Binop op="plus">
                                        <ct:SymbRef symbIdRef="b0"/>
                                        <Binop op="times">
                                            <ct:SymbRef symbIdRef="rb"/>
                                            <ct:SymbRef symbIdRef="t"/>
                                        </Binop>
                                    </Binop>
                                </Uniop>
                            </Binop>
                        </Binop>
                    </Equation>
                </ct:Assign>
            </SimpleParameter>
            
            <SimpleParameter symbId="S">
                <ct:Assign>
                    <Equation xmlns="http://www.pharmml.org/2013/03/Maths">
                        <Binop op="divide">
                            <ct:Real>1</ct:Real>
                            <Binop op="plus">
                                <ct:Real>1</ct:Real>
                                <Uniop op="exp">
                                    <Binop op="plus">
                                        <ct:SymbRef symbIdRef="s0"/>
                                        <Binop op="times">
                                            <ct:SymbRef symbIdRef="rs"/>
                                            <ct:SymbRef symbIdRef="t"/>
                                        </Binop>
                                    </Binop>
                                </Uniop>
                            </Binop>
                        </Binop>
                    </Equation>
                </ct:Assign>
            </SimpleParameter>
            
                     
            <!-- ETA -->         
            <RandomVariable symbId="eta_EFF">
                <ct:VariabilityReference>
                    <ct:SymbRef blkIdRef="model" symbIdRef="indiv"/>
                </ct:VariabilityReference>
                <NormalDistribution xmlns="http://www.uncertml.org/3.0" definition="http://www.uncertml.org/distributions/normal">
                    <mean>
                        <rVal>0</rVal>
                    </mean>
                    <variance>
                        <var varId="omega_EFF"/>
                    </variance>
                </NormalDistribution>
            </RandomVariable>
            <IndividualParameter symbId="shift_EF_B_G">
                <ct:Assign>
                    <Equation xmlns="http://www.pharmml.org/2013/03/Maths">
                        <Binop op="times">
                            <ct:SymbRef symbIdRef="EF_B_G"/>
                            <Uniop op="exp">
                                <ct:SymbRef symbIdRef="eta_EFF"/>
                            </Uniop>
                        </Binop>
                    </Equation>
                </ct:Assign>
            </IndividualParameter> 
            <IndividualParameter symbId="shift_EF_S_M">
                <ct:Assign>
                    <Equation xmlns="http://www.pharmml.org/2013/03/Maths">
                        <Binop op="times">
                            <ct:SymbRef symbIdRef="EF_S_M"/>
                            <Uniop op="exp">
                                <ct:SymbRef symbIdRef="eta_EFF"/> 
                            </Uniop>
                        </Binop>
                    </Equation>
                </ct:Assign>
            </IndividualParameter>
            <IndividualParameter symbId="shift_EF_S_P">
                <ct:Assign>
                    <Equation xmlns="http://www.pharmml.org/2013/03/Maths">
                        <Binop op="times">
                            <ct:SymbRef symbIdRef="EF_S_P"/>
                            <Uniop op="exp">
                                <ct:SymbRef symbIdRef="eta_EFF"/>
                            </Uniop>
                        </Binop>
                    </Equation>
                </ct:Assign>
            </IndividualParameter>
            
            
            <RandomVariable symbId="eta_frHb0">
                <ct:VariabilityReference>
                    <ct:SymbRef blkIdRef="model" symbIdRef="indiv"/>
                </ct:VariabilityReference>
                <NormalDistribution xmlns="http://www.uncertml.org/3.0" definition="http://www.uncertml.org/distributions/normal">
                    <mean>
                        <rVal>0</rVal>
                    </mean>
                    <variance>
                        <var varId="omega_frHb0"/>
                    </variance>
                </NormalDistribution>
            </RandomVariable>
            <IndividualParameter symbId="frHb0">
                <GaussianModel>
                    <Transformation>log</Transformation>
                    <LinearCovariate>
                        <PopulationParameter>
                            <ct:Assign>
                                <ct:SymbRef symbIdRef="pop_frHb0"/>
                            </ct:Assign>
                        </PopulationParameter>
                    </LinearCovariate>
                    <RandomEffects>
                        <ct:SymbRef symbIdRef="eta_frHb0"/>
                    </RandomEffects>
                </GaussianModel>
            </IndividualParameter>
            
            <RandomVariable symbId="eta_b0">
                <ct:VariabilityReference>
                    <ct:SymbRef blkIdRef="model" symbIdRef="indiv"/>
                </ct:VariabilityReference>
                <NormalDistribution xmlns="http://www.uncertml.org/3.0" definition="http://www.uncertml.org/distributions/normal">
                    <mean>
                        <rVal>0</rVal>
                    </mean>
                    <variance>
                        <var varId="omega_b0"/>
                    </variance>
                </NormalDistribution>
            </RandomVariable>
            <IndividualParameter symbId="b0">
                <GaussianModel>
                    <Transformation>log</Transformation>
                    <LinearCovariate>
                        <PopulationParameter>
                            <ct:Assign>
                                <ct:SymbRef symbIdRef="pop_b0"/>
                            </ct:Assign>
                        </PopulationParameter>
                    </LinearCovariate>
                    <RandomEffects>
                        <ct:SymbRef symbIdRef="eta_b0"/>
                    </RandomEffects>
                </GaussianModel>
            </IndividualParameter>
            
            <RandomVariable symbId="eta_rb">
                <ct:VariabilityReference>
                    <ct:SymbRef blkIdRef="model" symbIdRef="indiv"/>
                </ct:VariabilityReference>
                <NormalDistribution xmlns="http://www.uncertml.org/3.0" definition="http://www.uncertml.org/distributions/normal">
                    <mean>
                        <rVal>0</rVal>
                    </mean>
                    <variance>
                        <var varId="omega_rb"/>
                    </variance>
                </NormalDistribution>
            </RandomVariable>
            <IndividualParameter symbId="rb">
                <GaussianModel>
                    <GeneralCovariate>
                        <ct:Assign>
                            <Equation xmlns="http://www.pharmml.org/2013/03/Maths">
                                <Binop op="times">
                                    <ct:SymbRef symbIdRef="pop_rb" blkIdRef="pm1"/>
                                    <Binop op="plus">
                                        <ct:Real>1</ct:Real>
                                        <Binop op="plus">
                                                <Binop op="times">
                                                    <ct:SymbRef symbIdRef="beta_rb_P"/>
                                                    <FunctionCall>
                                                        <ct:SymbRef symbIdRef="evaluate_P"/>
                                                        <FunctionArgument symbId="my_drug">
                                                            <ct:SymbRef blkIdRef="cov" symbIdRef="drug"/>
                                                        </FunctionArgument>
                                                    </FunctionCall>
                                                </Binop>
                                                <Binop op="times">
                                                    <ct:SymbRef symbIdRef="beta_rb_M"/>
                                                    <FunctionCall>
                                                        <ct:SymbRef symbIdRef="evaluate_M"/>
                                                        <FunctionArgument symbId="my_drug">
                                                            <ct:SymbRef blkIdRef="cov" symbIdRef="drug"/>
                                                        </FunctionArgument>
                                                    </FunctionCall>
                                                </Binop>
                                        </Binop>
                                    </Binop>
                                </Binop>
                            </Equation>
                        </ct:Assign>
                    </GeneralCovariate>
                    <RandomEffects>
                        <ct:SymbRef symbIdRef="eta_rb"/>
                    </RandomEffects>
                </GaussianModel>
            </IndividualParameter>

            <RandomVariable symbId="eta_s0">
                <ct:VariabilityReference>
                    <ct:SymbRef blkIdRef="model" symbIdRef="indiv"/>
                </ct:VariabilityReference>
                <NormalDistribution xmlns="http://www.uncertml.org/3.0" definition="http://www.uncertml.org/distributions/normal">
                    <mean>
                        <rVal>0</rVal>
                    </mean>
                    <variance>
                        <var varId="omega_s0"/>
                    </variance>
                </NormalDistribution>
            </RandomVariable>
            <IndividualParameter symbId="s0">
                <GaussianModel>
                    <Transformation>log</Transformation>
                    <LinearCovariate>
                        <PopulationParameter>
                            <ct:Assign>
                                <ct:SymbRef symbIdRef="pop_s0"/>
                            </ct:Assign>
                        </PopulationParameter>
                    </LinearCovariate>
                    <RandomEffects>
                        <ct:SymbRef symbIdRef="eta_s0"/>
                    </RandomEffects>
                </GaussianModel>
            </IndividualParameter>
            
            <RandomVariable symbId="eta_rs">
                <ct:VariabilityReference>
                    <ct:SymbRef blkIdRef="model" symbIdRef="indiv"/>
                </ct:VariabilityReference>
                <NormalDistribution xmlns="http://www.uncertml.org/3.0" definition="http://www.uncertml.org/distributions/normal">
                    <mean>
                        <rVal>0</rVal>
                    </mean>
                    <variance>
                        <var varId="omega_rs"/>
                    </variance>
                </NormalDistribution>
            </RandomVariable>
            <IndividualParameter symbId="rs">
                <GaussianModel>
                    <GeneralCovariate>
                        <ct:Assign>
                            <Equation xmlns="http://www.pharmml.org/2013/03/Maths">
                                <Binop op="times">
                                    <ct:SymbRef symbIdRef="pop_rs" blkIdRef="pm1"/>
                                    <Binop op="plus">
                                        <ct:Real>1</ct:Real>
                                        <Binop op="plus">
                                                <Binop op="times">
                                                    <ct:SymbRef symbIdRef="beta_rs_P"/>
                                                    <FunctionCall>
                                                        <ct:SymbRef symbIdRef="evaluate_P"/>
                                                        <FunctionArgument symbId="my_drug">
                                                            <ct:SymbRef blkIdRef="cov" symbIdRef="drug"/>
                                                        </FunctionArgument>
                                                    </FunctionCall>
                                                </Binop>
                                                <Binop op="times">
                                                    <ct:SymbRef symbIdRef="beta_rs_M"/>
                                                    <FunctionCall>
                                                        <ct:SymbRef symbIdRef="evaluate_M"/>
                                                        <FunctionArgument symbId="my_drug">
                                                            <ct:SymbRef blkIdRef="cov" symbIdRef="drug"/>
                                                        </FunctionArgument>
                                                    </FunctionCall>
                                                </Binop>
                                        </Binop>
                                    </Binop>
                                </Binop>
                            </Equation>
                        </ct:Assign>
                    </GeneralCovariate>
                    <RandomEffects>
                        <ct:SymbRef symbIdRef="eta_rs"/>
                    </RandomEffects>
                </GaussianModel>
            </IndividualParameter>
            
            <Correlation>
                <ct:VariabilityReference>
                    <ct:SymbRef symbIdRef="indiv" blkIdRef="model"/>
                </ct:VariabilityReference>
                <Pairwise>
                    <RandomVariable1>
                        <ct:SymbRef symbIdRef="eta_b0" blkIdRef="pm1"/>
                    </RandomVariable1>
                    <RandomVariable2>
                        <ct:SymbRef symbIdRef="eta_s0" blkIdRef="pm1"/>
                    </RandomVariable2>
                    <Covariance>
                        <ct:SymbRef symbIdRef="omega_b0_s0" blkIdRef="pm1"/>
                    </Covariance>
                </Pairwise>
            </Correlation>
            
            <Correlation>
                <ct:VariabilityReference>
                    <ct:SymbRef symbIdRef="indiv" blkIdRef="model"/>
                </ct:VariabilityReference>
                <Pairwise>
                    <RandomVariable1>
                        <ct:SymbRef symbIdRef="eta_b0" blkIdRef="pm1"/>
                    </RandomVariable1>
                    <RandomVariable2>
                        <ct:SymbRef symbIdRef="eta_frHb0" blkIdRef="pm1"/>
                    </RandomVariable2>
                    <Covariance>
                        <ct:SymbRef symbIdRef="omega_b0_fr" blkIdRef="pm1"/>
                    </Covariance>
                </Pairwise>
            </Correlation>
            
            <Correlation>
                <ct:VariabilityReference>
                    <ct:SymbRef symbIdRef="indiv" blkIdRef="model"/>
                </ct:VariabilityReference>
                <Pairwise>
                    <RandomVariable1>
                        <ct:SymbRef symbIdRef="eta_s0" blkIdRef="pm1"/>
                    </RandomVariable1>
                    <RandomVariable2>
                        <ct:SymbRef symbIdRef="eta_frHb0" blkIdRef="pm1"/>
                    </RandomVariable2>
                    <Covariance>
                        <ct:SymbRef symbIdRef="omega_s0_fr" blkIdRef="pm1"/>
                    </Covariance>
                </Pairwise>
            </Correlation>
            
        </ParameterModel>
        
        
        <!-- STRUCTURAL MODEL -->        
        <StructuralModel blkId="sm1">
            <!-- glyclazide -->
            <SimpleParameter symbId="D_G"/> <!-- presence of treatment -->
            <SimpleParameter symbId="EF_B">
                <ct:Assign>
                    <Equation xmlns="http://www.pharmml.org/2013/03/Maths">
                        <Binop op="plus">
                            <ct:Real>1</ct:Real>
                            <Binop op="times">
                                <ct:SymbRef symbIdRef="D_G"></ct:SymbRef>
                                <ct:SymbRef symbIdRef="shift_EF_B_G"/>
                            </Binop>
                        </Binop>
                    </Equation>
                </ct:Assign>
            </SimpleParameter>
            
            <!-- metformin -->
            <SimpleParameter symbId="D_M"/>
            <SimpleParameter symbId="D_P"/>
            <SimpleParameter symbId="EF_S">
                <ct:Assign>
                    <Equation xmlns="http://www.pharmml.org/2013/03/Maths">
                        <Binop op="plus">
                            <Binop op="plus">
                                <ct:Real>1</ct:Real>
                                <Binop op="times">
                                    <ct:SymbRef symbIdRef="D_M"></ct:SymbRef>
                                    <ct:SymbRef symbIdRef="shift_EF_S_M"/>
                                </Binop>
                            </Binop>
                            <Binop op="times">
                                <ct:SymbRef symbIdRef="D_P"></ct:SymbRef>
                                <ct:SymbRef symbIdRef="shift_EF_S_P"/>
                            </Binop>
                        </Binop>
                    </Equation>
                </ct:Assign>
            </SimpleParameter>
            
            <ct:DerivativeVariable symbId="FSI" symbolType="real">
                <ct:Assign>
                    <Equation xmlns="http://www.pharmml.org/2013/03/Maths">
                        <Binop op="minus">
                            <Binop op="times">
                                <Binop op="times">
                                    <ct:SymbRef symbIdRef="EF_B" blkIdRef="sm1"/>
                                    <ct:SymbRef symbIdRef="B" blkIdRef="pm1"></ct:SymbRef>
                                </Binop> 
                                <Binop op="times">
                                    <Binop op="minus">
                                        <ct:SymbRef symbIdRef="FPG"/>
                                        <ct:Real>3.5</ct:Real>
                                    </Binop>
                                    <ct:SymbRef symbIdRef="K_in_FSI" blkIdRef="pm1"/>
                                </Binop>
                            </Binop>
                            <Binop op="times">
                                <ct:SymbRef symbIdRef="FSI"/>
                                <ct:SymbRef symbIdRef="K_out_FSI"/>
                            </Binop>   
                        </Binop>
                    </Equation>
                </ct:Assign>
                <ct:IndependentVariable>
                    <ct:SymbRef symbIdRef="t"/>
                </ct:IndependentVariable>
                <ct:InitialCondition>
                    <ct:InitialValue>
                        <ct:Assign>
                            <ct:SymbRef blkIdRef="pm1" symbIdRef="FSI0"/>
                        </ct:Assign>
                    </ct:InitialValue>
                </ct:InitialCondition>
            </ct:DerivativeVariable>
                
                <ct:DerivativeVariable symbId="FPG" symbolType="real">
                    <ct:Assign>
                        <Equation xmlns="http://www.pharmml.org/2013/03/Maths">
                            <Binop op="minus">
                                <Binop op="divide">
                                    <ct:SymbRef symbIdRef="K_in_FPG" blkIdRef="pm1"/>
                                    <Binop op="times">
                                        <ct:SymbRef symbIdRef="EF_S" blkIdRef="pm1"/>
                                        <Binop op="times">
                                            <ct:SymbRef symbIdRef="S" blkIdRef="pm1"/>
                                            <ct:SymbRef symbIdRef="FSI"/>
                                        </Binop>
                                    </Binop>
                                </Binop>
                                <Binop op="times">
                                    <ct:SymbRef symbIdRef="FPG"/>
                                    <ct:SymbRef symbIdRef="K_out_FPG" blkIdRef="pm1"/>
                                </Binop>
                            </Binop>
                        </Equation>
                    </ct:Assign>
                    <ct:IndependentVariable>
                        <ct:SymbRef symbIdRef="t"/>
                    </ct:IndependentVariable>
                    <ct:InitialCondition>
                        <ct:InitialValue>
                            <ct:Assign>
                                <ct:SymbRef blkIdRef="pm1" symbIdRef="FPG0"/>
                            </ct:Assign>
                        </ct:InitialValue>
                    </ct:InitialCondition>
            </ct:DerivativeVariable>
            
            <ct:DerivativeVariable symbId="Hb" symbolType="real">
                <ct:Assign>
                    <Equation xmlns="http://www.pharmml.org/2013/03/Maths">
                        <Binop op="minus">
                            <Binop op="times">
                                <ct:SymbRef symbIdRef="FPG"/>
                                <ct:SymbRef symbIdRef="K_in_Hb" blkIdRef="pm1"/>
                            </Binop>
                            <Binop op="times">
                                <ct:SymbRef symbIdRef="Hb"/>
                                <ct:SymbRef symbIdRef="K_out_Hb" blkIdRef="pm1"/>
                            </Binop>
                        </Binop>
                    </Equation>
                </ct:Assign>
                <ct:IndependentVariable>
                    <ct:SymbRef symbIdRef="t"/>
                </ct:IndependentVariable>
                <ct:InitialCondition>
                    <ct:InitialValue>
                        <ct:Assign>
                            <ct:SymbRef blkIdRef="pm1" symbIdRef="Hb0"/>
                        </ct:Assign>
                    </ct:InitialValue>
                </ct:InitialCondition>
            </ct:DerivativeVariable>
            
        </StructuralModel>
        
        <!-- OBSERVATION MODEL: -->
        <ObservationModel blkId="obsFSI">
            <SimpleParameter symbId="resFSI"/>
            <SimpleParameter symbId="resFSI30"/>
            
            <RandomVariable symbId="epsFSI">
                <ct:VariabilityReference>
                    <ct:SymbRef blkIdRef="obsErr" symbIdRef="residual"/>
                </ct:VariabilityReference>
                <NormalDistribution xmlns="http://www.uncertml.org/3.0" definition="">
                    <mean>
                        <rVal>0</rVal>
                    </mean>
                    <variance>
                        <prVal>1</prVal>
                    </variance>
                </NormalDistribution>
            </RandomVariable>

            <Standard symbId="FSIobs">
                <Transformation>log</Transformation>
                <Output>
                    <ct:SymbRef blkIdRef="sm1" symbIdRef="FSI"/>
                </Output>
                <ErrorModel>
                    <ct:Assign>
                        <Equation xmlns="http://www.pharmml.org/2013/03/Maths">
                            <FunctionCall>
                                <ct:SymbRef symbIdRef="ObsDependentErrorModel"/>
                                <FunctionArgument symbId="a">
                                    <ct:SymbRef symbIdRef="resFSI"/>
                                </FunctionArgument>
                                <FunctionArgument symbId="b">
                                    <ct:SymbRef symbIdRef="resFSI30"/>
                                </FunctionArgument>
                                <FunctionArgument symbId="obs">
                                    <ct:SymbRef symbIdRef="FSIobs"/> <!-- is it ok ??? -->
                                </FunctionArgument>
                            </FunctionCall>
                        </Equation>
                    </ct:Assign>
                </ErrorModel>
                <ResidualError>
                    <ct:SymbRef symbIdRef="epsFSI"/>
                </ResidualError>
            </Standard>
        </ObservationModel>

        <ObservationModel blkId="obsFPG">
            <SimpleParameter symbId="resFPG"/>
            
            <RandomVariable symbId="epsFPG">
                <ct:VariabilityReference>
                    <ct:SymbRef blkIdRef="obsErr" symbIdRef="residual"/>
                </ct:VariabilityReference>
                <NormalDistribution xmlns="http://www.uncertml.org/3.0" definition="">
                    <mean>
                        <rVal>0</rVal>
                    </mean>
                    <variance>
                        <prVal>1</prVal>
                    </variance>
                </NormalDistribution>
            </RandomVariable>

            <Standard symbId="FPGobs">
                <Transformation>log</Transformation>
                <Output>
                    <ct:SymbRef blkIdRef="sm1" symbIdRef="FPG"/>
                </Output>
                <ErrorModel>
                    <ct:Assign>
                        <Equation xmlns="http://www.pharmml.org/2013/03/Maths">
                            <FunctionCall>
                                <ct:SymbRef symbIdRef="constantErrorModel"/>
                                <FunctionArgument symbId="a">
                                    <ct:SymbRef symbIdRef="resFPG"/>
                                </FunctionArgument>
                            </FunctionCall>
                        </Equation>
                    </ct:Assign>
                </ErrorModel>
                <ResidualError>
                    <ct:SymbRef symbIdRef="epsFPG"/>
                </ResidualError>
            </Standard>
        </ObservationModel>

        <ObservationModel blkId="obsHb">
            <SimpleParameter symbId="resHb"/>
            
            <RandomVariable symbId="epsHb">
                <ct:VariabilityReference>
                    <ct:SymbRef blkIdRef="obsErr" symbIdRef="residual"/>
                </ct:VariabilityReference>
                <NormalDistribution xmlns="http://www.uncertml.org/3.0" definition="">
                    <mean>
                        <rVal>0</rVal>
                    </mean>
                    <variance>
                        <prVal>1</prVal>
                    </variance>
                </NormalDistribution>
            </RandomVariable>
            
            <Standard symbId="Hbobs">
                <Transformation>log</Transformation>
                <Output>
                    <ct:SymbRef blkIdRef="sm1" symbIdRef="Hb"/>
                </Output>
                <ErrorModel>
                    <ct:Assign>
                        <Equation xmlns="http://www.pharmml.org/2013/03/Maths">
                            <FunctionCall>
                                <ct:SymbRef symbIdRef="constantErrorModel"/>
                                <FunctionArgument symbId="a">
                                    <ct:SymbRef symbIdRef="resHb"/>
                                </FunctionArgument>
                            </FunctionCall>
                        </Equation>
                    </ct:Assign>
                </ErrorModel>
                <ResidualError>
                    <ct:SymbRef symbIdRef="epsHb"/>
                </ResidualError>
            </Standard>
        </ObservationModel>

    </ModelDefinition>

    <TrialDesign xmlns="http://www.pharmml.org/2013/03/TrialDesign">
        <Structure>
            <Epoch oid="ep1">
                <Start>
                    <ct:Real>0</ct:Real>
                </Start>
                <End>
                    <ct:Real>2</ct:Real>
                </End>
                <Order>1</Order>
            </Epoch>
            <Epoch oid="ep2">
                <Start>
                    <ct:Real>0</ct:Real>
                </Start>
                <End>
                    <ct:Real>52</ct:Real>
                </End>
                <Order>2</Order>
            </Epoch>
            <Arm oid="armM"/>
            <Arm oid="armP"/>
            <Arm oid="armG"/>
            <Cell oid="cell1">
                <EpochRef oidRef="ep1"/>
                <ArmRef oidRef="armM"/>
                <SegmentRef oidRef="wash"/>
            </Cell>
            <Cell oid="cell2">
                <EpochRef oidRef="ep2"/>
                <ArmRef oidRef="armM"/>
                <SegmentRef oidRef="tr_M"/>
            </Cell>
            <Cell oid="cell3">
                <EpochRef oidRef="ep1"/>
                <ArmRef oidRef="armP"/>
                <SegmentRef oidRef="wash"/>
            </Cell>
            <Cell oid="cell4">
                <EpochRef oidRef="ep2"/>
                <ArmRef oidRef="armP"/>
                <SegmentRef oidRef="tr_P"/>
            </Cell>
            <Cell oid="cell5">
                <EpochRef oidRef="ep1"/>
                <ArmRef oidRef="armG"/>
                <SegmentRef oidRef="wash"/>
            </Cell>
            <Cell oid="cell6">
                <EpochRef oidRef="ep2"/>
                <ArmRef oidRef="armG"/>
                <SegmentRef oidRef="tr_G"/>
            </Cell>            
            <Segment oid="wash">
                <ActivityRef oidRef="act_wash"/>
            </Segment>
            <Segment oid="tr_M">
                <ActivityRef oidRef="act_tr_M"/>
            </Segment>
            <Segment oid="tr_P">
                <ActivityRef oidRef="act_tr_P"/>
            </Segment>
            <Segment oid="tr_G">
                <ActivityRef oidRef="act_tr_G"/>
            </Segment>
            
            <Activity oid="act_wash">
                <Washout/>
            </Activity>
            <Activity oid="act_tr_M">
                <Infusion>
                    <DoseAmount inputTarget="parameter">
                        <ct:SymbRef symbIdRef="D_M" blkIdRef="sm1"/>
                        <ct:Assign>
                            <ct:Real>52</ct:Real>
                        </ct:Assign>
                    </DoseAmount>
                    <DosingTimes>
                        <ct:Assign>
                            <ct:Int>0</ct:Int>
                        </ct:Assign>
                    </DosingTimes>
                    <Duration>
                        <ct:Assign>
                            <ct:Int>52</ct:Int>
                        </ct:Assign>
                    </Duration>
                </Infusion>
            </Activity>
            <Activity oid="act_tr_P">
                <Infusion>
                    <DoseAmount inputTarget="parameter">
                        <ct:SymbRef symbIdRef="D_P" blkIdRef="sm1"/>
                        <ct:Assign>
                            <ct:Real>52</ct:Real>
                        </ct:Assign>
                    </DoseAmount>
                    <DosingTimes>
                        <ct:Assign>
                            <ct:Int>0</ct:Int>
                        </ct:Assign>
                    </DosingTimes>
                    <Duration>
                        <ct:Assign>
                            <ct:Int>52</ct:Int>
                        </ct:Assign>
                    </Duration>
                </Infusion>
            </Activity>
            <Activity oid="act_tr_G">
                <Infusion>
                    <DoseAmount inputTarget="parameter">
                        <ct:SymbRef symbIdRef="D_G" blkIdRef="sm1"/> <!-- CHECK!!! -->
                        <ct:Assign>
                            <ct:Real>52</ct:Real>
                        </ct:Assign>
                    </DoseAmount>
                    <DosingTimes>
                        <ct:Assign>
                            <ct:Int>0</ct:Int>
                        </ct:Assign>
                    </DosingTimes>
                    <Duration>
                        <ct:Assign>
                            <ct:Int>52</ct:Int>
                        </ct:Assign>
                    </Duration>
                </Infusion>
            </Activity>
        </Structure>

        <Population>
            <ct:VariabilityReference>
                <ct:SymbRef blkIdRef="model" symbIdRef="indiv"/>
            </ct:VariabilityReference>
            <ColumnMapping>
                <ColumnRef xmlns="http://www.pharmml.org/2013/08/Dataset" columnIdRef="DRUG"/>
                <ct:SymbRef symbIdRef="drug" blkIdRef="cov"/>
            </ColumnMapping>
            <DataSet xmlns="http://www.pharmml.org/2013/08/Dataset">
                <Definition>
                    <Column columnId="ID" columnType="id" valueType="id" columnNum="1"/>
                    <Column columnId="ARM" columnType="covariate" valueType="id" columnNum="2"/>
                    <Column columnId="DRUG" columnType="dose" valueType="id" columnNum="3"/>
                </Definition>
                <Table>
                    <Row>
                        <ct:Id>s1</ct:Id>
                        <ct:Id>armM</ct:Id>
                        <ct:Id>M</ct:Id>
                    </Row>
                    <Row>
                        <ct:Id>s2</ct:Id>
                        <ct:Id>armM</ct:Id>
                        <ct:Id>M</ct:Id>
                    </Row>
                    <Row>
                        <ct:Id>s3</ct:Id>
                        <ct:Id>armP</ct:Id>
                        <ct:Id>P</ct:Id>
                    </Row>
                    <Row>
                        <ct:Id>s4</ct:Id>
                        <ct:Id>armG</ct:Id>
                        <ct:Id>G</ct:Id>
                    </Row>
                </Table>
            </DataSet>
        </Population>
    </TrialDesign>
    
    <ModellingSteps xmlns="http://www.pharmml.org/2013/03/ModellingSteps">
        <EstimationStep oid="est1">
            <ObjectiveDataSet>
                <ColumnMapping>
                    <ColumnRef xmlns="http://www.pharmml.org/2013/08/Dataset" columnIdRef="time"/>
                    <ct:SymbRef symbIdRef="t"/>
                </ColumnMapping>
                <ColumnMapping>
                    <ColumnRef xmlns="http://www.pharmml.org/2013/08/Dataset" columnIdRef="fsi"/>
                    <ct:SymbRef blkIdRef="obsFSI" symbIdRef="FSIobs"/>
                </ColumnMapping>
                <ColumnMapping>
                    <ColumnRef xmlns="http://www.pharmml.org/2013/08/Dataset" columnIdRef="fpg"/>
                    <ct:SymbRef blkIdRef="obsFPG" symbIdRef="FPGobs"/>
                </ColumnMapping>
                <ColumnMapping>
                    <ColumnRef xmlns="http://www.pharmml.org/2013/08/Dataset" columnIdRef="hb"/>
                    <ct:SymbRef blkIdRef="obsHb" symbIdRef="Hbobs"/>
                </ColumnMapping>
                
                <DataSet xmlns="http://www.pharmml.org/2013/08/Dataset">
                    <Definition>
                        <Column columnId="ID" columnType="id" valueType="id" columnNum="1"/>
                        <Column columnId="time" columnType="idv" valueType="real" columnNum="2"/>
                        <Column columnId="fsi" columnType="dv" valueType="real" columnNum="3"/>
                        <Column columnId="fpg" columnType="dv" valueType="real" columnNum="4"/>
                        <Column columnId="hb" columnType="dv" valueType="real" columnNum="5"/>
                    </Definition>
                    <Table>
                        <Row><ct:Id>s1</ct:Id><ct:Real>0</ct:Real><ct:Real>20</ct:Real><ct:Real>10</ct:Real><ct:Real>7</ct:Real></Row>
                        <Row><ct:Id>s1</ct:Id><ct:Real>10</ct:Real><ct:Real>21</ct:Real><ct:Real>9</ct:Real><ct:Real>6.5</ct:Real></Row>
                        <Row><ct:Id>s1</ct:Id><ct:Real>20</ct:Real><ct:Real>22</ct:Real><ct:Real>9</ct:Real><ct:Real>7</ct:Real></Row>
                        <Row><ct:Id>s1</ct:Id><ct:Real>50</ct:Real><ct:Real>23</ct:Real><ct:Real>10</ct:Real><ct:Real>7</ct:Real></Row>
                        <Row><ct:Id>s2</ct:Id><ct:Real>0</ct:Real><ct:Real>20</ct:Real><ct:Real>10</ct:Real><ct:Real>7</ct:Real></Row>
                        <Row><ct:Id>s2</ct:Id><ct:Real>10</ct:Real><ct:Real>21</ct:Real><ct:Real>9</ct:Real><ct:Real>6.5</ct:Real></Row>
                        <Row><ct:Id>s2</ct:Id><ct:Real>20</ct:Real><ct:Real>22</ct:Real><ct:Real>9</ct:Real><ct:Real>7</ct:Real></Row>
                        <Row><ct:Id>s2</ct:Id><ct:Real>50</ct:Real><ct:Real>23</ct:Real><ct:Real>10</ct:Real><ct:Real>7</ct:Real></Row>
                        <Row><ct:Id>s3</ct:Id><ct:Real>0</ct:Real><ct:Real>20</ct:Real><ct:Real>10</ct:Real><ct:Real>7</ct:Real></Row>
                        <Row><ct:Id>s3</ct:Id><ct:Real>10</ct:Real><ct:Real>21</ct:Real><ct:Real>9</ct:Real><ct:Real>6.5</ct:Real></Row>
                        <Row><ct:Id>s3</ct:Id><ct:Real>20</ct:Real><ct:Real>22</ct:Real><ct:Real>9</ct:Real><ct:Real>7</ct:Real></Row>
                        <Row><ct:Id>s3</ct:Id><ct:Real>50</ct:Real><ct:Real>23</ct:Real><ct:Real>10</ct:Real><ct:Real>7</ct:Real></Row>
                        <Row><ct:Id>s4</ct:Id><ct:Real>0</ct:Real><ct:Real>20</ct:Real><ct:Real>10</ct:Real><ct:Real>7</ct:Real></Row>
                        <Row><ct:Id>s4</ct:Id><ct:Real>10</ct:Real><ct:Real>21</ct:Real><ct:Real>9</ct:Real><ct:Real>6.5</ct:Real></Row>
                        <Row><ct:Id>s4</ct:Id><ct:Real>20</ct:Real><ct:Real>22</ct:Real><ct:Real>9</ct:Real><ct:Real>7</ct:Real></Row>
                        <Row><ct:Id>s4</ct:Id><ct:Real>50</ct:Real><ct:Real>23</ct:Real><ct:Real>10</ct:Real><ct:Real>7</ct:Real></Row>
                    </Table>
                </DataSet>
            </ObjectiveDataSet>
            <ParametersToEstimate>
                <ParameterEstimation>
                    <ct:SymbRef symbIdRef="K_out_FPG" blkIdRef="pm1"/>
                    <InitialEstimate fixed="false">
                        <ct:Real>0.021</ct:Real>
                    </InitialEstimate>
                </ParameterEstimation>
                <ParameterEstimation>
                    <ct:SymbRef symbIdRef="K_out_Hb" blkIdRef="pm1"/>
                    <InitialEstimate fixed="false">
                        <ct:Real>0.0272</ct:Real>
                    </InitialEstimate>
                </ParameterEstimation>
                <ParameterEstimation>
                    <ct:SymbRef symbIdRef="pop_frHb0" blkIdRef="pm1"/>
                    <InitialEstimate fixed="false">
                        <ct:Real>0.82</ct:Real>
                    </InitialEstimate>
                </ParameterEstimation>
                <ParameterEstimation>
                    <ct:SymbRef symbIdRef="pop_b0" blkIdRef="pm1"/>
                    <InitialEstimate fixed="false">
                        <ct:Real>0.635</ct:Real>
                    </InitialEstimate>
                </ParameterEstimation>
                <ParameterEstimation>
                    <ct:SymbRef symbIdRef="pop_rb" blkIdRef="pm1"/>
                    <InitialEstimate fixed="false">
                        <ct:Real>0.178</ct:Real>
                    </InitialEstimate>
                </ParameterEstimation>
                <ParameterEstimation>
                    <ct:SymbRef symbIdRef="pop_s0" blkIdRef="pm1"/>
                    <InitialEstimate fixed="false">
                        <ct:Real>1.38</ct:Real>
                    </InitialEstimate>
                </ParameterEstimation>
                <ParameterEstimation>
                    <ct:SymbRef symbIdRef="pop_rs" blkIdRef="pm1"/>
                    <InitialEstimate fixed="false">
                        <ct:Real>0.245</ct:Real>
                    </InitialEstimate>
                </ParameterEstimation>
                <ParameterEstimation>
                    <ct:SymbRef symbIdRef="EF_B_G" blkIdRef="pm1"/>
                    <InitialEstimate fixed="false">
                        <ct:Real>1.115</ct:Real>
                    </InitialEstimate>
                </ParameterEstimation>
                <ParameterEstimation>
                    <ct:SymbRef symbIdRef="EF_S_M" blkIdRef="pm1"/>
                    <InitialEstimate fixed="false">
                        <ct:Real>0.699</ct:Real>
                    </InitialEstimate>
                </ParameterEstimation>
                <ParameterEstimation>
                    <ct:SymbRef symbIdRef="EF_S_P" blkIdRef="pm1"/>
                    <InitialEstimate fixed="false">
                        <ct:Real>0.649</ct:Real>
                    </InitialEstimate>
                </ParameterEstimation>
                <ParameterEstimation>
                    <ct:SymbRef symbIdRef="beta_rb_P" blkIdRef="pm1"/>
                    <InitialEstimate fixed="false">
                        <ct:Real>-2.24</ct:Real>
                    </InitialEstimate>
                </ParameterEstimation>
                <ParameterEstimation>
                    <ct:SymbRef symbIdRef="beta_rb_M" blkIdRef="pm1"/>
                    <InitialEstimate fixed="false">
                        <ct:Real>-2.82</ct:Real>
                    </InitialEstimate>
                </ParameterEstimation>
                <ParameterEstimation>
                    <ct:SymbRef symbIdRef="beta_rs_P" blkIdRef="pm1"/>
                    <InitialEstimate fixed="false">
                        <ct:Real>0.567</ct:Real>
                    </InitialEstimate>
                </ParameterEstimation>
                <ParameterEstimation>
                    <ct:SymbRef symbIdRef="beta_rs_M" blkIdRef="pm1"/>
                    <InitialEstimate fixed="false">
                        <ct:Real>1.01</ct:Real>
                    </InitialEstimate>
                </ParameterEstimation>
                
                <ParameterEstimation>
                    <ct:SymbRef symbIdRef="omega_EFF" blkIdRef="pm1"/>
                    <InitialEstimate fixed="false">
                        <ct:Real>0.13</ct:Real>
                    </InitialEstimate>
                </ParameterEstimation>
                <ParameterEstimation>
                    <ct:SymbRef symbIdRef="omega_frHb0" blkIdRef="pm1"/>
                    <InitialEstimate fixed="false">
                        <ct:Real>0.0158</ct:Real>
                    </InitialEstimate>
                </ParameterEstimation>
                <ParameterEstimation>
                    <ct:SymbRef symbIdRef="omega_b0" blkIdRef="pm1"/>
                    <InitialEstimate fixed="false">
                        <ct:Real>0.967</ct:Real>
                    </InitialEstimate>
                </ParameterEstimation>
                <ParameterEstimation>
                    <ct:SymbRef symbIdRef="omega_rb" blkIdRef="pm1"/>
                    <InitialEstimate fixed="false">
                        <ct:Real>0.0125</ct:Real>
                    </InitialEstimate>
                </ParameterEstimation>
                <ParameterEstimation>
                    <ct:SymbRef symbIdRef="omega_s0" blkIdRef="pm1"/>
                    <InitialEstimate fixed="false">
                        <ct:Real>0.519</ct:Real>
                    </InitialEstimate>
                </ParameterEstimation>
                <ParameterEstimation>
                    <ct:SymbRef symbIdRef="omega_rs" blkIdRef="pm1"/>
                    <InitialEstimate fixed="false">
                        <ct:Real>0.00805</ct:Real>
                    </InitialEstimate>
                </ParameterEstimation>

                <ParameterEstimation>
                    <ct:SymbRef symbIdRef="omega_b0_s0" blkIdRef="pm1"/>
                    <InitialEstimate fixed="false">
                        <ct:Real>-0.48</ct:Real>
                    </InitialEstimate>
                </ParameterEstimation>
                <ParameterEstimation>
                    <ct:SymbRef symbIdRef="omega_b0_fr" blkIdRef="pm1"/>
                    <InitialEstimate fixed="false">
                        <ct:Real>-0.053</ct:Real>
                    </InitialEstimate>
                </ParameterEstimation>
                <ParameterEstimation>
                    <ct:SymbRef symbIdRef="omega_s0_fr" blkIdRef="pm1"/>
                    <InitialEstimate fixed="false">
                        <ct:Real>-0.0185</ct:Real>
                    </InitialEstimate>
                </ParameterEstimation>
                
                <!-- STD DEV: ERROR MODEL -->
                <ParameterEstimation>
                    <ct:SymbRef symbIdRef="resFSI" blkIdRef="obsFSI"/>
                    <InitialEstimate fixed="false">
                        <ct:Real> 0.2984962</ct:Real>
                    </InitialEstimate>
                </ParameterEstimation>
                <ParameterEstimation>
                    <ct:SymbRef symbIdRef="resFSI30" blkIdRef="obsFSI"/>
                    <InitialEstimate fixed="false">
                        <ct:Real>0.6123724</ct:Real>
                    </InitialEstimate>
                </ParameterEstimation>
                <ParameterEstimation>
                    <ct:SymbRef symbIdRef="resFPG" blkIdRef="obsFPG"/>
                    <InitialEstimate fixed="false">
                        <ct:Real>0.1276715</ct:Real>
                    </InitialEstimate>
                </ParameterEstimation>
                <ParameterEstimation>
                    <ct:SymbRef symbIdRef="resHb" blkIdRef="obsHb"/>
                    <InitialEstimate fixed="false">
                        <ct:Real>0.0438178</ct:Real>
                    </InitialEstimate>
                </ParameterEstimation>
                
            </ParametersToEstimate>
            <Operation order="1" opType="estPop"/>
            <Operation order="2" opType="estIndiv"/>
            <Operation order="3" opType="estFIM"/>
        </EstimationStep>
        <StepDependencies>
            <Step>
                <ct:OidRef oidRef="est1"/>
            </Step>
        </StepDependencies>
    </ModellingSteps>
    
    
    <!-- per ora non ho descritto: EF_B e EF_S in funzione del farmaco -->
</PharmML>


