<?xml version="1.0" encoding="UTF-8"?>
<PharmML xmlns="http://www.pharmml.org/2013/03/PharmML" 
  xmlns:xsi="http://www.w3.org/2001/XMLSchema-instance" 
  xsi:schemaLocation="http://www.pharmml.org/2013/03/PharmML http://www.pharmml.org/2013/03/PharmML" 
  writtenVersion="0.3" id="i1">
  
  <ct:Name xmlns:ct="http://www.pharmml.org/2013/03/CommonTypes" id="i1">Friberg - CPT 2009</ct:Name>
  
  <ct:Description xmlns:ct="http://www.pharmml.org/2013/03/CommonTypes" id="i2">This model is based on the publication:An agonist-antagonist interaction model for prolactin release follwing risperidone and paliperidone treatment 
        Friberg LE, Vermeulen AM, Petersson KJF, and Karlsson MO. CPT 2009; 85(4), 2009.</ct:Description>
  <IndependentVariable symbId="t"/>
  <ct:FunctionDefinition xmlns:ct="http://www.pharmml.org/2013/03/CommonTypes" symbId="constantErrorModel" symbolType="real">
    <ct:FunctionArgument symbId="a" symbolType="real"/>
    <ct:Definition>
      <ct:SymbRef symbIdRef="a"/>
    </ct:Definition>
  </ct:FunctionDefinition>
  <ModelDefinition xmlns="http://www.pharmml.org/2013/03/ModelDefinition">
    <VariabilityModel blkId="model" type="parameterVariability">
      <Level symbId="indiv"/>
      <Level symbId="iov1">
        <ParentLevel>
          <ct:SymbRef xmlns:ct="http://www.pharmml.org/2013/03/CommonTypes" symbIdRef="indiv"/>
        </ParentLevel>
      </Level>
    </VariabilityModel>
    <VariabilityModel blkId="obsErr" type="residualError">
      <Level symbId="residual"/>
    </VariabilityModel>
    <CovariateModel blkId="c1">
      <Covariate symbId="Pat">
        <Categorical>
          <Category catId="PAT">
            <ct:Name xmlns:ct="http://www.pharmml.org/2013/03/CommonTypes">PAT</ct:Name>
          </Category>
          <Category catId="HV">
            <ct:Name xmlns:ct="http://www.pharmml.org/2013/03/CommonTypes">HV</ct:Name>
          </Category>
        </Categorical>
      </Covariate>
      <Covariate symbId="Sex">
        <Categorical>
          <Category catId="F">
            <ct:Name xmlns:ct="http://www.pharmml.org/2013/03/CommonTypes">Female</ct:Name>
          </Category>
          <Category catId="M">
            <ct:Name xmlns:ct="http://www.pharmml.org/2013/03/CommonTypes">Male</ct:Name>
          </Category>
        </Categorical>
      </Covariate>
      <Covariate symbId="Study">
        <Categorical>
          <Category catId="STUD1">
            <ct:Name xmlns:ct="http://www.pharmml.org/2013/03/CommonTypes">STUD1</ct:Name>
          </Category>
          <Category catId="STUD28">
            <ct:Name xmlns:ct="http://www.pharmml.org/2013/03/CommonTypes">STUD28</ct:Name>
          </Category>
          <Category catId="STUD61">
            <ct:Name xmlns:ct="http://www.pharmml.org/2013/03/CommonTypes">STUD61</ct:Name>
          </Category>
          <Category catId="STUD101">
            <ct:Name xmlns:ct="http://www.pharmml.org/2013/03/CommonTypes">STUD101</ct:Name>
          </Category>
          <Category catId="STUD302">
            <ct:Name xmlns:ct="http://www.pharmml.org/2013/03/CommonTypes">STUD302</ct:Name>
          </Category>
          <Category catId="STUD9005">
            <ct:Name xmlns:ct="http://www.pharmml.org/2013/03/CommonTypes">STUD9005</ct:Name>
          </Category>
        </Categorical>
      </Covariate>
      <Covariate symbId="Occasion">
        <Categorical>
          <Category catId="occ1">
            <ct:Name xmlns:ct="http://www.pharmml.org/2013/03/CommonTypes">1</ct:Name>
          </Category>
          <Category catId="occ2">
            <ct:Name xmlns:ct="http://www.pharmml.org/2013/03/CommonTypes">2</ct:Name>
          </Category>
          <Category catId="occ3">
            <ct:Name xmlns:ct="http://www.pharmml.org/2013/03/CommonTypes">3</ct:Name>
          </Category>
          <Category catId="occ4">
            <ct:Name xmlns:ct="http://www.pharmml.org/2013/03/CommonTypes">4</ct:Name>
          </Category>
        </Categorical>
      </Covariate>
    </CovariateModel>
    <ParameterModel blkId="pm1">
      <SimpleParameter symbId="CLI"/>
      <SimpleParameter symbId="VCI"/>
      <SimpleParameter symbId="VPI"/>
      <SimpleParameter symbId="QI"/>
      <SimpleParameter symbId="KAI"/>
      <SimpleParameter symbId="FI"/>
      <SimpleParameter symbId="DURI"/>
      <SimpleParameter symbId="LAGI"/>
      <SimpleParameter symbId="D2">
        <ct:Assign xmlns:ct="http://www.pharmml.org/2013/03/CommonTypes">
          <ct:Real>0.5</ct:Real>
        </ct:Assign>
      </SimpleParameter>
      <SimpleParameter symbId="F2">
        <ct:Assign xmlns:ct="http://www.pharmml.org/2013/03/CommonTypes">
          <ct:Real>1</ct:Real>
        </ct:Assign>
      </SimpleParameter>
      <SimpleParameter symbId="KDA"/>
      <SimpleParameter symbId="UPDA"/>
      <SimpleParameter symbId="DPHS"/>
      <SimpleParameter symbId="PHS1">
        <ct:Assign xmlns:ct="http://www.pharmml.org/2013/03/CommonTypes">
          <math:Equation xmlns:math="http://www.pharmml.org/2013/03/Maths">
            <math:Piecewise>
              <math:Piece>
                <ct:SymbRef symbIdRef="PHS1"/>
                <math:Condition>
                  <math:LogicBinop op="eq">
                    <ct:SymbRef blkIdRef="c1" symbIdRef="Pat"/>
                    <ct:SymbRef blkIdRef="c1" symbIdRef="HV"/>
                  </math:LogicBinop>
                </math:Condition>
              </math:Piece>
              <math:Piece>
                <math:Binop op="plus">
                  <ct:SymbRef symbIdRef="PHS1"/>
                  <ct:SymbRef symbIdRef="DPHS"/>
                </math:Binop>
                <math:Condition>
                  <math:LogicBinop op="eq">
                    <ct:SymbRef blkIdRef="c1" symbIdRef="Pat"/>
                    <ct:SymbRef blkIdRef="c1" symbIdRef="PAT"/>
                  </math:LogicBinop>
                </math:Condition>
              </math:Piece>
            </math:Piecewise>
          </math:Equation>
        </ct:Assign>
      </SimpleParameter>
      <SimpleParameter symbId="AMP2"/>
      <SimpleParameter symbId="pop_KOUT"/>
      <SimpleParameter symbId="omega_KOUT"/>
      <RandomVariable symbId="eta_KOUT">
        <ct:VariabilityReference xmlns:ct="http://www.pharmml.org/2013/03/CommonTypes">
          <ct:SymbRef blkIdRef="model" symbIdRef="indiv"/>
        </ct:VariabilityReference>
        <NormalDistribution xmlns="http://www.uncertml.org/3.0" definition="http://www.uncertml.org/distributions/normal">
          <mean>
            <rVal>0</rVal>
          </mean>
          <stddev>
            <var varId="omega_KOUT"/>
          </stddev>
        </NormalDistribution>
      </RandomVariable>
      <IndividualParameter symbId="KOUT">
        <GaussianModel>
          <Transformation>log</Transformation>
          <LinearCovariate>
            <PopulationParameter>
              <ct:Assign xmlns:ct="http://www.pharmml.org/2013/03/CommonTypes">
                <ct:SymbRef symbIdRef="pop_KOUT"/>
              </ct:Assign>
            </PopulationParameter>
          </LinearCovariate>
          <RandomEffects>
            <ct:SymbRef xmlns:ct="http://www.pharmml.org/2013/03/CommonTypes" symbIdRef="eta_KOUT"/>
          </RandomEffects>
        </GaussianModel>
      </IndividualParameter>
      <SimpleParameter symbId="pop_PRL0">
        <ct:Assign xmlns:ct="http://www.pharmml.org/2013/03/CommonTypes">
          <math:Equation xmlns:math="http://www.pharmml.org/2013/03/Maths">
            <math:Piecewise>
              <math:Piece>
                <ct:SymbRef symbIdRef="pop_PRL0"/>
                <math:Condition>
                  <math:LogicBinop op="eq">
                    <ct:SymbRef blkIdRef="c1" symbIdRef="Pat"/>
                    <ct:SymbRef blkIdRef="c1" symbIdRef="HV"/>
                  </math:LogicBinop>
                </math:Condition>
              </math:Piece>
              <math:Piece>
                <ct:SymbRef symbIdRef="pop_PRL0PATM"/>
                <math:Condition>
                  <math:LogicBinop op="and">
                    <math:LogicBinop op="and">
                      <math:LogicBinop op="eq">
                        <ct:SymbRef blkIdRef="c1" symbIdRef="Pat"/>
                        <ct:SymbRef blkIdRef="c1" symbIdRef="PAT"/>
                      </math:LogicBinop>
                      <math:LogicBinop op="eq">
                        <ct:SymbRef blkIdRef="c1" symbIdRef="Sex"/>
                        <ct:SymbRef blkIdRef="c1" symbIdRef="M"/>
                      </math:LogicBinop>
                    </math:LogicBinop>
                    <math:LogicBinop op="neq">
                      <ct:SymbRef symbIdRef="Study"/>
                      <ct:SymbRef symbIdRef="STU101"/>
                    </math:LogicBinop>
                  </math:LogicBinop>
                </math:Condition>
              </math:Piece>
              <math:Piece>
                <ct:SymbRef symbIdRef="pop_PRL0PATF"/>
                <math:Condition>
                  <math:LogicBinop op="and">
                    <math:LogicBinop op="and">
                      <math:LogicBinop op="eq">
                        <ct:SymbRef blkIdRef="c1" symbIdRef="Pat"/>
                        <ct:SymbRef blkIdRef="c1" symbIdRef="PAT"/>
                      </math:LogicBinop>
                      <math:LogicBinop op="eq">
                        <ct:SymbRef blkIdRef="c1" symbIdRef="Sex"/>
                        <ct:SymbRef blkIdRef="c1" symbIdRef="F"/>
                      </math:LogicBinop>
                    </math:LogicBinop>
                    <math:LogicBinop op="neq">
                      <ct:SymbRef symbIdRef="Study"/>
                      <ct:SymbRef symbIdRef="STU101"/>
                    </math:LogicBinop>
                  </math:LogicBinop>
                </math:Condition>
              </math:Piece>
              <math:Piece>
                <ct:SymbRef symbIdRef="pop_PRL0ST101M"/>
                <math:Condition>
                  <math:LogicBinop op="and">
                    <math:LogicBinop op="and">
                      <math:LogicBinop op="eq">
                        <ct:SymbRef blkIdRef="c1" symbIdRef="Pat"/>
                        <ct:SymbRef blkIdRef="c1" symbIdRef="PAT"/>
                      </math:LogicBinop>
                      <math:LogicBinop op="eq">
                        <ct:SymbRef blkIdRef="c1" symbIdRef="Sex"/>
                        <ct:SymbRef blkIdRef="c1" symbIdRef="M"/>
                      </math:LogicBinop>
                    </math:LogicBinop>
                    <math:LogicBinop op="eq">
                      <ct:SymbRef symbIdRef="Study"/>
                      <ct:SymbRef symbIdRef="STU101"/>
                    </math:LogicBinop>
                  </math:LogicBinop>
                </math:Condition>
              </math:Piece>
              <math:Piece>
                <ct:SymbRef symbIdRef="pop_PRL0ST101F"/>
                <math:Condition>
                  <math:LogicBinop op="and">
                    <math:LogicBinop op="and">
                      <math:LogicBinop op="eq">
                        <ct:SymbRef blkIdRef="c1" symbIdRef="Pat"/>
                        <ct:SymbRef blkIdRef="c1" symbIdRef="PAT"/>
                      </math:LogicBinop>
                      <math:LogicBinop op="eq">
                        <ct:SymbRef blkIdRef="c1" symbIdRef="Sex"/>
                        <ct:SymbRef blkIdRef="c1" symbIdRef="F"/>
                      </math:LogicBinop>
                    </math:LogicBinop>
                    <math:LogicBinop op="eq">
                      <ct:SymbRef symbIdRef="Study"/>
                      <ct:SymbRef symbIdRef="STU101"/>
                    </math:LogicBinop>
                  </math:LogicBinop>
                </math:Condition>
              </math:Piece>
            </math:Piecewise>
          </math:Equation>
        </ct:Assign>
      </SimpleParameter>
      <SimpleParameter symbId="omega_PRL0"/>
      <SimpleParameter symbId="gamma_PRL0"/>
      <RandomVariable symbId="eta_PRL0">
        <ct:VariabilityReference xmlns:ct="http://www.pharmml.org/2013/03/CommonTypes">
          <ct:SymbRef blkIdRef="model" symbIdRef="indiv"/>
        </ct:VariabilityReference>
        <NormalDistribution xmlns="http://www.uncertml.org/3.0" definition="http://www.uncertml.org/distributions/normal">
          <mean>
            <rVal>0</rVal>
          </mean>
          <stddev>
            <var varId="omega_PRL0"/>
          </stddev>
        </NormalDistribution>
      </RandomVariable>
      <RandomVariable symbId="kappa_PRL0">
        <ct:VariabilityReference xmlns:ct="http://www.pharmml.org/2013/03/CommonTypes">
          <ct:SymbRef blkIdRef="model" symbIdRef="iov1"/>
        </ct:VariabilityReference>
        <NormalDistribution xmlns="http://www.uncertml.org/3.0" definition="http://www.uncertml.org/distributions/normal">
          <mean>
            <rVal>0</rVal>
          </mean>
          <stddev>
            <var varId="gamma_PRL0"/>
          </stddev>
        </NormalDistribution>
      </RandomVariable>
      <IndividualParameter symbId="PRL0">
        <GaussianModel>
          <Transformation>log</Transformation>
          <LinearCovariate>
            <PopulationParameter>
              <ct:Assign xmlns:ct="http://www.pharmml.org/2013/03/CommonTypes">
                <ct:SymbRef symbIdRef="pop_PRL0"/>
              </ct:Assign>
            </PopulationParameter>
          </LinearCovariate>
          <RandomEffects>
            <ct:SymbRef xmlns:ct="http://www.pharmml.org/2013/03/CommonTypes" symbIdRef="eta_PRL0"/>
            <ct:SymbRef xmlns:ct="http://www.pharmml.org/2013/03/CommonTypes" symbIdRef="kappa_PRL0"/>
          </RandomEffects>
        </GaussianModel>
      </IndividualParameter>
      <SimpleParameter symbId="pop_AMP1"/>
      <SimpleParameter symbId="omega_AMP1"/>
      <RandomVariable symbId="eta_AMP1">
        <ct:VariabilityReference xmlns:ct="http://www.pharmml.org/2013/03/CommonTypes">
          <ct:SymbRef blkIdRef="model" symbIdRef="indiv"/>
        </ct:VariabilityReference>
        <NormalDistribution xmlns="http://www.uncertml.org/3.0" definition="http://www.uncertml.org/distributions/normal">
          <mean>
            <rVal>0</rVal>
          </mean>
          <stddev>
            <var varId="omega_AMP1"/>
          </stddev>
        </NormalDistribution>
      </RandomVariable>
      <IndividualParameter symbId="AMP1">
        <GaussianModel>
          <Transformation>log</Transformation>
          <LinearCovariate>
            <PopulationParameter>
              <ct:Assign xmlns:ct="http://www.pharmml.org/2013/03/CommonTypes">
                <ct:SymbRef symbIdRef="pop_AMP1"/>
              </ct:Assign>
            </PopulationParameter>
          </LinearCovariate>
          <RandomEffects>
            <ct:SymbRef xmlns:ct="http://www.pharmml.org/2013/03/CommonTypes" symbIdRef="eta_AMP1"/>
          </RandomEffects>
        </GaussianModel>
      </IndividualParameter>
      <SimpleParameter symbId="pop_PHS2">
        <ct:Assign xmlns:ct="http://www.pharmml.org/2013/03/CommonTypes">
          <math:Equation xmlns:math="http://www.pharmml.org/2013/03/Maths">
            <math:Piecewise>
              <math:Piece>
                <ct:SymbRef symbIdRef="pop_PHS2"/>
                <math:Condition>
                  <math:LogicBinop op="eq">
                    <ct:SymbRef blkIdRef="c1" symbIdRef="Pat"/>
                    <ct:SymbRef blkIdRef="c1" symbIdRef="HV"/>
                  </math:LogicBinop>
                </math:Condition>
              </math:Piece>
              <math:Piece>
                <math:Binop op="plus">
                  <ct:SymbRef symbIdRef="pop_PHS2"/>
                  <ct:SymbRef symbIdRef="DPHS"/>
                </math:Binop>
                <math:Condition>
                  <math:LogicBinop op="eq">
                    <ct:SymbRef blkIdRef="c1" symbIdRef="Pat"/>
                    <ct:SymbRef blkIdRef="c1" symbIdRef="PAT"/>
                  </math:LogicBinop>
                </math:Condition>
              </math:Piece>
            </math:Piecewise>
          </math:Equation>
        </ct:Assign>
      </SimpleParameter>
      <SimpleParameter symbId="omega_PHS2"/>
      <RandomVariable symbId="eta_PHS2">
        <ct:VariabilityReference xmlns:ct="http://www.pharmml.org/2013/03/CommonTypes">
          <ct:SymbRef blkIdRef="model" symbIdRef="indiv"/>
        </ct:VariabilityReference>
        <NormalDistribution xmlns="http://www.uncertml.org/3.0" definition="http://www.uncertml.org/distributions/normal">
          <mean>
            <rVal>0</rVal>
          </mean>
          <stddev>
            <var varId="omega_PHS2"/>
          </stddev>
        </NormalDistribution>
      </RandomVariable>
      <IndividualParameter symbId="PHS2">
        <ct:Assign xmlns:ct="http://www.pharmml.org/2013/03/CommonTypes">
          <Equation xmlns="http://www.pharmml.org/2013/03/Maths">
            <Binop op="plus">
              <ct:SymbRef symbIdRef="pop_PHS2"/>
              <ct:SymbRef symbIdRef="eta_PHS2"/>
            </Binop>
          </Equation>
        </ct:Assign>
      </IndividualParameter>
      <SimpleParameter symbId="pop_KI"/>
      <SimpleParameter symbId="omega_KI"/>
      <RandomVariable symbId="eta_KI">
        <ct:VariabilityReference xmlns:ct="http://www.pharmml.org/2013/03/CommonTypes">
          <ct:SymbRef blkIdRef="model" symbIdRef="indiv"/>
        </ct:VariabilityReference>
        <NormalDistribution xmlns="http://www.uncertml.org/3.0" definition="http://www.uncertml.org/distributions/normal">
          <mean>
            <rVal>0</rVal>
          </mean>
          <stddev>
            <var varId="omega_KI"/>
          </stddev>
        </NormalDistribution>
      </RandomVariable>
      <IndividualParameter symbId="KI">
        <GaussianModel>
          <Transformation>log</Transformation>
          <LinearCovariate>
            <PopulationParameter>
              <ct:Assign xmlns:ct="http://www.pharmml.org/2013/03/CommonTypes">
                <ct:SymbRef symbIdRef="pop_KI"/>
              </ct:Assign>
            </PopulationParameter>
          </LinearCovariate>
          <RandomEffects>
            <ct:SymbRef xmlns:ct="http://www.pharmml.org/2013/03/CommonTypes" symbIdRef="eta_KI"/>
          </RandomEffects>
        </GaussianModel>
      </IndividualParameter>
      <Correlation>
        <ct:VariabilityReference xmlns:ct="http://www.pharmml.org/2013/03/CommonTypes">
          <ct:SymbRef blkIdRef="model" symbIdRef="indiv"/>
        </ct:VariabilityReference>
        <Pairwise>
          <RandomVariable1>
            <ct:SymbRef xmlns:ct="http://www.pharmml.org/2013/03/CommonTypes" symbIdRef="eta_PRL0"/>
          </RandomVariable1>
          <RandomVariable2>
            <ct:SymbRef xmlns:ct="http://www.pharmml.org/2013/03/CommonTypes" symbIdRef="eta_KI"/>
          </RandomVariable2>
          <CorrelationCoefficient>
            <ct:SymbRef xmlns:ct="http://www.pharmml.org/2013/03/CommonTypes" symbIdRef="rho_PRL0_KI"/>
          </CorrelationCoefficient>
        </Pairwise>
      </Correlation>
    </ParameterModel>
    <StructuralModel blkId="sm1" id="i6">
      <ct:DerivativeVariable xmlns:ct="http://www.pharmml.org/2013/03/CommonTypes" symbId="Ad" symbolType="real">
        <ct:Assign>
          <Equation xmlns="http://www.pharmml.org/2013/03/Maths">
            <Binop op="times">
              <Uniop op="minus">
                <ct:SymbRef blkIdRef="pm1" symbIdRef="KAI"/>
              </Uniop>
              <ct:SymbRef symbIdRef="Ad"/>
            </Binop>
          </Equation>
        </ct:Assign>
        <ct:IndependentVariable>
          <ct:SymbRef symbIdRef="t"/>
        </ct:IndependentVariable>
        <ct:InitialCondition>
          <ct:InitialValue>
            <ct:Assign>
              <ct:Real>0</ct:Real>
            </ct:Assign>
          </ct:InitialValue>
        </ct:InitialCondition>
      </ct:DerivativeVariable>
      <ct:DerivativeVariable xmlns:ct="http://www.pharmml.org/2013/03/CommonTypes" symbId="Ac" symbolType="real">
        <ct:Assign>
          <Equation xmlns="http://www.pharmml.org/2013/03/Maths">
            <Binop op="plus">
              <Binop op="minus">
                <Binop op="times">
                  <ct:SymbRef symbIdRef="KAI"/>
                  <ct:SymbRef symbIdRef="Ad"/>
                </Binop>
                <Binop op="times">
                  <Binop op="plus">
                    <Binop op="divide">
                      <ct:SymbRef symbIdRef="QI"/>
                      <ct:SymbRef symbIdRef="VCI"/>
                    </Binop>
                    <Binop op="divide">
                      <ct:SymbRef symbIdRef="CLI"/>
                      <ct:SymbRef symbIdRef="VCI"/>
                    </Binop>
                  </Binop>
                  <ct:SymbRef symbIdRef="Ac"/>
                </Binop>
              </Binop>
              <Binop op="times">
                <Binop op="divide">
                  <ct:SymbRef symbIdRef="QI"/>
                  <ct:SymbRef symbIdRef="VPI"/>
                </Binop>
                <ct:SymbRef symbIdRef="Ap"/>
              </Binop>
            </Binop>
          </Equation>
        </ct:Assign>
        <ct:IndependentVariable>
          <ct:SymbRef symbIdRef="t"/>
        </ct:IndependentVariable>
        <ct:InitialCondition>
          <ct:InitialValue>
            <ct:Assign>
              <ct:Real>0</ct:Real>
            </ct:Assign>
          </ct:InitialValue>
        </ct:InitialCondition>
      </ct:DerivativeVariable>
      <ct:DerivativeVariable xmlns:ct="http://www.pharmml.org/2013/03/CommonTypes" symbId="Ap" symbolType="real">
        <ct:Assign>
          <Equation xmlns="http://www.pharmml.org/2013/03/Maths">
            <Binop op="minus">
              <Binop op="times">
                <Binop op="divide">
                  <ct:SymbRef symbIdRef="QI"/>
                  <ct:SymbRef symbIdRef="VCI"/>
                </Binop>
                <ct:SymbRef symbIdRef="Ac"/>
              </Binop>
              <Binop op="times">
                <Binop op="divide">
                  <ct:SymbRef symbIdRef="QI"/>
                  <ct:SymbRef symbIdRef="VPI"/>
                </Binop>
                <ct:SymbRef symbIdRef="Ap"/>
              </Binop>
            </Binop>
          </Equation>
        </ct:Assign>
        <ct:IndependentVariable>
          <ct:SymbRef symbIdRef="t"/>
        </ct:IndependentVariable>
        <ct:InitialCondition>
          <ct:InitialValue>
            <ct:Assign>
              <ct:Real>0</ct:Real>
            </ct:Assign>
          </ct:InitialValue>
        </ct:InitialCondition>
      </ct:DerivativeVariable>
      <ct:Variable xmlns:ct="http://www.pharmml.org/2013/03/CommonTypes" symbolType="real" symbId="CP" id="i18">
        <ct:Assign>
          <Equation xmlns="http://www.pharmml.org/2013/03/Maths">
            <Binop op="divide">
              <Binop op="times">
                <ct:Real>1000</ct:Real>
                <ct:SymbRef symbIdRef="Ac"/>
              </Binop>
              <ct:SymbRef symbIdRef="VCI"/>
            </Binop>
          </Equation>
        </ct:Assign>
      </ct:Variable>
      <ct:Variable xmlns:ct="http://www.pharmml.org/2013/03/CommonTypes" symbolType="real" symbId="DIU" id="i18">
        <ct:Assign>
          <Equation xmlns="http://www.pharmml.org/2013/03/Maths">
            <Binop op="plus">
              <Binop op="times">
                <ct:SymbRef symbIdRef="amp1"/>
                <Uniop op="cos">
                  <Binop op="divide">
                    <Binop op="times">
                      <Binop op="times">
                        <ct:Real>2</ct:Real>
                        <ct:Real>3.14</ct:Real>
                      </Binop>
                      <Binop op="minus">
                        <ct:SymbRef symbIdRef="t"/>
                        <ct:SymbRef symbIdRef="phs1"/>
                      </Binop>
                    </Binop>
                    <ct:Real>24</ct:Real>
                  </Binop>
                </Uniop>
              </Binop>
              <Binop op="times">
                <ct:SymbRef symbIdRef="amp2"/>
                <Uniop op="cos">
                  <Binop op="divide">
                    <Binop op="times">
                      <Binop op="times">
                        <ct:Real>2</ct:Real>
                        <ct:Real>3.14</ct:Real>
                      </Binop>
                      <Binop op="minus">
                        <ct:SymbRef symbIdRef="t"/>
                        <ct:SymbRef symbIdRef="PHS2"/>
                      </Binop>
                    </Binop>
                    <ct:Real>12</ct:Real>
                  </Binop>
                </Uniop>
              </Binop>
            </Binop>
          </Equation>
        </ct:Assign>
      </ct:Variable>
      <ct:Variable xmlns:ct="http://www.pharmml.org/2013/03/CommonTypes" symbolType="real" symbId="KINB" id="i18">
        <ct:Assign>
          <Equation xmlns="http://www.pharmml.org/2013/03/Maths">
            <Binop op="times">
              <ct:SymbRef symbIdRef="KOUT"/>
              <ct:SymbRef symbIdRef="PRL0"/>
            </Binop>
          </Equation>
        </ct:Assign>
      </ct:Variable>
      <ct:Variable xmlns:ct="http://www.pharmml.org/2013/03/CommonTypes" symbolType="real" symbId="KINM" id="i18">
        <ct:Assign>
          <Equation xmlns="http://www.pharmml.org/2013/03/Maths">
            <Binop op="times">
              <ct:SymbRef symbIdRef="KINB"/>
              <Binop op="plus">
                <ct:Real>1</ct:Real>
                <ct:Real>10000</ct:Real>
              </Binop>
            </Binop>
          </Equation>
        </ct:Assign>
      </ct:Variable>
      <ct:Variable xmlns:ct="http://www.pharmml.org/2013/03/CommonTypes" symbolType="real" symbId="AAI" id="i18">
        <ct:Assign>
          <Equation xmlns="http://www.pharmml.org/2013/03/Maths">
            <Piecewise>
              <Piece>
                <ct:Real>1</ct:Real>
                <Condition>
                  <LogicBinop op="eq">
                    <ct:SymbRef symbIdRef="Adp"/>
                    <ct:Int>0</ct:Int>
                  </LogicBinop>
                </Condition>
              </Piece>
              <Piece>
                <Binop op="divide">
                  <ct:SymbRef symbIdRef="Adp"/>
                  <Binop op="plus">
                    <Binop op="plus">
                      <ct:Real>1</ct:Real>
                      <ct:SymbRef symbIdRef="Adp"/>
                    </Binop>
                    <Binop op="divide">
                      <ct:SymbRef symbIdRef="CP"/>
                      <ct:SymbRef symbIdRef="KI"/>
                    </Binop>
                  </Binop>
                </Binop>
                <Condition>
                  <LogicBinop op="gt">
                    <ct:SymbRef symbIdRef="Adp"/>
                    <ct:Real>0</ct:Real>
                  </LogicBinop>
                </Condition>
              </Piece>
            </Piecewise>
          </Equation>
        </ct:Assign>
      </ct:Variable>
      <ct:Variable xmlns:ct="http://www.pharmml.org/2013/03/CommonTypes" symbolType="real" symbId="FEED" id="i18">
        <ct:Assign>
          <Equation xmlns="http://www.pharmml.org/2013/03/Maths">
            <Piecewise>
              <Piece>
                <ct:Real>1</ct:Real>
                <Condition>
                  <LogicBinop op="eq">
                    <ct:SymbRef symbIdRef="Apr"/>
                    <ct:Int>0</ct:Int>
                  </LogicBinop>
                </Condition>
              </Piece>
              <Piece>
                <Binop op="power">
                  <Binop op="divide">
                    <ct:SymbRef symbIdRef="Apr"/>
                    <ct:SymbRef symbIdRef="PRL0"/>
                  </Binop>
                  <ct:SymbRef symbIdRef="UPDA"/>
                </Binop>
                <Condition>
                  <LogicBinop op="gt">
                    <ct:SymbRef symbIdRef="Apr"/>
                    <ct:Real>0</ct:Real>
                  </LogicBinop>
                </Condition>
              </Piece>
            </Piecewise>
          </Equation>
        </ct:Assign>
      </ct:Variable>
      <ct:DerivativeVariable xmlns:ct="http://www.pharmml.org/2013/03/CommonTypes" symbolType="real" symbId="Apr" id="i5">
        <ct:Assign>
          <Equation xmlns="http://www.pharmml.org/2013/03/Maths">
            <Binop op="minus">
              <Binop op="plus">
                <Binop op="times">
                  <ct:SymbRef symbIdRef="KINM"/>
                  <Binop op="minus">
                    <ct:Real>1</ct:Real>
                    <ct:SymbRef symbIdRef="AAI"/>
                  </Binop>
                </Binop>
                <Binop op="times">
                  <ct:SymbRef symbIdRef="KINB"/>
                  <ct:SymbRef symbIdRef="DIU"/>
                </Binop>
              </Binop>
              <Binop op="times">
                <ct:SymbRef symbIdRef="KOUT"/>
                <ct:SymbRef symbIdRef="Apr"/>
              </Binop>
            </Binop>
          </Equation>
        </ct:Assign>
        <ct:IndependentVariable>
          <ct:SymbRef symbIdRef="t"/>
        </ct:IndependentVariable>
      </ct:DerivativeVariable>
      <ct:DerivativeVariable xmlns:ct="http://www.pharmml.org/2013/03/CommonTypes" symbolType="real" symbId="Adp" id="i16">
        <ct:Assign>
          <Equation xmlns="http://www.pharmml.org/2013/03/Maths">
            <Binop op="minus">
              <Binop op="times">
                <Binop op="times">
                  <ct:SymbRef symbIdRef="KDA"/>
                  <ct:Real>10000</ct:Real>
                </Binop>
                <ct:SymbRef symbIdRef="FEED"/>
              </Binop>
              <Binop op="times">
                <ct:SymbRef symbIdRef="KDA"/>
                <ct:SymbRef symbIdRef="Adp"/>
              </Binop>
            </Binop>
          </Equation>
        </ct:Assign>
        <ct:IndependentVariable>
          <ct:SymbRef symbIdRef="t"/>
        </ct:IndependentVariable>
        <ct:InitialCondition>
          <ct:InitialValue>
            <ct:Assign>
              <ct:Real>10000</ct:Real>
            </ct:Assign>
          </ct:InitialValue>
        </ct:InitialCondition>
      </ct:DerivativeVariable>
    </StructuralModel>
    <ObservationModel blkId="om1">
      <SimpleParameter symbId="a">
        <ct:Assign xmlns:ct="http://www.pharmml.org/2013/03/CommonTypes">
          <math:Equation xmlns:math="http://www.pharmml.org/2013/03/Maths">
            <math:Piecewise>
              <math:Piece>
                <ct:SymbRef symbIdRef="a"/>
                <math:Condition>
                  <math:LogicBinop op="eq">
                    <ct:SymbRef blkIdRef="c1" symbIdRef="Pat"/>
                    <ct:SymbRef blkIdRef="c1" symbIdRef="HV"/>
                  </math:LogicBinop>
                </math:Condition>
              </math:Piece>
              <math:Piece>
                <ct:SymbRef symbIdRef="b"/>
                <math:Condition>
                  <math:LogicBinop op="eq">
                    <ct:SymbRef blkIdRef="c1" symbIdRef="Pat"/>
                    <ct:SymbRef blkIdRef="c1" symbIdRef="PAT"/>
                  </math:LogicBinop>
                </math:Condition>
              </math:Piece>
              <math:Piece>
                <ct:SymbRef symbIdRef="c"/>
                <math:Condition>
                  <math:LogicBinop op="eq">
                    <ct:SymbRef blkIdRef="c1" symbIdRef="Sex"/>
                    <ct:SymbRef blkIdRef="c1" symbIdRef="F"/>
                  </math:LogicBinop>
                </math:Condition>
              </math:Piece>
            </math:Piecewise>
          </math:Equation>
        </ct:Assign>
      </SimpleParameter>
      <RandomVariable symbId="eps">
        <ct:VariabilityReference xmlns:ct="http://www.pharmml.org/2013/03/CommonTypes">
          <ct:SymbRef blkIdRef="obsErr" symbIdRef="residual"/>
        </ct:VariabilityReference>
        <NormalDistribution xmlns="http://www.uncertml.org/3.0" definition="http://www.uncertml.org/distributions/normal">
          <mean>
            <rVal>0</rVal>
          </mean>
          <stddev>
            <prVal>1</prVal>
          </stddev>
        </NormalDistribution>
      </RandomVariable>
      <Standard symbId="Apr_obs" id="i9">
        <Output>
          <ct:SymbRef xmlns:ct="http://www.pharmml.org/2013/03/CommonTypes" blkIdRef="sm1" symbIdRef="Apr"/>
        </Output>
        <ErrorModel>
          <ct:Assign xmlns:ct="http://www.pharmml.org/2013/03/CommonTypes">
            <Equation xmlns="http://www.pharmml.org/2013/03/Maths">
              <FunctionCall>
                <ct:SymbRef symbIdRef="constantErrorModel"/>
                <FunctionArgument symbId="a">
                  <ct:SymbRef symbIdRef="a"/>
                </FunctionArgument>
              </FunctionCall>
            </Equation>
          </ct:Assign>
        </ErrorModel>
        <ResidualError>
          <ct:SymbRef xmlns:ct="http://www.pharmml.org/2013/03/CommonTypes" symbIdRef="eps"/>
        </ResidualError>
      </Standard>
    </ObservationModel>
  </ModelDefinition>
  <TrialDesign xmlns="http://www.pharmml.org/2013/03/TrialDesign">
    <Structure id="i7">
      <Epoch oid="epoch1">
        <Start>
          <ct:Real xmlns:ct="http://www.pharmml.org/2013/03/CommonTypes">0</ct:Real>
        </Start>
        <End>
          <ct:Real xmlns:ct="http://www.pharmml.org/2013/03/CommonTypes">1200</ct:Real>
        </End>
        <Order>1</Order>
      </Epoch>
      <Arm oid="arm1"/>
      <Cell oid="cell1">
        <EpochRef oidRef="epoch1"/>
        <ArmRef oidRef="arm1"/>
        <SegmentRef oidRef="TA"/>
      </Cell>
      <Segment oid="TA">
        <ActivityRef oidRef="Oral"/>
      </Segment>
      <Activity oid="Oral">
        <Bolus>
          <DoseAmount inputTarget="derivativeVariable">
            <ct:SymbRef xmlns:ct="http://www.pharmml.org/2013/03/CommonTypes" blkIdRef="sm1" symbIdRef="Ad"/>
          </DoseAmount>
        </Bolus>
      </Activity>
    </Structure>
    <Population>
      <DataSet xmlns="http://www.pharmml.org/2013/08/Dataset">
        <Definition>
          <Column columnId="ID" columnType="id" valueType="id" columnNum="1"/>
          <Column columnId="ARM" columnType="arm" valueType="id" columnNum="2"/>
          <Column columnId="REP" columnType="replicate" valueType="int" columnNum="3"/>
          <Column columnId="Pat" columnType="covariate" valueType="int" columnNum="4"/>
          <Column columnId="Sex" columnType="covariate" valueType="int" columnNum="5"/>
          <Column columnId="Study" columnType="covariate" valueType="int" columnNum="6"/>
        </Definition>
        <Table>
          <Row>
            <ct:Id xmlns:ct="http://www.pharmml.org/2013/03/CommonTypes">i</ct:Id>
            <ct:Id xmlns:ct="http://www.pharmml.org/2013/03/CommonTypes">arm1</ct:Id>
            <ct:Int xmlns:ct="http://www.pharmml.org/2013/03/CommonTypes">21</ct:Int>
          </Row>
        </Table>
      </DataSet>
    </Population>
    <IndividualDosing>
      <ActivityRef oidRef="Oral"/>
      <ColumnMapping>
        <ColumnRef xmlns="http://www.pharmml.org/2013/08/Dataset" columnIdRef="TIME"/>
        <SymbRef xmlns="http://www.pharmml.org/2013/03/CommonTypes" symbIdRef="t"/>
      </ColumnMapping>
      <DataSet xmlns="http://www.pharmml.org/2013/08/Dataset">
        <Definition>
          <Column columnId="ID" columnType="id" valueType="id" columnNum="1"/>
          <Column columnId="TIME" columnType="idv" valueType="real" columnNum="2"/>
          <Column columnId="AMT" columnType="dose" valueType="real" columnNum="3" id="i12"/>
          <Column columnId="CMT" columnType="undefined" valueType="real" columnNum="3"/>        <!-- columnType="undefined" is used because "cmt" value is missing, will added in next version -->
        </Definition>
        <Table>
          <Row>
            <ct:Id xmlns:ct="http://www.pharmml.org/2013/03/CommonTypes">i1</ct:Id>
            <ct:Real xmlns:ct="http://www.pharmml.org/2013/03/CommonTypes">0</ct:Real>
            <ct:Real xmlns:ct="http://www.pharmml.org/2013/03/CommonTypes">1</ct:Real>
            <ct:Real xmlns:ct="http://www.pharmml.org/2013/03/CommonTypes">4</ct:Real>
          </Row>
          <Row>
            <ct:Id xmlns:ct="http://www.pharmml.org/2013/03/CommonTypes">i1</ct:Id>
            <ct:Real xmlns:ct="http://www.pharmml.org/2013/03/CommonTypes">0</ct:Real>
            <ct:Real xmlns:ct="http://www.pharmml.org/2013/03/CommonTypes">1</ct:Real>
            <ct:Real xmlns:ct="http://www.pharmml.org/2013/03/CommonTypes">5</ct:Real>
          </Row>
          <Row>
            <ct:Id xmlns:ct="http://www.pharmml.org/2013/03/CommonTypes">i1</ct:Id>
            <ct:Real xmlns:ct="http://www.pharmml.org/2013/03/CommonTypes">49.68</ct:Real>
            <ct:Real xmlns:ct="http://www.pharmml.org/2013/03/CommonTypes">12</ct:Real>
            <ct:Real xmlns:ct="http://www.pharmml.org/2013/03/CommonTypes">1</ct:Real>
          </Row>
          <Row>
            <ct:Id xmlns:ct="http://www.pharmml.org/2013/03/CommonTypes">i1</ct:Id>
            <ct:Real xmlns:ct="http://www.pharmml.org/2013/03/CommonTypes">73.67</ct:Real>
            <ct:Real xmlns:ct="http://www.pharmml.org/2013/03/CommonTypes">12</ct:Real>
            <ct:Real xmlns:ct="http://www.pharmml.org/2013/03/CommonTypes">1</ct:Real>
          </Row>
          <Row>
            <ct:Id xmlns:ct="http://www.pharmml.org/2013/03/CommonTypes">i1</ct:Id>
            <ct:Real xmlns:ct="http://www.pharmml.org/2013/03/CommonTypes">97.62</ct:Real>
            <ct:Real xmlns:ct="http://www.pharmml.org/2013/03/CommonTypes">12</ct:Real>
            <ct:Real xmlns:ct="http://www.pharmml.org/2013/03/CommonTypes">1</ct:Real>
          </Row>
          <Row>
            <ct:Id xmlns:ct="http://www.pharmml.org/2013/03/CommonTypes">i1</ct:Id>
            <ct:Real xmlns:ct="http://www.pharmml.org/2013/03/CommonTypes">121.73</ct:Real>
            <ct:Real xmlns:ct="http://www.pharmml.org/2013/03/CommonTypes">12</ct:Real>
            <ct:Real xmlns:ct="http://www.pharmml.org/2013/03/CommonTypes">1</ct:Real>
          </Row>
          <Row>
            <ct:Id xmlns:ct="http://www.pharmml.org/2013/03/CommonTypes">i1</ct:Id>
            <ct:Real xmlns:ct="http://www.pharmml.org/2013/03/CommonTypes">146.13</ct:Real>
            <ct:Real xmlns:ct="http://www.pharmml.org/2013/03/CommonTypes">12</ct:Real>
            <ct:Real xmlns:ct="http://www.pharmml.org/2013/03/CommonTypes">1</ct:Real>
          </Row>
          <Row>
            <ct:Id xmlns:ct="http://www.pharmml.org/2013/03/CommonTypes">i2</ct:Id>
            <ct:Real xmlns:ct="http://www.pharmml.org/2013/03/CommonTypes">0</ct:Real>
            <ct:Real xmlns:ct="http://www.pharmml.org/2013/03/CommonTypes">1</ct:Real>
            <ct:Real xmlns:ct="http://www.pharmml.org/2013/03/CommonTypes">4</ct:Real>
          </Row>
          <Row>
            <ct:Id xmlns:ct="http://www.pharmml.org/2013/03/CommonTypes">i2</ct:Id>
            <ct:Real xmlns:ct="http://www.pharmml.org/2013/03/CommonTypes">0</ct:Real>
            <ct:Real xmlns:ct="http://www.pharmml.org/2013/03/CommonTypes">1</ct:Real>
            <ct:Real xmlns:ct="http://www.pharmml.org/2013/03/CommonTypes">5</ct:Real>
          </Row>
          <Row>
            <ct:Id xmlns:ct="http://www.pharmml.org/2013/03/CommonTypes">i2</ct:Id>
            <ct:Real xmlns:ct="http://www.pharmml.org/2013/03/CommonTypes">25.65</ct:Real>
            <ct:Real xmlns:ct="http://www.pharmml.org/2013/03/CommonTypes">2</ct:Real>
            <ct:Real xmlns:ct="http://www.pharmml.org/2013/03/CommonTypes">1</ct:Real>
          </Row>
          <Row>
            <ct:Id xmlns:ct="http://www.pharmml.org/2013/03/CommonTypes">i2</ct:Id>
            <ct:Real xmlns:ct="http://www.pharmml.org/2013/03/CommonTypes">49.65</ct:Real>
            <ct:Real xmlns:ct="http://www.pharmml.org/2013/03/CommonTypes">4</ct:Real>
            <ct:Real xmlns:ct="http://www.pharmml.org/2013/03/CommonTypes">1</ct:Real>
          </Row>
          <Row>
            <ct:Id xmlns:ct="http://www.pharmml.org/2013/03/CommonTypes">i2</ct:Id>
            <ct:Real xmlns:ct="http://www.pharmml.org/2013/03/CommonTypes">73.70</ct:Real>
            <ct:Real xmlns:ct="http://www.pharmml.org/2013/03/CommonTypes">4</ct:Real>
            <ct:Real xmlns:ct="http://www.pharmml.org/2013/03/CommonTypes">1</ct:Real>
          </Row>
          <Row>
            <ct:Id xmlns:ct="http://www.pharmml.org/2013/03/CommonTypes">i2</ct:Id>
            <ct:Real xmlns:ct="http://www.pharmml.org/2013/03/CommonTypes">97.68</ct:Real>
            <ct:Real xmlns:ct="http://www.pharmml.org/2013/03/CommonTypes">4</ct:Real>
            <ct:Real xmlns:ct="http://www.pharmml.org/2013/03/CommonTypes">1</ct:Real>
          </Row>
          <Row>
            <ct:Id xmlns:ct="http://www.pharmml.org/2013/03/CommonTypes">i2</ct:Id>
            <ct:Real xmlns:ct="http://www.pharmml.org/2013/03/CommonTypes">121.77</ct:Real>
            <ct:Real xmlns:ct="http://www.pharmml.org/2013/03/CommonTypes">4</ct:Real>
            <ct:Real xmlns:ct="http://www.pharmml.org/2013/03/CommonTypes">1</ct:Real>
          </Row>
          <Row>
            <ct:Id xmlns:ct="http://www.pharmml.org/2013/03/CommonTypes">i2</ct:Id>
            <ct:Real xmlns:ct="http://www.pharmml.org/2013/03/CommonTypes">146.17</ct:Real>
            <ct:Real xmlns:ct="http://www.pharmml.org/2013/03/CommonTypes">4</ct:Real>
            <ct:Real xmlns:ct="http://www.pharmml.org/2013/03/CommonTypes">1</ct:Real>
          </Row>
          <Row>
            <ct:Id xmlns:ct="http://www.pharmml.org/2013/03/CommonTypes">i3</ct:Id>
            <ct:Real xmlns:ct="http://www.pharmml.org/2013/03/CommonTypes">0</ct:Real>
            <ct:Real xmlns:ct="http://www.pharmml.org/2013/03/CommonTypes">1</ct:Real>
            <ct:Real xmlns:ct="http://www.pharmml.org/2013/03/CommonTypes">4</ct:Real>
          </Row>
          <Row>
            <ct:Id xmlns:ct="http://www.pharmml.org/2013/03/CommonTypes">i3</ct:Id>
            <ct:Real xmlns:ct="http://www.pharmml.org/2013/03/CommonTypes">0</ct:Real>
            <ct:Real xmlns:ct="http://www.pharmml.org/2013/03/CommonTypes">1</ct:Real>
            <ct:Real xmlns:ct="http://www.pharmml.org/2013/03/CommonTypes">5</ct:Real>
          </Row>
          <Row>
            <ct:Id xmlns:ct="http://www.pharmml.org/2013/03/CommonTypes">i3</ct:Id>
            <ct:Real xmlns:ct="http://www.pharmml.org/2013/03/CommonTypes">25.97</ct:Real>
            <ct:Real xmlns:ct="http://www.pharmml.org/2013/03/CommonTypes">2</ct:Real>
            <ct:Real xmlns:ct="http://www.pharmml.org/2013/03/CommonTypes">1</ct:Real>
          </Row>
          <Row>
            <ct:Id xmlns:ct="http://www.pharmml.org/2013/03/CommonTypes">i3</ct:Id>
            <ct:Real xmlns:ct="http://www.pharmml.org/2013/03/CommonTypes">50.00</ct:Real>
            <ct:Real xmlns:ct="http://www.pharmml.org/2013/03/CommonTypes">4</ct:Real>
            <ct:Real xmlns:ct="http://www.pharmml.org/2013/03/CommonTypes">1</ct:Real>
          </Row>
          <Row>
            <ct:Id xmlns:ct="http://www.pharmml.org/2013/03/CommonTypes">i3</ct:Id>
            <ct:Real xmlns:ct="http://www.pharmml.org/2013/03/CommonTypes">74.03</ct:Real>
            <ct:Real xmlns:ct="http://www.pharmml.org/2013/03/CommonTypes">4</ct:Real>
            <ct:Real xmlns:ct="http://www.pharmml.org/2013/03/CommonTypes">1</ct:Real>
          </Row>
          <Row>
            <ct:Id xmlns:ct="http://www.pharmml.org/2013/03/CommonTypes">i3</ct:Id>
            <ct:Real xmlns:ct="http://www.pharmml.org/2013/03/CommonTypes">97.93</ct:Real>
            <ct:Real xmlns:ct="http://www.pharmml.org/2013/03/CommonTypes">4</ct:Real>
            <ct:Real xmlns:ct="http://www.pharmml.org/2013/03/CommonTypes">1</ct:Real>
          </Row>
          <Row>
            <ct:Id xmlns:ct="http://www.pharmml.org/2013/03/CommonTypes">i3</ct:Id>
            <ct:Real xmlns:ct="http://www.pharmml.org/2013/03/CommonTypes">122.08</ct:Real>
            <ct:Real xmlns:ct="http://www.pharmml.org/2013/03/CommonTypes">4</ct:Real>
            <ct:Real xmlns:ct="http://www.pharmml.org/2013/03/CommonTypes">1</ct:Real>
          </Row>
          <Row>
            <ct:Id xmlns:ct="http://www.pharmml.org/2013/03/CommonTypes">i3</ct:Id>
            <ct:Real xmlns:ct="http://www.pharmml.org/2013/03/CommonTypes">146.47</ct:Real>
            <ct:Real xmlns:ct="http://www.pharmml.org/2013/03/CommonTypes">4</ct:Real>
            <ct:Real xmlns:ct="http://www.pharmml.org/2013/03/CommonTypes">1</ct:Real>
          </Row>
        </Table>
      </DataSet>
    </IndividualDosing>
  </TrialDesign>
  <ModellingSteps xmlns="http://www.pharmml.org/2013/03/ModellingSteps">
    <EstimationStep oid="estTask1" id="i10">
      <ObjectiveDataSet id="i8">
        <ColumnMapping>
          <ColumnRef xmlns="http://www.pharmml.org/2013/08/Dataset" columnIdRef="TIME"/>
          <ct:SymbRef xmlns:ct="http://www.pharmml.org/2013/03/CommonTypes" symbIdRef="t"/>
        </ColumnMapping>
        <ColumnMapping>
          <ColumnRef xmlns="http://www.pharmml.org/2013/08/Dataset" columnIdRef="DV"/>
          <ct:SymbRef xmlns:ct="http://www.pharmml.org/2013/03/CommonTypes" blkIdRef="om1" symbIdRef="Apr_obs"/>
        </ColumnMapping>
        <DataSet xmlns="http://www.pharmml.org/2013/08/Dataset">
          <Definition>
            <Column columnId="ID" columnType="id" valueType="id" columnNum="1"/>
            <Column columnId="TIME" columnType="idv" valueType="real" columnNum="2"/>
            <Column columnId="DV" columnType="dv" valueType="real" columnNum="4" id="i11"/>
          </Definition>
          <Table>
            <Row>
              <ct:Id xmlns:ct="http://www.pharmml.org/2013/03/CommonTypes">i1</ct:Id>
              <ct:Real xmlns:ct="http://www.pharmml.org/2013/03/CommonTypes">25.60</ct:Real>
              <ct:Real xmlns:ct="http://www.pharmml.org/2013/03/CommonTypes">0.6232</ct:Real>
            </Row>
            <Row>
              <ct:Id xmlns:ct="http://www.pharmml.org/2013/03/CommonTypes">i1</ct:Id>
              <ct:Real xmlns:ct="http://www.pharmml.org/2013/03/CommonTypes">27.20</ct:Real>
              <ct:Real xmlns:ct="http://www.pharmml.org/2013/03/CommonTypes">0.4798</ct:Real>
            </Row>
            <Row>
              <ct:Id xmlns:ct="http://www.pharmml.org/2013/03/CommonTypes">i1</ct:Id>
              <ct:Real xmlns:ct="http://www.pharmml.org/2013/03/CommonTypes">28.20</ct:Real>
              <ct:Real xmlns:ct="http://www.pharmml.org/2013/03/CommonTypes">1.4061</ct:Real>
            </Row>
            <Row>
              <ct:Id xmlns:ct="http://www.pharmml.org/2013/03/CommonTypes">i1</ct:Id>
              <ct:Real xmlns:ct="http://www.pharmml.org/2013/03/CommonTypes">29.02</ct:Real>
              <ct:Real xmlns:ct="http://www.pharmml.org/2013/03/CommonTypes">1.3738</ct:Real>
            </Row>
            <Row>
              <ct:Id xmlns:ct="http://www.pharmml.org/2013/03/CommonTypes">i1</ct:Id>
              <ct:Real xmlns:ct="http://www.pharmml.org/2013/03/CommonTypes">30.02</ct:Real>
              <ct:Real xmlns:ct="http://www.pharmml.org/2013/03/CommonTypes">1.4883</ct:Real>
            </Row>
            <Row>
              <ct:Id xmlns:ct="http://www.pharmml.org/2013/03/CommonTypes">i1</ct:Id>
              <ct:Real xmlns:ct="http://www.pharmml.org/2013/03/CommonTypes">32.17</ct:Real>
              <ct:Real xmlns:ct="http://www.pharmml.org/2013/03/CommonTypes">1.8566</ct:Real>
            </Row>
            <Row>
              <ct:Id xmlns:ct="http://www.pharmml.org/2013/03/CommonTypes">i1</ct:Id>
              <ct:Real xmlns:ct="http://www.pharmml.org/2013/03/CommonTypes">34.02</ct:Real>
              <ct:Real xmlns:ct="http://www.pharmml.org/2013/03/CommonTypes">1.5758</ct:Real>
            </Row>
            <Row>
              <ct:Id xmlns:ct="http://www.pharmml.org/2013/03/CommonTypes">i1</ct:Id>
              <ct:Real xmlns:ct="http://www.pharmml.org/2013/03/CommonTypes">38.02</ct:Real>
              <ct:Real xmlns:ct="http://www.pharmml.org/2013/03/CommonTypes">1.7494</ct:Real>
            </Row>
            <Row>
              <ct:Id xmlns:ct="http://www.pharmml.org/2013/03/CommonTypes">i1</ct:Id>
              <ct:Real xmlns:ct="http://www.pharmml.org/2013/03/CommonTypes">44.02</ct:Real>
              <ct:Real xmlns:ct="http://www.pharmml.org/2013/03/CommonTypes">2.0268</ct:Real>
            </Row>
            <Row>
              <ct:Id xmlns:ct="http://www.pharmml.org/2013/03/CommonTypes">i1</ct:Id>
              <ct:Real xmlns:ct="http://www.pharmml.org/2013/03/CommonTypes">48.17</ct:Real>
              <ct:Real xmlns:ct="http://www.pharmml.org/2013/03/CommonTypes">1.8385</ct:Real>
            </Row>
            <Row>
              <ct:Id xmlns:ct="http://www.pharmml.org/2013/03/CommonTypes">i1</ct:Id>
              <ct:Real xmlns:ct="http://www.pharmml.org/2013/03/CommonTypes">49.68</ct:Real>
              <ct:Real xmlns:ct="http://www.pharmml.org/2013/03/CommonTypes">1.3832</ct:Real>
            </Row>
            <Row>
              <ct:Id xmlns:ct="http://www.pharmml.org/2013/03/CommonTypes">i1</ct:Id>
              <ct:Real xmlns:ct="http://www.pharmml.org/2013/03/CommonTypes">52.17</ct:Real>
              <ct:Real xmlns:ct="http://www.pharmml.org/2013/03/CommonTypes">2.7549</ct:Real>
            </Row>
            <Row>
              <ct:Id xmlns:ct="http://www.pharmml.org/2013/03/CommonTypes">i1</ct:Id>
              <ct:Real xmlns:ct="http://www.pharmml.org/2013/03/CommonTypes">72.17</ct:Real>
              <ct:Real xmlns:ct="http://www.pharmml.org/2013/03/CommonTypes">3.8391</ct:Real>
            </Row>
            <Row>
              <ct:Id xmlns:ct="http://www.pharmml.org/2013/03/CommonTypes">i1</ct:Id>
              <ct:Real xmlns:ct="http://www.pharmml.org/2013/03/CommonTypes">73.67</ct:Real>
              <ct:Real xmlns:ct="http://www.pharmml.org/2013/03/CommonTypes">3.5207</ct:Real>
            </Row>
            <Row>
              <ct:Id xmlns:ct="http://www.pharmml.org/2013/03/CommonTypes">i1</ct:Id>
              <ct:Real xmlns:ct="http://www.pharmml.org/2013/03/CommonTypes">76.18</ct:Real>
              <ct:Real xmlns:ct="http://www.pharmml.org/2013/03/CommonTypes">3.3307</ct:Real>
            </Row>
            <Row>
              <ct:Id xmlns:ct="http://www.pharmml.org/2013/03/CommonTypes">i1</ct:Id>
              <ct:Real xmlns:ct="http://www.pharmml.org/2013/03/CommonTypes">96.20</ct:Real>
              <ct:Real xmlns:ct="http://www.pharmml.org/2013/03/CommonTypes">2.4681</ct:Real>
            </Row>
            <Row>
              <ct:Id xmlns:ct="http://www.pharmml.org/2013/03/CommonTypes">i1</ct:Id>
              <ct:Real xmlns:ct="http://www.pharmml.org/2013/03/CommonTypes">97.62</ct:Real>
              <ct:Real xmlns:ct="http://www.pharmml.org/2013/03/CommonTypes">3.0054</ct:Real>
            </Row>
            <Row>
              <ct:Id xmlns:ct="http://www.pharmml.org/2013/03/CommonTypes">i1</ct:Id>
              <ct:Real xmlns:ct="http://www.pharmml.org/2013/03/CommonTypes">100.20</ct:Real>
              <ct:Real xmlns:ct="http://www.pharmml.org/2013/03/CommonTypes">3.8830</ct:Real>
            </Row>
            <Row>
              <ct:Id xmlns:ct="http://www.pharmml.org/2013/03/CommonTypes">i1</ct:Id>
              <ct:Real xmlns:ct="http://www.pharmml.org/2013/03/CommonTypes">120.22</ct:Real>
              <ct:Real xmlns:ct="http://www.pharmml.org/2013/03/CommonTypes">4.6991</ct:Real>
            </Row>
            <Row>
              <ct:Id xmlns:ct="http://www.pharmml.org/2013/03/CommonTypes">i1</ct:Id>
              <ct:Real xmlns:ct="http://www.pharmml.org/2013/03/CommonTypes">121.73</ct:Real>
              <ct:Real xmlns:ct="http://www.pharmml.org/2013/03/CommonTypes">2.9404</ct:Real>
            </Row>
            <Row>
              <ct:Id xmlns:ct="http://www.pharmml.org/2013/03/CommonTypes">i1</ct:Id>
              <ct:Real xmlns:ct="http://www.pharmml.org/2013/03/CommonTypes">124.20</ct:Real>
              <ct:Real xmlns:ct="http://www.pharmml.org/2013/03/CommonTypes">3.2210</ct:Real>
            </Row>
            <Row>
              <ct:Id xmlns:ct="http://www.pharmml.org/2013/03/CommonTypes">i1</ct:Id>
              <ct:Real xmlns:ct="http://www.pharmml.org/2013/03/CommonTypes">144.25</ct:Real>
              <ct:Real xmlns:ct="http://www.pharmml.org/2013/03/CommonTypes">3.0205</ct:Real>
            </Row>
            <Row>
              <ct:Id xmlns:ct="http://www.pharmml.org/2013/03/CommonTypes">i1</ct:Id>
              <ct:Real xmlns:ct="http://www.pharmml.org/2013/03/CommonTypes">146.13</ct:Real>
              <ct:Real xmlns:ct="http://www.pharmml.org/2013/03/CommonTypes">3.6346</ct:Real>
            </Row>
            <Row>
              <ct:Id xmlns:ct="http://www.pharmml.org/2013/03/CommonTypes">i1</ct:Id>
              <ct:Real xmlns:ct="http://www.pharmml.org/2013/03/CommonTypes">147.33</ct:Real>
              <ct:Real xmlns:ct="http://www.pharmml.org/2013/03/CommonTypes">3.4685</ct:Real>
            </Row>
            <Row>
              <ct:Id xmlns:ct="http://www.pharmml.org/2013/03/CommonTypes">i1</ct:Id>
              <ct:Real xmlns:ct="http://www.pharmml.org/2013/03/CommonTypes">148.48</ct:Real>
              <ct:Real xmlns:ct="http://www.pharmml.org/2013/03/CommonTypes">3.3188</ct:Real>
            </Row>
            <Row>
              <ct:Id xmlns:ct="http://www.pharmml.org/2013/03/CommonTypes">i1</ct:Id>
              <ct:Real xmlns:ct="http://www.pharmml.org/2013/03/CommonTypes">149.33</ct:Real>
              <ct:Real xmlns:ct="http://www.pharmml.org/2013/03/CommonTypes">4.0546</ct:Real>
            </Row>
            <Row>
              <ct:Id xmlns:ct="http://www.pharmml.org/2013/03/CommonTypes">i1</ct:Id>
              <ct:Real xmlns:ct="http://www.pharmml.org/2013/03/CommonTypes">150.33</ct:Real>
              <ct:Real xmlns:ct="http://www.pharmml.org/2013/03/CommonTypes">3.5268</ct:Real>
            </Row>
            <Row>
              <ct:Id xmlns:ct="http://www.pharmml.org/2013/03/CommonTypes">i1</ct:Id>
              <ct:Real xmlns:ct="http://www.pharmml.org/2013/03/CommonTypes">152.48</ct:Real>
              <ct:Real xmlns:ct="http://www.pharmml.org/2013/03/CommonTypes">3.0318</ct:Real>
            </Row>
            <Row>
              <ct:Id xmlns:ct="http://www.pharmml.org/2013/03/CommonTypes">i1</ct:Id>
              <ct:Real xmlns:ct="http://www.pharmml.org/2013/03/CommonTypes">154.33</ct:Real>
              <ct:Real xmlns:ct="http://www.pharmml.org/2013/03/CommonTypes">3.3186</ct:Real>
            </Row>
            <Row>
              <ct:Id xmlns:ct="http://www.pharmml.org/2013/03/CommonTypes">i1</ct:Id>
              <ct:Real xmlns:ct="http://www.pharmml.org/2013/03/CommonTypes">158.33</ct:Real>
              <ct:Real xmlns:ct="http://www.pharmml.org/2013/03/CommonTypes">3.0557</ct:Real>
            </Row>
            <Row>
              <ct:Id xmlns:ct="http://www.pharmml.org/2013/03/CommonTypes">i1</ct:Id>
              <ct:Real xmlns:ct="http://www.pharmml.org/2013/03/CommonTypes">164.33</ct:Real>
              <ct:Real xmlns:ct="http://www.pharmml.org/2013/03/CommonTypes">3.3586</ct:Real>
            </Row>
            <Row>
              <ct:Id xmlns:ct="http://www.pharmml.org/2013/03/CommonTypes">i1</ct:Id>
              <ct:Real xmlns:ct="http://www.pharmml.org/2013/03/CommonTypes">168.53</ct:Real>
              <ct:Real xmlns:ct="http://www.pharmml.org/2013/03/CommonTypes">3.4400</ct:Real>
            </Row>
            <Row>
              <ct:Id xmlns:ct="http://www.pharmml.org/2013/03/CommonTypes">i1</ct:Id>
              <ct:Real xmlns:ct="http://www.pharmml.org/2013/03/CommonTypes">170.33</ct:Real>
              <ct:Real xmlns:ct="http://www.pharmml.org/2013/03/CommonTypes">3.6325</ct:Real>
            </Row>
            <Row>
              <ct:Id xmlns:ct="http://www.pharmml.org/2013/03/CommonTypes">i2</ct:Id>
              <ct:Real xmlns:ct="http://www.pharmml.org/2013/03/CommonTypes">25.65</ct:Real>
              <ct:Real xmlns:ct="http://www.pharmml.org/2013/03/CommonTypes">1.3789</ct:Real>
            </Row>
            <Row>
              <ct:Id xmlns:ct="http://www.pharmml.org/2013/03/CommonTypes">i2</ct:Id>
              <ct:Real xmlns:ct="http://www.pharmml.org/2013/03/CommonTypes">27.07</ct:Real>
              <ct:Real xmlns:ct="http://www.pharmml.org/2013/03/CommonTypes">1.2849</ct:Real>
            </Row>
            <Row>
              <ct:Id xmlns:ct="http://www.pharmml.org/2013/03/CommonTypes">i2</ct:Id>
              <ct:Real xmlns:ct="http://www.pharmml.org/2013/03/CommonTypes">28.22</ct:Real>
              <ct:Real xmlns:ct="http://www.pharmml.org/2013/03/CommonTypes">2.3092</ct:Real>
            </Row>
            <Row>
              <ct:Id xmlns:ct="http://www.pharmml.org/2013/03/CommonTypes">i2</ct:Id>
              <ct:Real xmlns:ct="http://www.pharmml.org/2013/03/CommonTypes">29.07</ct:Real>
              <ct:Real xmlns:ct="http://www.pharmml.org/2013/03/CommonTypes">3.4555</ct:Real>
            </Row>
            <Row>
              <ct:Id xmlns:ct="http://www.pharmml.org/2013/03/CommonTypes">i2</ct:Id>
              <ct:Real xmlns:ct="http://www.pharmml.org/2013/03/CommonTypes">30.07</ct:Real>
              <ct:Real xmlns:ct="http://www.pharmml.org/2013/03/CommonTypes">2.9930</ct:Real>
            </Row>
            <Row>
              <ct:Id xmlns:ct="http://www.pharmml.org/2013/03/CommonTypes">i2</ct:Id>
              <ct:Real xmlns:ct="http://www.pharmml.org/2013/03/CommonTypes">32.22</ct:Real>
              <ct:Real xmlns:ct="http://www.pharmml.org/2013/03/CommonTypes">2.8322</ct:Real>
            </Row>
            <Row>
              <ct:Id xmlns:ct="http://www.pharmml.org/2013/03/CommonTypes">i2</ct:Id>
              <ct:Real xmlns:ct="http://www.pharmml.org/2013/03/CommonTypes">34.07</ct:Real>
              <ct:Real xmlns:ct="http://www.pharmml.org/2013/03/CommonTypes">2.1063</ct:Real>
            </Row>
            <Row>
              <ct:Id xmlns:ct="http://www.pharmml.org/2013/03/CommonTypes">i2</ct:Id>
              <ct:Real xmlns:ct="http://www.pharmml.org/2013/03/CommonTypes">38.07</ct:Real>
              <ct:Real xmlns:ct="http://www.pharmml.org/2013/03/CommonTypes">2.2174</ct:Real>
            </Row>
            <Row>
              <ct:Id xmlns:ct="http://www.pharmml.org/2013/03/CommonTypes">i2</ct:Id>
              <ct:Real xmlns:ct="http://www.pharmml.org/2013/03/CommonTypes">44.07</ct:Real>
              <ct:Real xmlns:ct="http://www.pharmml.org/2013/03/CommonTypes">3.1325</ct:Real>
            </Row>
            <Row>
              <ct:Id xmlns:ct="http://www.pharmml.org/2013/03/CommonTypes">i2</ct:Id>
              <ct:Real xmlns:ct="http://www.pharmml.org/2013/03/CommonTypes">48.20</ct:Real>
              <ct:Real xmlns:ct="http://www.pharmml.org/2013/03/CommonTypes">2.3977</ct:Real>
            </Row>
            <Row>
              <ct:Id xmlns:ct="http://www.pharmml.org/2013/03/CommonTypes">i2</ct:Id>
              <ct:Real xmlns:ct="http://www.pharmml.org/2013/03/CommonTypes">49.65</ct:Real>
              <ct:Real xmlns:ct="http://www.pharmml.org/2013/03/CommonTypes">0.9959</ct:Real>
            </Row>
            <Row>
              <ct:Id xmlns:ct="http://www.pharmml.org/2013/03/CommonTypes">i2</ct:Id>
              <ct:Real xmlns:ct="http://www.pharmml.org/2013/03/CommonTypes">52.20</ct:Real>
              <ct:Real xmlns:ct="http://www.pharmml.org/2013/03/CommonTypes">3.5800</ct:Real>
            </Row>
            <Row>
              <ct:Id xmlns:ct="http://www.pharmml.org/2013/03/CommonTypes">i2</ct:Id>
              <ct:Real xmlns:ct="http://www.pharmml.org/2013/03/CommonTypes">72.22</ct:Real>
              <ct:Real xmlns:ct="http://www.pharmml.org/2013/03/CommonTypes">2.6670</ct:Real>
            </Row>
            <Row>
              <ct:Id xmlns:ct="http://www.pharmml.org/2013/03/CommonTypes">i2</ct:Id>
              <ct:Real xmlns:ct="http://www.pharmml.org/2013/03/CommonTypes">73.70</ct:Real>
              <ct:Real xmlns:ct="http://www.pharmml.org/2013/03/CommonTypes">1.5849</ct:Real>
            </Row>
            <Row>
              <ct:Id xmlns:ct="http://www.pharmml.org/2013/03/CommonTypes">i2</ct:Id>
              <ct:Real xmlns:ct="http://www.pharmml.org/2013/03/CommonTypes">76.23</ct:Real>
              <ct:Real xmlns:ct="http://www.pharmml.org/2013/03/CommonTypes">3.4719</ct:Real>
            </Row>
            <Row>
              <ct:Id xmlns:ct="http://www.pharmml.org/2013/03/CommonTypes">i2</ct:Id>
              <ct:Real xmlns:ct="http://www.pharmml.org/2013/03/CommonTypes">96.23</ct:Real>
              <ct:Real xmlns:ct="http://www.pharmml.org/2013/03/CommonTypes">2.5648</ct:Real>
            </Row>
            <Row>
              <ct:Id xmlns:ct="http://www.pharmml.org/2013/03/CommonTypes">i2</ct:Id>
              <ct:Real xmlns:ct="http://www.pharmml.org/2013/03/CommonTypes">97.68</ct:Real>
              <ct:Real xmlns:ct="http://www.pharmml.org/2013/03/CommonTypes">2.9726</ct:Real>
            </Row>
            <Row>
              <ct:Id xmlns:ct="http://www.pharmml.org/2013/03/CommonTypes">i2</ct:Id>
              <ct:Real xmlns:ct="http://www.pharmml.org/2013/03/CommonTypes">100.23</ct:Real>
              <ct:Real xmlns:ct="http://www.pharmml.org/2013/03/CommonTypes">3.5823</ct:Real>
            </Row>
            <Row>
              <ct:Id xmlns:ct="http://www.pharmml.org/2013/03/CommonTypes">i2</ct:Id>
              <ct:Real xmlns:ct="http://www.pharmml.org/2013/03/CommonTypes">120.28</ct:Real>
              <ct:Real xmlns:ct="http://www.pharmml.org/2013/03/CommonTypes">2.6492</ct:Real>
            </Row>
            <Row>
              <ct:Id xmlns:ct="http://www.pharmml.org/2013/03/CommonTypes">i2</ct:Id>
              <ct:Real xmlns:ct="http://www.pharmml.org/2013/03/CommonTypes">121.77</ct:Real>
              <ct:Real xmlns:ct="http://www.pharmml.org/2013/03/CommonTypes">2.8130</ct:Real>
            </Row>
            <Row>
              <ct:Id xmlns:ct="http://www.pharmml.org/2013/03/CommonTypes">i2</ct:Id>
              <ct:Real xmlns:ct="http://www.pharmml.org/2013/03/CommonTypes">124.23</ct:Real>
              <ct:Real xmlns:ct="http://www.pharmml.org/2013/03/CommonTypes">3.7757</ct:Real>
            </Row>
            <Row>
              <ct:Id xmlns:ct="http://www.pharmml.org/2013/03/CommonTypes">i2</ct:Id>
              <ct:Real xmlns:ct="http://www.pharmml.org/2013/03/CommonTypes">144.32</ct:Real>
              <ct:Real xmlns:ct="http://www.pharmml.org/2013/03/CommonTypes">2.4803</ct:Real>
            </Row>
            <Row>
              <ct:Id xmlns:ct="http://www.pharmml.org/2013/03/CommonTypes">i2</ct:Id>
              <ct:Real xmlns:ct="http://www.pharmml.org/2013/03/CommonTypes">146.17</ct:Real>
              <ct:Real xmlns:ct="http://www.pharmml.org/2013/03/CommonTypes">2.3684</ct:Real>
            </Row>
            <Row>
              <ct:Id xmlns:ct="http://www.pharmml.org/2013/03/CommonTypes">i2</ct:Id>
              <ct:Real xmlns:ct="http://www.pharmml.org/2013/03/CommonTypes">147.37</ct:Real>
              <ct:Real xmlns:ct="http://www.pharmml.org/2013/03/CommonTypes">2.9047</ct:Real>
            </Row>
            <Row>
              <ct:Id xmlns:ct="http://www.pharmml.org/2013/03/CommonTypes">i2</ct:Id>
              <ct:Real xmlns:ct="http://www.pharmml.org/2013/03/CommonTypes">148.52</ct:Real>
              <ct:Real xmlns:ct="http://www.pharmml.org/2013/03/CommonTypes">3.0418</ct:Real>
            </Row>
            <Row>
              <ct:Id xmlns:ct="http://www.pharmml.org/2013/03/CommonTypes">i2</ct:Id>
              <ct:Real xmlns:ct="http://www.pharmml.org/2013/03/CommonTypes">149.37</ct:Real>
              <ct:Real xmlns:ct="http://www.pharmml.org/2013/03/CommonTypes">3.2411</ct:Real>
            </Row>
            <Row>
              <ct:Id xmlns:ct="http://www.pharmml.org/2013/03/CommonTypes">i2</ct:Id>
              <ct:Real xmlns:ct="http://www.pharmml.org/2013/03/CommonTypes">150.37</ct:Real>
              <ct:Real xmlns:ct="http://www.pharmml.org/2013/03/CommonTypes">4.0465</ct:Real>
            </Row>
            <Row>
              <ct:Id xmlns:ct="http://www.pharmml.org/2013/03/CommonTypes">i2</ct:Id>
              <ct:Real xmlns:ct="http://www.pharmml.org/2013/03/CommonTypes">152.53</ct:Real>
              <ct:Real xmlns:ct="http://www.pharmml.org/2013/03/CommonTypes">3.2410</ct:Real>
            </Row>
            <Row>
              <ct:Id xmlns:ct="http://www.pharmml.org/2013/03/CommonTypes">i2</ct:Id>
              <ct:Real xmlns:ct="http://www.pharmml.org/2013/03/CommonTypes">154.37</ct:Real>
              <ct:Real xmlns:ct="http://www.pharmml.org/2013/03/CommonTypes">4.1040</ct:Real>
            </Row>
            <Row>
              <ct:Id xmlns:ct="http://www.pharmml.org/2013/03/CommonTypes">i2</ct:Id>
              <ct:Real xmlns:ct="http://www.pharmml.org/2013/03/CommonTypes">158.37</ct:Real>
              <ct:Real xmlns:ct="http://www.pharmml.org/2013/03/CommonTypes">3.0963</ct:Real>
            </Row>
            <Row>
              <ct:Id xmlns:ct="http://www.pharmml.org/2013/03/CommonTypes">i2</ct:Id>
              <ct:Real xmlns:ct="http://www.pharmml.org/2013/03/CommonTypes">164.37</ct:Real>
              <ct:Real xmlns:ct="http://www.pharmml.org/2013/03/CommonTypes">3.3334</ct:Real>
            </Row>
            <Row>
              <ct:Id xmlns:ct="http://www.pharmml.org/2013/03/CommonTypes">i2</ct:Id>
              <ct:Real xmlns:ct="http://www.pharmml.org/2013/03/CommonTypes">168.57</ct:Real>
              <ct:Real xmlns:ct="http://www.pharmml.org/2013/03/CommonTypes">2.7958</ct:Real>
            </Row>
            <Row>
              <ct:Id xmlns:ct="http://www.pharmml.org/2013/03/CommonTypes">i2</ct:Id>
              <ct:Real xmlns:ct="http://www.pharmml.org/2013/03/CommonTypes">170.37</ct:Real>
              <ct:Real xmlns:ct="http://www.pharmml.org/2013/03/CommonTypes">2.693</ct:Real>
            </Row>
            <Row>
              <ct:Id xmlns:ct="http://www.pharmml.org/2013/03/CommonTypes">i3</ct:Id>
              <ct:Real xmlns:ct="http://www.pharmml.org/2013/03/CommonTypes">25.97</ct:Real>
              <ct:Real xmlns:ct="http://www.pharmml.org/2013/03/CommonTypes">2.7974</ct:Real>
            </Row>
            <Row>
              <ct:Id xmlns:ct="http://www.pharmml.org/2013/03/CommonTypes">i3</ct:Id>
              <ct:Real xmlns:ct="http://www.pharmml.org/2013/03/CommonTypes">27.38</ct:Real>
              <ct:Real xmlns:ct="http://www.pharmml.org/2013/03/CommonTypes">3.2288</ct:Real>
            </Row>
            <Row>
              <ct:Id xmlns:ct="http://www.pharmml.org/2013/03/CommonTypes">i3</ct:Id>
              <ct:Real xmlns:ct="http://www.pharmml.org/2013/03/CommonTypes">28.50</ct:Real>
              <ct:Real xmlns:ct="http://www.pharmml.org/2013/03/CommonTypes">3.4644</ct:Real>
            </Row>
            <Row>
              <ct:Id xmlns:ct="http://www.pharmml.org/2013/03/CommonTypes">i3</ct:Id>
              <ct:Real xmlns:ct="http://www.pharmml.org/2013/03/CommonTypes">29.38</ct:Real>
              <ct:Real xmlns:ct="http://www.pharmml.org/2013/03/CommonTypes">3.6412</ct:Real>
            </Row>
            <Row>
              <ct:Id xmlns:ct="http://www.pharmml.org/2013/03/CommonTypes">i3</ct:Id>
              <ct:Real xmlns:ct="http://www.pharmml.org/2013/03/CommonTypes">30.38</ct:Real>
              <ct:Real xmlns:ct="http://www.pharmml.org/2013/03/CommonTypes">3.6741</ct:Real>
            </Row>
            <Row>
              <ct:Id xmlns:ct="http://www.pharmml.org/2013/03/CommonTypes">i3</ct:Id>
              <ct:Real xmlns:ct="http://www.pharmml.org/2013/03/CommonTypes">32.47</ct:Real>
              <ct:Real xmlns:ct="http://www.pharmml.org/2013/03/CommonTypes">3.2895</ct:Real>
            </Row>
            <Row>
              <ct:Id xmlns:ct="http://www.pharmml.org/2013/03/CommonTypes">i3</ct:Id>
              <ct:Real xmlns:ct="http://www.pharmml.org/2013/03/CommonTypes">34.37</ct:Real>
              <ct:Real xmlns:ct="http://www.pharmml.org/2013/03/CommonTypes">3.7705</ct:Real>
            </Row>
            <Row>
              <ct:Id xmlns:ct="http://www.pharmml.org/2013/03/CommonTypes">i3</ct:Id>
              <ct:Real xmlns:ct="http://www.pharmml.org/2013/03/CommonTypes">38.37</ct:Real>
              <ct:Real xmlns:ct="http://www.pharmml.org/2013/03/CommonTypes">3.5489</ct:Real>
            </Row>
            <Row>
              <ct:Id xmlns:ct="http://www.pharmml.org/2013/03/CommonTypes">i3</ct:Id>
              <ct:Real xmlns:ct="http://www.pharmml.org/2013/03/CommonTypes">44.37</ct:Real>
              <ct:Real xmlns:ct="http://www.pharmml.org/2013/03/CommonTypes">3.3608</ct:Real>
            </Row>
            <Row>
              <ct:Id xmlns:ct="http://www.pharmml.org/2013/03/CommonTypes">i3</ct:Id>
              <ct:Real xmlns:ct="http://www.pharmml.org/2013/03/CommonTypes">48.48</ct:Real>
              <ct:Real xmlns:ct="http://www.pharmml.org/2013/03/CommonTypes">2.7846</ct:Real>
            </Row>
            <Row>
              <ct:Id xmlns:ct="http://www.pharmml.org/2013/03/CommonTypes">i3</ct:Id>
              <ct:Real xmlns:ct="http://www.pharmml.org/2013/03/CommonTypes">50.00</ct:Real>
              <ct:Real xmlns:ct="http://www.pharmml.org/2013/03/CommonTypes">2.3477</ct:Real>
            </Row>
            <Row>
              <ct:Id xmlns:ct="http://www.pharmml.org/2013/03/CommonTypes">i3</ct:Id>
              <ct:Real xmlns:ct="http://www.pharmml.org/2013/03/CommonTypes">52.50</ct:Real>
              <ct:Real xmlns:ct="http://www.pharmml.org/2013/03/CommonTypes">3.7275</ct:Real>
            </Row>
            <Row>
              <ct:Id xmlns:ct="http://www.pharmml.org/2013/03/CommonTypes">i3</ct:Id>
              <ct:Real xmlns:ct="http://www.pharmml.org/2013/03/CommonTypes">72.57</ct:Real>
              <ct:Real xmlns:ct="http://www.pharmml.org/2013/03/CommonTypes">3.6137</ct:Real>
            </Row>
            <Row>
              <ct:Id xmlns:ct="http://www.pharmml.org/2013/03/CommonTypes">i3</ct:Id>
              <ct:Real xmlns:ct="http://www.pharmml.org/2013/03/CommonTypes">74.03</ct:Real>
              <ct:Real xmlns:ct="http://www.pharmml.org/2013/03/CommonTypes">3.1423</ct:Real>
            </Row>
            <Row>
              <ct:Id xmlns:ct="http://www.pharmml.org/2013/03/CommonTypes">i3</ct:Id>
              <ct:Real xmlns:ct="http://www.pharmml.org/2013/03/CommonTypes">76.52</ct:Real>
              <ct:Real xmlns:ct="http://www.pharmml.org/2013/03/CommonTypes">3.6697</ct:Real>
            </Row>
            <Row>
              <ct:Id xmlns:ct="http://www.pharmml.org/2013/03/CommonTypes">i3</ct:Id>
              <ct:Real xmlns:ct="http://www.pharmml.org/2013/03/CommonTypes">96.63</ct:Real>
              <ct:Real xmlns:ct="http://www.pharmml.org/2013/03/CommonTypes">2.3942</ct:Real>
            </Row>
            <Row>
              <ct:Id xmlns:ct="http://www.pharmml.org/2013/03/CommonTypes">i3</ct:Id>
              <ct:Real xmlns:ct="http://www.pharmml.org/2013/03/CommonTypes">97.93</ct:Real>
              <ct:Real xmlns:ct="http://www.pharmml.org/2013/03/CommonTypes">2.9140</ct:Real>
            </Row>
            <Row>
              <ct:Id xmlns:ct="http://www.pharmml.org/2013/03/CommonTypes">i3</ct:Id>
              <ct:Real xmlns:ct="http://www.pharmml.org/2013/03/CommonTypes">100.53</ct:Real>
              <ct:Real xmlns:ct="http://www.pharmml.org/2013/03/CommonTypes">3.9810</ct:Real>
            </Row>
            <Row>
              <ct:Id xmlns:ct="http://www.pharmml.org/2013/03/CommonTypes">i3</ct:Id>
              <ct:Real xmlns:ct="http://www.pharmml.org/2013/03/CommonTypes">120.55</ct:Real>
              <ct:Real xmlns:ct="http://www.pharmml.org/2013/03/CommonTypes">3.1656</ct:Real>
            </Row>
            <Row>
              <ct:Id xmlns:ct="http://www.pharmml.org/2013/03/CommonTypes">i3</ct:Id>
              <ct:Real xmlns:ct="http://www.pharmml.org/2013/03/CommonTypes">122.08</ct:Real>
              <ct:Real xmlns:ct="http://www.pharmml.org/2013/03/CommonTypes">3.4281</ct:Real>
            </Row>
            <Row>
              <ct:Id xmlns:ct="http://www.pharmml.org/2013/03/CommonTypes">i3</ct:Id>
              <ct:Real xmlns:ct="http://www.pharmml.org/2013/03/CommonTypes">124.53</ct:Real>
              <ct:Real xmlns:ct="http://www.pharmml.org/2013/03/CommonTypes">4.1692</ct:Real>
            </Row>
            <Row>
              <ct:Id xmlns:ct="http://www.pharmml.org/2013/03/CommonTypes">i3</ct:Id>
              <ct:Real xmlns:ct="http://www.pharmml.org/2013/03/CommonTypes">144.50</ct:Real>
              <ct:Real xmlns:ct="http://www.pharmml.org/2013/03/CommonTypes">3.5459</ct:Real>
            </Row>
            <Row>
              <ct:Id xmlns:ct="http://www.pharmml.org/2013/03/CommonTypes">i3</ct:Id>
              <ct:Real xmlns:ct="http://www.pharmml.org/2013/03/CommonTypes">146.47</ct:Real>
              <ct:Real xmlns:ct="http://www.pharmml.org/2013/03/CommonTypes">3.0208</ct:Real>
            </Row>
            <Row>
              <ct:Id xmlns:ct="http://www.pharmml.org/2013/03/CommonTypes">i3</ct:Id>
              <ct:Real xmlns:ct="http://www.pharmml.org/2013/03/CommonTypes">147.58</ct:Real>
              <ct:Real xmlns:ct="http://www.pharmml.org/2013/03/CommonTypes">3.6913</ct:Real>
            </Row>
            <Row>
              <ct:Id xmlns:ct="http://www.pharmml.org/2013/03/CommonTypes">i3</ct:Id>
              <ct:Real xmlns:ct="http://www.pharmml.org/2013/03/CommonTypes">148.77</ct:Real>
              <ct:Real xmlns:ct="http://www.pharmml.org/2013/03/CommonTypes">3.4866</ct:Real>
            </Row>
            <Row>
              <ct:Id xmlns:ct="http://www.pharmml.org/2013/03/CommonTypes">i3</ct:Id>
              <ct:Real xmlns:ct="http://www.pharmml.org/2013/03/CommonTypes">149.58</ct:Real>
              <ct:Real xmlns:ct="http://www.pharmml.org/2013/03/CommonTypes">3.8908</ct:Real>
            </Row>
            <Row>
              <ct:Id xmlns:ct="http://www.pharmml.org/2013/03/CommonTypes">i3</ct:Id>
              <ct:Real xmlns:ct="http://www.pharmml.org/2013/03/CommonTypes">150.58</ct:Real>
              <ct:Real xmlns:ct="http://www.pharmml.org/2013/03/CommonTypes">3.9960</ct:Real>
            </Row>
            <Row>
              <ct:Id xmlns:ct="http://www.pharmml.org/2013/03/CommonTypes">i3</ct:Id>
              <ct:Real xmlns:ct="http://www.pharmml.org/2013/03/CommonTypes">152.82</ct:Real>
              <ct:Real xmlns:ct="http://www.pharmml.org/2013/03/CommonTypes">3.6195</ct:Real>
            </Row>
            <Row>
              <ct:Id xmlns:ct="http://www.pharmml.org/2013/03/CommonTypes">i3</ct:Id>
              <ct:Real xmlns:ct="http://www.pharmml.org/2013/03/CommonTypes">154.58</ct:Real>
              <ct:Real xmlns:ct="http://www.pharmml.org/2013/03/CommonTypes">3.9871</ct:Real>
            </Row>
            <Row>
              <ct:Id xmlns:ct="http://www.pharmml.org/2013/03/CommonTypes">i3</ct:Id>
              <ct:Real xmlns:ct="http://www.pharmml.org/2013/03/CommonTypes">158.58</ct:Real>
              <ct:Real xmlns:ct="http://www.pharmml.org/2013/03/CommonTypes">3.1523</ct:Real>
            </Row>
            <Row>
              <ct:Id xmlns:ct="http://www.pharmml.org/2013/03/CommonTypes">i3</ct:Id>
              <ct:Real xmlns:ct="http://www.pharmml.org/2013/03/CommonTypes">164.58</ct:Real>
              <ct:Real xmlns:ct="http://www.pharmml.org/2013/03/CommonTypes">3.8180</ct:Real>
            </Row>
            <Row>
              <ct:Id xmlns:ct="http://www.pharmml.org/2013/03/CommonTypes">i3</ct:Id>
              <ct:Real xmlns:ct="http://www.pharmml.org/2013/03/CommonTypes">168.83</ct:Real>
              <ct:Real xmlns:ct="http://www.pharmml.org/2013/03/CommonTypes">3.2829</ct:Real>
            </Row>
            <Row>
              <ct:Id xmlns:ct="http://www.pharmml.org/2013/03/CommonTypes">i3</ct:Id>
              <ct:Real xmlns:ct="http://www.pharmml.org/2013/03/CommonTypes">170.62</ct:Real>
              <ct:Real xmlns:ct="http://www.pharmml.org/2013/03/CommonTypes">2.8059</ct:Real>
            </Row>
          </Table>
        </DataSet>
      </ObjectiveDataSet>
      <ParametersToEstimate>
        <ParameterEstimation>
          <ct:SymbRef xmlns:ct="http://www.pharmml.org/2013/03/CommonTypes" blkIdRef="pm1" symbIdRef="pop_PRL0"/>
          <InitialEstimate>
            <ct:Real xmlns:ct="http://www.pharmml.org/2013/03/CommonTypes">7.67</ct:Real>
          </InitialEstimate>
        </ParameterEstimation>
        <ParameterEstimation>
          <ct:SymbRef xmlns:ct="http://www.pharmml.org/2013/03/CommonTypes" blkIdRef="pm1" symbIdRef="pop_PRL0PATM"/>
          <InitialEstimate>
            <ct:Real xmlns:ct="http://www.pharmml.org/2013/03/CommonTypes">16.1</ct:Real>
          </InitialEstimate>
        </ParameterEstimation>
        <ParameterEstimation>
          <ct:SymbRef xmlns:ct="http://www.pharmml.org/2013/03/CommonTypes" blkIdRef="pm1" symbIdRef="pop_PRL0PATF"/>
          <InitialEstimate>
            <ct:Real xmlns:ct="http://www.pharmml.org/2013/03/CommonTypes">35.2</ct:Real>
          </InitialEstimate>
        </ParameterEstimation>
        <ParameterEstimation>
          <ct:SymbRef xmlns:ct="http://www.pharmml.org/2013/03/CommonTypes" blkIdRef="pm1" symbIdRef="pop_PRL0ST101M"/>
          <InitialEstimate>
            <ct:Real xmlns:ct="http://www.pharmml.org/2013/03/CommonTypes">11.3</ct:Real>
          </InitialEstimate>
        </ParameterEstimation>
        <ParameterEstimation>
          <ct:SymbRef xmlns:ct="http://www.pharmml.org/2013/03/CommonTypes" blkIdRef="pm1" symbIdRef="pop_PRL0ST101F"/>
          <InitialEstimate>
            <ct:Real xmlns:ct="http://www.pharmml.org/2013/03/CommonTypes">23.2</ct:Real>
          </InitialEstimate>
        </ParameterEstimation>
        <ParameterEstimation>
          <ct:SymbRef xmlns:ct="http://www.pharmml.org/2013/03/CommonTypes" blkIdRef="pm1" symbIdRef="omega_PRL0"/>
          <InitialEstimate>
            <ct:Real xmlns:ct="http://www.pharmml.org/2013/03/CommonTypes">0.425</ct:Real>
          </InitialEstimate>
        </ParameterEstimation>
        <ParameterEstimation>
          <ct:SymbRef xmlns:ct="http://www.pharmml.org/2013/03/CommonTypes" blkIdRef="pm1" symbIdRef="gamma_PRL0"/>
          <InitialEstimate>
            <ct:Real xmlns:ct="http://www.pharmml.org/2013/03/CommonTypes">0.0657</ct:Real>
          </InitialEstimate>
        </ParameterEstimation>
        <ParameterEstimation>
          <ct:SymbRef xmlns:ct="http://www.pharmml.org/2013/03/CommonTypes" blkIdRef="pm1" symbIdRef="pop_KOUT"/>
          <InitialEstimate>
            <ct:Real xmlns:ct="http://www.pharmml.org/2013/03/CommonTypes">0.664</ct:Real>
          </InitialEstimate>
        </ParameterEstimation>
        <ParameterEstimation>
          <ct:SymbRef xmlns:ct="http://www.pharmml.org/2013/03/CommonTypes" blkIdRef="pm1" symbIdRef="omega_KOUT"/>
          <InitialEstimate>
            <ct:Real xmlns:ct="http://www.pharmml.org/2013/03/CommonTypes">0.589</ct:Real>
          </InitialEstimate>
        </ParameterEstimation>
        <ParameterEstimation>
          <ct:SymbRef xmlns:ct="http://www.pharmml.org/2013/03/CommonTypes" blkIdRef="pm1" symbIdRef="pop_AMP1"/>
          <InitialEstimate>
            <ct:Real xmlns:ct="http://www.pharmml.org/2013/03/CommonTypes">0.532</ct:Real>
          </InitialEstimate>
        </ParameterEstimation>
        <ParameterEstimation>
          <ct:SymbRef xmlns:ct="http://www.pharmml.org/2013/03/CommonTypes" blkIdRef="pm1" symbIdRef="omega_AMP1"/>
          <InitialEstimate>
            <ct:Real xmlns:ct="http://www.pharmml.org/2013/03/CommonTypes">0.0558</ct:Real>
          </InitialEstimate>
        </ParameterEstimation>
        <ParameterEstimation>
          <ct:SymbRef xmlns:ct="http://www.pharmml.org/2013/03/CommonTypes" blkIdRef="pm1" symbIdRef="pop_DPHS"/>
          <InitialEstimate>
            <ct:Real xmlns:ct="http://www.pharmml.org/2013/03/CommonTypes">-1.61</ct:Real>
          </InitialEstimate>
        </ParameterEstimation>
        <ParameterEstimation>
          <ct:SymbRef xmlns:ct="http://www.pharmml.org/2013/03/CommonTypes" blkIdRef="pm1" symbIdRef="pop_PHS1"/>
          <InitialEstimate>
            <ct:Real xmlns:ct="http://www.pharmml.org/2013/03/CommonTypes">20.1</ct:Real>
          </InitialEstimate>
        </ParameterEstimation>
        <ParameterEstimation>
          <ct:SymbRef xmlns:ct="http://www.pharmml.org/2013/03/CommonTypes" blkIdRef="pm1" symbIdRef="pop_AMP2"/>
          <InitialEstimate>
            <ct:Real xmlns:ct="http://www.pharmml.org/2013/03/CommonTypes">-0.314</ct:Real>
          </InitialEstimate>
        </ParameterEstimation>
        <ParameterEstimation>
          <ct:SymbRef xmlns:ct="http://www.pharmml.org/2013/03/CommonTypes" blkIdRef="pm1" symbIdRef="pop_PHS2"/>
          <InitialEstimate>
            <ct:Real xmlns:ct="http://www.pharmml.org/2013/03/CommonTypes">13.7</ct:Real>
          </InitialEstimate>
        </ParameterEstimation>
        <ParameterEstimation>
          <ct:SymbRef xmlns:ct="http://www.pharmml.org/2013/03/CommonTypes" blkIdRef="pm1" symbIdRef="omega_PHS2"/>
          <InitialEstimate>
            <ct:Real xmlns:ct="http://www.pharmml.org/2013/03/CommonTypes">1.80</ct:Real>
          </InitialEstimate>
        </ParameterEstimation>
        <ParameterEstimation>
          <ct:SymbRef xmlns:ct="http://www.pharmml.org/2013/03/CommonTypes" blkIdRef="pm1" symbIdRef="pop_KI"/>
          <InitialEstimate>
            <ct:Real xmlns:ct="http://www.pharmml.org/2013/03/CommonTypes">1.96</ct:Real>
          </InitialEstimate>
        </ParameterEstimation>
        <ParameterEstimation>
          <ct:SymbRef xmlns:ct="http://www.pharmml.org/2013/03/CommonTypes" blkIdRef="pm1" symbIdRef="omega_KI"/>
          <InitialEstimate>
            <ct:Real xmlns:ct="http://www.pharmml.org/2013/03/CommonTypes">1.82</ct:Real>
          </InitialEstimate>
        </ParameterEstimation>
        <ParameterEstimation>
          <ct:SymbRef xmlns:ct="http://www.pharmml.org/2013/03/CommonTypes" blkIdRef="pm1" symbIdRef="rho_PRL0_KI"/>
          <InitialEstimate>
            <ct:Real xmlns:ct="http://www.pharmml.org/2013/03/CommonTypes">0.86</ct:Real>
          </InitialEstimate>
        </ParameterEstimation>
        <ParameterEstimation>
          <ct:SymbRef xmlns:ct="http://www.pharmml.org/2013/03/CommonTypes" blkIdRef="pm1" symbIdRef="pop_KDA"/>
          <InitialEstimate>
            <ct:Real xmlns:ct="http://www.pharmml.org/2013/03/CommonTypes">-0.156</ct:Real>
          </InitialEstimate>
        </ParameterEstimation>
        <ParameterEstimation>
          <ct:SymbRef xmlns:ct="http://www.pharmml.org/2013/03/CommonTypes" blkIdRef="pm1" symbIdRef="pop_UPDA"/>
          <InitialEstimate>
            <ct:Real xmlns:ct="http://www.pharmml.org/2013/03/CommonTypes">1.44</ct:Real>
          </InitialEstimate>
        </ParameterEstimation>
        <ParameterEstimation>
          <ct:SymbRef xmlns:ct="http://www.pharmml.org/2013/03/CommonTypes" blkIdRef="om1" symbIdRef="a"/>
          <InitialEstimate>
            <ct:Real xmlns:ct="http://www.pharmml.org/2013/03/CommonTypes">0.0841</ct:Real>
          </InitialEstimate>
        </ParameterEstimation>
        <ParameterEstimation>
          <ct:SymbRef xmlns:ct="http://www.pharmml.org/2013/03/CommonTypes" blkIdRef="om1" symbIdRef="b"/>
          <InitialEstimate>
            <ct:Real xmlns:ct="http://www.pharmml.org/2013/03/CommonTypes">0.178</ct:Real>
          </InitialEstimate>
        </ParameterEstimation>
        <ParameterEstimation>
          <ct:SymbRef xmlns:ct="http://www.pharmml.org/2013/03/CommonTypes" blkIdRef="om1" symbIdRef="c"/>
          <InitialEstimate>
            <ct:Real xmlns:ct="http://www.pharmml.org/2013/03/CommonTypes">0.326</ct:Real>
          </InitialEstimate>
        </ParameterEstimation>
      </ParametersToEstimate>
      <Operation order="1" opType="estPop"/>
      <Operation order="2" opType="estIndiv"/>
    </EstimationStep>
    <StepDependencies>
      <Step>
        <ct:OidRef xmlns:ct="http://www.pharmml.org/2013/03/CommonTypes" oidRef="estTask1"/>
      </Step>
    </StepDependencies>
  </ModellingSteps>
</PharmML>
