<?xml version="1.0" encoding="UTF-8"?>
<PharmML xmlns="http://www.pharmml.org/2013/03/PharmML" 
  xmlns:xsi="http://www.w3.org/2001/XMLSchema-instance" 
  xsi:schemaLocation="http://www.pharmml.org/2013/03/PharmML http://www.pharmml.org/2013/03/PharmML" 
  writtenVersion="0.3" id="i1">
  
  <ct:Name xmlns:ct="http://www.pharmml.org/2013/03/CommonTypes">Lledo - JPP 2013</ct:Name>
  
  <ct:Description xmlns:ct="http://www.pharmml.org/2013/03/CommonTypes">A semi-mechanistic model of the relationship between average glucose and HbA1c in healthy and diabetic subjects
Authors: R Lledo-Garcia, NA Mazer, MO Karlsson
Keywords: Diabetes, HbA1c, mean plasma glucose, red blood cell lifespan</ct:Description>
  <IndependentVariable symbId="t"/>
  <ct:FunctionDefinition xmlns:ct="http://www.pharmml.org/2013/03/CommonTypes" symbolType="real" symbId="proportionalErrorModel">
    <ct:FunctionArgument symbolType="real" symbId="cv"/>
    <ct:FunctionArgument symbolType="real" symbId="ipred"/>
    <ct:Definition>
      <Equation xmlns="http://www.pharmml.org/2013/03/Maths">
        <Binop op="times">
          <ct:SymbRef symbIdRef="cv"/>
          <ct:SymbRef symbIdRef="ipred"/>
        </Binop>
      </Equation>
    </ct:Definition>
  </ct:FunctionDefinition>
  <ModelDefinition xmlns="http://www.pharmml.org/2013/03/ModelDefinition">
    <VariabilityModel blkId="BSV" type="parameterVariability">
      <Level symbId="individual"/>
    </VariabilityModel>
    <VariabilityModel blkId="RUV" type="residualError">
      <Level symbId="residual"/>
    </VariabilityModel>
    <CovariateModel blkId="cm">
      <Covariate symbId="MPG">
        <Continuous>
          <Transformation>
            <Equation xmlns="http://www.pharmml.org/2013/03/Maths">
              <ct:SymbRef xmlns:ct="http://www.pharmml.org/2013/03/CommonTypes" symbIdRef="MPG"/>
            </Equation>
          </Transformation>
        </Continuous>
      </Covariate>
    </CovariateModel>
    <ParameterModel blkId="pm">
      <SimpleParameter symbId="KIN">
        <ct:Assign xmlns:ct="http://www.pharmml.org/2013/03/CommonTypes">
          <ct:Real>1</ct:Real>
        </ct:Assign>
      </SimpleParameter>
      <SimpleParameter symbId="POW"/>
      <SimpleParameter symbId="TVLS"/>
      <SimpleParameter symbId="MPG_LS">
        <ct:Assign xmlns:ct="http://www.pharmml.org/2013/03/CommonTypes">
          <Equation xmlns="http://www.pharmml.org/2013/03/Maths">
            <Binop op="power">
              <Binop op="plus">
                <Binop op="divide">
                  <ct:Real>149</ct:Real>
                  <ct:SymbRef symbIdRef="MPG" blkIdRef="cm"/>
                </Binop>
                <ct:Real>0.000001</ct:Real>
              </Binop>
              <ct:SymbRef symbIdRef="POW"/>
            </Binop>
          </Equation>
        </ct:Assign>
      </SimpleParameter>
      <SimpleParameter symbId="SD_IIV_LS"/>
      <RandomVariable symbId="eta_LS">
        <ct:VariabilityReference xmlns:ct="http://www.pharmml.org/2013/03/CommonTypes">
          <ct:SymbRef symbIdRef="individual" blkIdRef="BSV"/>
        </ct:VariabilityReference>
        <NormalDistribution xmlns="http://www.uncertml.org/3.0" definition="http://www.uncertml.org/distributions/normal">
          <mean>
            <rVal>0</rVal>
          </mean>
          <variance>
            <prVal>1</prVal>
          </variance>
        </NormalDistribution>
      </RandomVariable>
      <IndividualParameter symbId="LS">
        <ct:Assign xmlns:ct="http://www.pharmml.org/2013/03/CommonTypes">
          <Equation xmlns="http://www.pharmml.org/2013/03/Maths">
            <Binop op="times">
              <Binop op="times">
                <ct:SymbRef symbIdRef="TVLS"/>
                <ct:SymbRef symbIdRef="MPG_LS"/>
              </Binop>
              <Uniop op="exp">
                <Binop op="times">
                  <ct:SymbRef symbIdRef="SD_IIV_LS"/>
                  <ct:SymbRef symbIdRef="eta_LS"/>
                </Binop>
              </Uniop>
            </Binop>
          </Equation>
        </ct:Assign>
      </IndividualParameter>
      <SimpleParameter symbId="NC">
        <ct:Assign xmlns:ct="http://www.pharmml.org/2013/03/CommonTypes">
          <ct:Real>12</ct:Real>
        </ct:Assign>
      </SimpleParameter>
      <SimpleParameter symbId="KLS">
        <ct:Assign xmlns:ct="http://www.pharmml.org/2013/03/CommonTypes">
          <Equation xmlns="http://www.pharmml.org/2013/03/Maths">
            <Binop op="divide">
              <ct:SymbRef symbIdRef="NC"/>
              <ct:SymbRef symbIdRef="LS"/>
            </Binop>
          </Equation>
        </ct:Assign>
      </SimpleParameter>
      <SimpleParameter symbId="KG"/>
      <SimpleParameter symbId="GLY">
        <ct:Assign xmlns:ct="http://www.pharmml.org/2013/03/CommonTypes">
          <Equation xmlns="http://www.pharmml.org/2013/03/Maths">
            <Binop op="times">
              <ct:SymbRef symbIdRef="KG"/>
              <ct:SymbRef symbIdRef="MPG" blkIdRef="cm"/>
            </Binop>
          </Equation>
        </ct:Assign>
      </SimpleParameter>
      <SimpleParameter symbId="KGP">
        <ct:Assign xmlns:ct="http://www.pharmml.org/2013/03/CommonTypes">
          <ct:SymbRef symbIdRef="KG"/>
        </ct:Assign>
      </SimpleParameter>
      <SimpleParameter symbId="TVLSP"/>
      <SimpleParameter symbId="SD_IIV_LSP"/>
      <RandomVariable symbId="eta_LSP">
        <ct:VariabilityReference xmlns:ct="http://www.pharmml.org/2013/03/CommonTypes">
          <ct:SymbRef symbIdRef="individual" blkIdRef="BSV"/>
        </ct:VariabilityReference>
        <NormalDistribution xmlns="http://www.uncertml.org/3.0" definition="http://www.uncertml.org/distributions/normal">
          <mean>
            <rVal>0</rVal>
          </mean>
          <variance>
            <prVal>1</prVal>
          </variance>
        </NormalDistribution>
      </RandomVariable>
      <IndividualParameter symbId="LSP">
        <ct:Assign xmlns:ct="http://www.pharmml.org/2013/03/CommonTypes">
          <Equation xmlns="http://www.pharmml.org/2013/03/Maths">
            <Binop op="times">
              <ct:SymbRef symbIdRef="TVLSP"/>
              <Uniop op="exp">
                <Binop op="times">
                  <ct:SymbRef symbIdRef="SD_IIV_LSP"/>
                  <ct:SymbRef symbIdRef="eta_LSP"/>
                </Binop>
              </Uniop>
            </Binop>
          </Equation>
        </ct:Assign>
      </IndividualParameter>
      <SimpleParameter symbId="PRE">
        <ct:Assign xmlns:ct="http://www.pharmml.org/2013/03/CommonTypes">
          <Equation xmlns="http://www.pharmml.org/2013/03/Maths">
            <Uniop op="exp">
              <Binop op="times">
                <Binop op="times">
                  <Uniop op="minus">
                    <ct:SymbRef symbIdRef="KGP"/>
                  </Uniop>
                  <ct:SymbRef symbIdRef="MPG" blkIdRef="cm"/>
                </Binop>
                <ct:SymbRef symbIdRef="LSP"/>
              </Binop>
            </Uniop>
          </Equation>
        </ct:Assign>
      </SimpleParameter>
      <SimpleParameter symbId="A2_0">
        <ct:Assign xmlns:ct="http://www.pharmml.org/2013/03/CommonTypes">
          <Equation xmlns="http://www.pharmml.org/2013/03/Maths">
            <Binop op="divide">
              <Binop op="times">
                <ct:SymbRef symbIdRef="PRE"/>
                <ct:SymbRef symbIdRef="KIN"/>
              </Binop>
              <Binop op="plus">
                <ct:SymbRef symbIdRef="KLS"/>
                <ct:SymbRef symbIdRef="GLY"/>
              </Binop>
            </Binop>
          </Equation>
        </ct:Assign>
      </SimpleParameter>
      <SimpleParameter symbId="A3_0">
        <ct:Assign xmlns:ct="http://www.pharmml.org/2013/03/CommonTypes">
          <Equation xmlns="http://www.pharmml.org/2013/03/Maths">
            <Binop op="divide">
              <Binop op="times">
                <ct:SymbRef symbIdRef="A2_0"/>
                <ct:SymbRef symbIdRef="KLS"/>
              </Binop>
              <Binop op="plus">
                <ct:SymbRef symbIdRef="KLS"/>
                <ct:SymbRef symbIdRef="GLY"/>
              </Binop>
            </Binop>
          </Equation>
        </ct:Assign>
      </SimpleParameter>
      <SimpleParameter symbId="A4_0">
        <ct:Assign xmlns:ct="http://www.pharmml.org/2013/03/CommonTypes">
          <Equation xmlns="http://www.pharmml.org/2013/03/Maths">
            <Binop op="divide">
              <Binop op="times">
                <ct:SymbRef symbIdRef="A3_0"/>
                <ct:SymbRef symbIdRef="KLS"/>
              </Binop>
              <Binop op="plus">
                <ct:SymbRef symbIdRef="KLS"/>
                <ct:SymbRef symbIdRef="GLY"/>
              </Binop>
            </Binop>
          </Equation>
        </ct:Assign>
      </SimpleParameter>
      <SimpleParameter symbId="A5_0">
        <ct:Assign xmlns:ct="http://www.pharmml.org/2013/03/CommonTypes">
          <Equation xmlns="http://www.pharmml.org/2013/03/Maths">
            <Binop op="divide">
              <Binop op="times">
                <ct:SymbRef symbIdRef="A4_0"/>
                <ct:SymbRef symbIdRef="KLS"/>
              </Binop>
              <Binop op="plus">
                <ct:SymbRef symbIdRef="KLS"/>
                <ct:SymbRef symbIdRef="GLY"/>
              </Binop>
            </Binop>
          </Equation>
        </ct:Assign>
      </SimpleParameter>
      <SimpleParameter symbId="A6_0">
        <ct:Assign xmlns:ct="http://www.pharmml.org/2013/03/CommonTypes">
          <Equation xmlns="http://www.pharmml.org/2013/03/Maths">
            <Binop op="divide">
              <Binop op="times">
                <ct:SymbRef symbIdRef="A5_0"/>
                <ct:SymbRef symbIdRef="KLS"/>
              </Binop>
              <Binop op="plus">
                <ct:SymbRef symbIdRef="KLS"/>
                <ct:SymbRef symbIdRef="GLY"/>
              </Binop>
            </Binop>
          </Equation>
        </ct:Assign>
      </SimpleParameter>
      <SimpleParameter symbId="A7_0">
        <ct:Assign xmlns:ct="http://www.pharmml.org/2013/03/CommonTypes">
          <Equation xmlns="http://www.pharmml.org/2013/03/Maths">
            <Binop op="divide">
              <Binop op="times">
                <ct:SymbRef symbIdRef="A6_0"/>
                <ct:SymbRef symbIdRef="KLS"/>
              </Binop>
              <Binop op="plus">
                <ct:SymbRef symbIdRef="KLS"/>
                <ct:SymbRef symbIdRef="GLY"/>
              </Binop>
            </Binop>
          </Equation>
        </ct:Assign>
      </SimpleParameter>
      <SimpleParameter symbId="A8_0">
        <ct:Assign xmlns:ct="http://www.pharmml.org/2013/03/CommonTypes">
          <Equation xmlns="http://www.pharmml.org/2013/03/Maths">
            <Binop op="divide">
              <Binop op="times">
                <ct:SymbRef symbIdRef="A7_0"/>
                <ct:SymbRef symbIdRef="KLS"/>
              </Binop>
              <Binop op="plus">
                <ct:SymbRef symbIdRef="KLS"/>
                <ct:SymbRef symbIdRef="GLY"/>
              </Binop>
            </Binop>
          </Equation>
        </ct:Assign>
      </SimpleParameter>
      <SimpleParameter symbId="A9_0">
        <ct:Assign xmlns:ct="http://www.pharmml.org/2013/03/CommonTypes">
          <Equation xmlns="http://www.pharmml.org/2013/03/Maths">
            <Binop op="divide">
              <Binop op="times">
                <ct:SymbRef symbIdRef="A8_0"/>
                <ct:SymbRef symbIdRef="KLS"/>
              </Binop>
              <Binop op="plus">
                <ct:SymbRef symbIdRef="KLS"/>
                <ct:SymbRef symbIdRef="GLY"/>
              </Binop>
            </Binop>
          </Equation>
        </ct:Assign>
      </SimpleParameter>
      <SimpleParameter symbId="A10_0">
        <ct:Assign xmlns:ct="http://www.pharmml.org/2013/03/CommonTypes">
          <Equation xmlns="http://www.pharmml.org/2013/03/Maths">
            <Binop op="divide">
              <Binop op="times">
                <ct:SymbRef symbIdRef="A9_0"/>
                <ct:SymbRef symbIdRef="KLS"/>
              </Binop>
              <Binop op="plus">
                <ct:SymbRef symbIdRef="KLS"/>
                <ct:SymbRef symbIdRef="GLY"/>
              </Binop>
            </Binop>
          </Equation>
        </ct:Assign>
      </SimpleParameter>
      <SimpleParameter symbId="A11_0">
        <ct:Assign xmlns:ct="http://www.pharmml.org/2013/03/CommonTypes">
          <Equation xmlns="http://www.pharmml.org/2013/03/Maths">
            <Binop op="divide">
              <Binop op="times">
                <ct:SymbRef symbIdRef="A10_0"/>
                <ct:SymbRef symbIdRef="KLS"/>
              </Binop>
              <Binop op="plus">
                <ct:SymbRef symbIdRef="KLS"/>
                <ct:SymbRef symbIdRef="GLY"/>
              </Binop>
            </Binop>
          </Equation>
        </ct:Assign>
      </SimpleParameter>
      <SimpleParameter symbId="A12_0">
        <ct:Assign xmlns:ct="http://www.pharmml.org/2013/03/CommonTypes">
          <Equation xmlns="http://www.pharmml.org/2013/03/Maths">
            <Binop op="divide">
              <Binop op="times">
                <ct:SymbRef symbIdRef="A11_0"/>
                <ct:SymbRef symbIdRef="KLS"/>
              </Binop>
              <Binop op="plus">
                <ct:SymbRef symbIdRef="KLS"/>
                <ct:SymbRef symbIdRef="GLY"/>
              </Binop>
            </Binop>
          </Equation>
        </ct:Assign>
      </SimpleParameter>
      <SimpleParameter symbId="A13_0">
        <ct:Assign xmlns:ct="http://www.pharmml.org/2013/03/CommonTypes">
          <Equation xmlns="http://www.pharmml.org/2013/03/Maths">
            <Binop op="divide">
              <Binop op="times">
                <ct:SymbRef symbIdRef="A12_0"/>
                <ct:SymbRef symbIdRef="KLS"/>
              </Binop>
              <Binop op="plus">
                <ct:SymbRef symbIdRef="KLS"/>
                <ct:SymbRef symbIdRef="GLY"/>
              </Binop>
            </Binop>
          </Equation>
        </ct:Assign>
      </SimpleParameter>
      <SimpleParameter symbId="A14_0">
        <ct:Assign xmlns:ct="http://www.pharmml.org/2013/03/CommonTypes">
          <Equation xmlns="http://www.pharmml.org/2013/03/Maths">
            <Binop op="divide">
              <Binop op="plus">
                <Binop op="times">
                  <ct:SymbRef symbIdRef="A2_0"/>
                  <ct:SymbRef symbIdRef="GLY"/>
                </Binop>
                <Binop op="times">
                  <ct:SymbRef symbIdRef="KIN"/>
                  <Binop op="minus">
                    <ct:Real>1</ct:Real>
                    <ct:SymbRef symbIdRef="PRE"/>
                  </Binop>
                </Binop>
              </Binop>
              <ct:SymbRef symbIdRef="KLS"/>
            </Binop>
          </Equation>
        </ct:Assign>
      </SimpleParameter>
      <SimpleParameter symbId="A15_0">
        <ct:Assign xmlns:ct="http://www.pharmml.org/2013/03/CommonTypes">
          <Equation xmlns="http://www.pharmml.org/2013/03/Maths">
            <Binop op="divide">
              <Binop op="plus">
                <Binop op="times">
                  <ct:SymbRef symbIdRef="A14_0"/>
                  <ct:SymbRef symbIdRef="KLS"/>
                </Binop>
                <Binop op="times">
                  <ct:SymbRef symbIdRef="A3_0"/>
                  <ct:SymbRef symbIdRef="GLY"/>
                </Binop>
              </Binop>
              <ct:SymbRef symbIdRef="KLS"/>
            </Binop>
          </Equation>
        </ct:Assign>
      </SimpleParameter>
      <SimpleParameter symbId="A16_0">
        <ct:Assign xmlns:ct="http://www.pharmml.org/2013/03/CommonTypes">
          <Equation xmlns="http://www.pharmml.org/2013/03/Maths">
            <Binop op="divide">
              <Binop op="plus">
                <Binop op="times">
                  <ct:SymbRef symbIdRef="A15_0"/>
                  <ct:SymbRef symbIdRef="KLS"/>
                </Binop>
                <Binop op="times">
                  <ct:SymbRef symbIdRef="A4_0"/>
                  <ct:SymbRef symbIdRef="GLY"/>
                </Binop>
              </Binop>
              <ct:SymbRef symbIdRef="KLS"/>
            </Binop>
          </Equation>
        </ct:Assign>
      </SimpleParameter>
      <SimpleParameter symbId="A17_0">
        <ct:Assign xmlns:ct="http://www.pharmml.org/2013/03/CommonTypes">
          <Equation xmlns="http://www.pharmml.org/2013/03/Maths">
            <Binop op="divide">
              <Binop op="plus">
                <Binop op="times">
                  <ct:SymbRef symbIdRef="A16_0"/>
                  <ct:SymbRef symbIdRef="KLS"/>
                </Binop>
                <Binop op="times">
                  <ct:SymbRef symbIdRef="A5_0"/>
                  <ct:SymbRef symbIdRef="GLY"/>
                </Binop>
              </Binop>
              <ct:SymbRef symbIdRef="KLS"/>
            </Binop>
          </Equation>
        </ct:Assign>
      </SimpleParameter>
      <SimpleParameter symbId="A18_0">
        <ct:Assign xmlns:ct="http://www.pharmml.org/2013/03/CommonTypes">
          <Equation xmlns="http://www.pharmml.org/2013/03/Maths">
            <Binop op="divide">
              <Binop op="plus">
                <Binop op="times">
                  <ct:SymbRef symbIdRef="A17_0"/>
                  <ct:SymbRef symbIdRef="KLS"/>
                </Binop>
                <Binop op="times">
                  <ct:SymbRef symbIdRef="A6_0"/>
                  <ct:SymbRef symbIdRef="GLY"/>
                </Binop>
              </Binop>
              <ct:SymbRef symbIdRef="KLS"/>
            </Binop>
          </Equation>
        </ct:Assign>
      </SimpleParameter>
      <SimpleParameter symbId="A19_0">
        <ct:Assign xmlns:ct="http://www.pharmml.org/2013/03/CommonTypes">
          <Equation xmlns="http://www.pharmml.org/2013/03/Maths">
            <Binop op="divide">
              <Binop op="plus">
                <Binop op="times">
                  <ct:SymbRef symbIdRef="A18_0"/>
                  <ct:SymbRef symbIdRef="KLS"/>
                </Binop>
                <Binop op="times">
                  <ct:SymbRef symbIdRef="A7_0"/>
                  <ct:SymbRef symbIdRef="GLY"/>
                </Binop>
              </Binop>
              <ct:SymbRef symbIdRef="KLS"/>
            </Binop>
          </Equation>
        </ct:Assign>
      </SimpleParameter>
      <SimpleParameter symbId="A20_0">
        <ct:Assign xmlns:ct="http://www.pharmml.org/2013/03/CommonTypes">
          <Equation xmlns="http://www.pharmml.org/2013/03/Maths">
            <Binop op="divide">
              <Binop op="plus">
                <Binop op="times">
                  <ct:SymbRef symbIdRef="A19_0"/>
                  <ct:SymbRef symbIdRef="KLS"/>
                </Binop>
                <Binop op="times">
                  <ct:SymbRef symbIdRef="A8_0"/>
                  <ct:SymbRef symbIdRef="GLY"/>
                </Binop>
              </Binop>
              <ct:SymbRef symbIdRef="KLS"/>
            </Binop>
          </Equation>
        </ct:Assign>
      </SimpleParameter>
      <SimpleParameter symbId="A21_0">
        <ct:Assign xmlns:ct="http://www.pharmml.org/2013/03/CommonTypes">
          <Equation xmlns="http://www.pharmml.org/2013/03/Maths">
            <Binop op="divide">
              <Binop op="plus">
                <Binop op="times">
                  <ct:SymbRef symbIdRef="A20_0"/>
                  <ct:SymbRef symbIdRef="KLS"/>
                </Binop>
                <Binop op="times">
                  <ct:SymbRef symbIdRef="A9_0"/>
                  <ct:SymbRef symbIdRef="GLY"/>
                </Binop>
              </Binop>
              <ct:SymbRef symbIdRef="KLS"/>
            </Binop>
          </Equation>
        </ct:Assign>
      </SimpleParameter>
      <SimpleParameter symbId="A22_0">
        <ct:Assign xmlns:ct="http://www.pharmml.org/2013/03/CommonTypes">
          <Equation xmlns="http://www.pharmml.org/2013/03/Maths">
            <Binop op="divide">
              <Binop op="plus">
                <Binop op="times">
                  <ct:SymbRef symbIdRef="A21_0"/>
                  <ct:SymbRef symbIdRef="KLS"/>
                </Binop>
                <Binop op="times">
                  <ct:SymbRef symbIdRef="A10_0"/>
                  <ct:SymbRef symbIdRef="GLY"/>
                </Binop>
              </Binop>
              <ct:SymbRef symbIdRef="KLS"/>
            </Binop>
          </Equation>
        </ct:Assign>
      </SimpleParameter>
      <SimpleParameter symbId="A23_0">
        <ct:Assign xmlns:ct="http://www.pharmml.org/2013/03/CommonTypes">
          <Equation xmlns="http://www.pharmml.org/2013/03/Maths">
            <Binop op="divide">
              <Binop op="plus">
                <Binop op="times">
                  <ct:SymbRef symbIdRef="A22_0"/>
                  <ct:SymbRef symbIdRef="KLS"/>
                </Binop>
                <Binop op="times">
                  <ct:SymbRef symbIdRef="A11_0"/>
                  <ct:SymbRef symbIdRef="GLY"/>
                </Binop>
              </Binop>
              <ct:SymbRef symbIdRef="KLS"/>
            </Binop>
          </Equation>
        </ct:Assign>
      </SimpleParameter>
      <SimpleParameter symbId="A24_0">
        <ct:Assign xmlns:ct="http://www.pharmml.org/2013/03/CommonTypes">
          <Equation xmlns="http://www.pharmml.org/2013/03/Maths">
            <Binop op="divide">
              <Binop op="plus">
                <Binop op="times">
                  <ct:SymbRef symbIdRef="A23_0"/>
                  <ct:SymbRef symbIdRef="KLS"/>
                </Binop>
                <Binop op="times">
                  <ct:SymbRef symbIdRef="A12_0"/>
                  <ct:SymbRef symbIdRef="GLY"/>
                </Binop>
              </Binop>
              <ct:SymbRef symbIdRef="KLS"/>
            </Binop>
          </Equation>
        </ct:Assign>
      </SimpleParameter>
      <SimpleParameter symbId="A25_0">
        <ct:Assign xmlns:ct="http://www.pharmml.org/2013/03/CommonTypes">
          <Equation xmlns="http://www.pharmml.org/2013/03/Maths">
            <Binop op="divide">
              <Binop op="plus">
                <Binop op="times">
                  <ct:SymbRef symbIdRef="A24_0"/>
                  <ct:SymbRef symbIdRef="KLS"/>
                </Binop>
                <Binop op="times">
                  <ct:SymbRef symbIdRef="A13_0"/>
                  <ct:SymbRef symbIdRef="GLY"/>
                </Binop>
              </Binop>
              <ct:SymbRef symbIdRef="KLS"/>
            </Binop>
          </Equation>
        </ct:Assign>
      </SimpleParameter>
    </ParameterModel>
    <StructuralModel blkId="sm">
      <ct:DerivativeVariable xmlns:ct="http://www.pharmml.org/2013/03/CommonTypes" symbId="A1" symbolType="real">
        <ct:Assign>
          <Equation xmlns="http://www.pharmml.org/2013/03/Maths">
            <ct:Real>0</ct:Real>
          </Equation>
        </ct:Assign>
        <ct:IndependentVariable>
          <ct:SymbRef symbIdRef="t"/>
        </ct:IndependentVariable>
        <ct:InitialCondition>
          <ct:InitialValue>
            <ct:Assign>
              <ct:SymbRef symbIdRef="MPG" blkIdRef="cm"/>
            </ct:Assign>
          </ct:InitialValue>
        </ct:InitialCondition>
      </ct:DerivativeVariable>
      <ct:DerivativeVariable xmlns:ct="http://www.pharmml.org/2013/03/CommonTypes" symbId="A2" symbolType="real">
        <ct:Assign>
          <Equation xmlns="http://www.pharmml.org/2013/03/Maths">
            <Binop op="minus">
              <Binop op="times">
                <ct:SymbRef symbIdRef="KIN" blkIdRef="pm"/>
                <ct:SymbRef symbIdRef="PRE" blkIdRef="pm"/>
              </Binop>
              <Binop op="times">
                <ct:SymbRef symbIdRef="A2"/>
                <Binop op="plus">
                  <ct:SymbRef symbIdRef="KLS" blkIdRef="pm"/>
                  <ct:SymbRef symbIdRef="GLY" blkIdRef="pm"/>
                </Binop>
              </Binop>
            </Binop>
          </Equation>
        </ct:Assign>
        <ct:IndependentVariable>
          <ct:SymbRef symbIdRef="t"/>
        </ct:IndependentVariable>
        <ct:InitialCondition>
          <ct:InitialValue>
            <ct:Assign>
              <ct:SymbRef symbIdRef="A2_0" blkIdRef="pm"/>
            </ct:Assign>
          </ct:InitialValue>
        </ct:InitialCondition>
      </ct:DerivativeVariable>
      <ct:DerivativeVariable xmlns:ct="http://www.pharmml.org/2013/03/CommonTypes" symbId="A3" symbolType="real">
        <ct:Assign>
          <Equation xmlns="http://www.pharmml.org/2013/03/Maths">
            <Binop op="minus">
              <Binop op="times">
                <Binop op="minus">
                  <ct:SymbRef symbIdRef="A2"/>
                  <ct:SymbRef symbIdRef="A3"/>
                </Binop>
                <ct:SymbRef symbIdRef="KLS" blkIdRef="pm"/>
              </Binop>
              <Binop op="times">
                <ct:SymbRef symbIdRef="A3"/>
                <ct:SymbRef symbIdRef="GLY" blkIdRef="pm"/>
              </Binop>
            </Binop>
          </Equation>
        </ct:Assign>
        <ct:IndependentVariable>
          <ct:SymbRef symbIdRef="t"/>
        </ct:IndependentVariable>
        <ct:InitialCondition>
          <ct:InitialValue>
            <ct:Assign>
              <ct:SymbRef symbIdRef="A3_0" blkIdRef="pm"/>
            </ct:Assign>
          </ct:InitialValue>
        </ct:InitialCondition>
      </ct:DerivativeVariable>
      <ct:DerivativeVariable xmlns:ct="http://www.pharmml.org/2013/03/CommonTypes" symbId="A4" symbolType="real">
        <ct:Assign>
          <Equation xmlns="http://www.pharmml.org/2013/03/Maths">
            <Binop op="minus">
              <Binop op="times">
                <Binop op="minus">
                  <ct:SymbRef symbIdRef="A3"/>
                  <ct:SymbRef symbIdRef="A4"/>
                </Binop>
                <ct:SymbRef symbIdRef="KLS" blkIdRef="pm"/>
              </Binop>
              <Binop op="times">
                <ct:SymbRef symbIdRef="A4"/>
                <ct:SymbRef symbIdRef="GLY" blkIdRef="pm"/>
              </Binop>
            </Binop>
          </Equation>
        </ct:Assign>
        <ct:IndependentVariable>
          <ct:SymbRef symbIdRef="t"/>
        </ct:IndependentVariable>
        <ct:InitialCondition>
          <ct:InitialValue>
            <ct:Assign>
              <ct:SymbRef symbIdRef="A4_0" blkIdRef="pm"/>
            </ct:Assign>
          </ct:InitialValue>
        </ct:InitialCondition>
      </ct:DerivativeVariable>
      <ct:DerivativeVariable xmlns:ct="http://www.pharmml.org/2013/03/CommonTypes" symbId="A5" symbolType="real">
        <ct:Assign>
          <Equation xmlns="http://www.pharmml.org/2013/03/Maths">
            <Binop op="minus">
              <Binop op="times">
                <Binop op="minus">
                  <ct:SymbRef symbIdRef="A4"/>
                  <ct:SymbRef symbIdRef="A5"/>
                </Binop>
                <ct:SymbRef symbIdRef="KLS" blkIdRef="pm"/>
              </Binop>
              <Binop op="times">
                <ct:SymbRef symbIdRef="A5"/>
                <ct:SymbRef symbIdRef="GLY" blkIdRef="pm"/>
              </Binop>
            </Binop>
          </Equation>
        </ct:Assign>
        <ct:IndependentVariable>
          <ct:SymbRef symbIdRef="t"/>
        </ct:IndependentVariable>
        <ct:InitialCondition>
          <ct:InitialValue>
            <ct:Assign>
              <ct:SymbRef symbIdRef="A5_0" blkIdRef="pm"/>
            </ct:Assign>
          </ct:InitialValue>
        </ct:InitialCondition>
      </ct:DerivativeVariable>
      <ct:DerivativeVariable xmlns:ct="http://www.pharmml.org/2013/03/CommonTypes" symbId="A6" symbolType="real">
        <ct:Assign>
          <Equation xmlns="http://www.pharmml.org/2013/03/Maths">
            <Binop op="minus">
              <Binop op="times">
                <Binop op="minus">
                  <ct:SymbRef symbIdRef="A5"/>
                  <ct:SymbRef symbIdRef="A6"/>
                </Binop>
                <ct:SymbRef symbIdRef="KLS" blkIdRef="pm"/>
              </Binop>
              <Binop op="times">
                <ct:SymbRef symbIdRef="A6"/>
                <ct:SymbRef symbIdRef="GLY" blkIdRef="pm"/>
              </Binop>
            </Binop>
          </Equation>
        </ct:Assign>
        <ct:IndependentVariable>
          <ct:SymbRef symbIdRef="t"/>
        </ct:IndependentVariable>
        <ct:InitialCondition>
          <ct:InitialValue>
            <ct:Assign>
              <ct:SymbRef symbIdRef="A6_0" blkIdRef="pm"/>
            </ct:Assign>
          </ct:InitialValue>
        </ct:InitialCondition>
      </ct:DerivativeVariable>
      <ct:DerivativeVariable xmlns:ct="http://www.pharmml.org/2013/03/CommonTypes" symbId="A7" symbolType="real">
        <ct:Assign>
          <Equation xmlns="http://www.pharmml.org/2013/03/Maths">
            <Binop op="minus">
              <Binop op="times">
                <Binop op="minus">
                  <ct:SymbRef symbIdRef="A6"/>
                  <ct:SymbRef symbIdRef="A7"/>
                </Binop>
                <ct:SymbRef symbIdRef="KLS" blkIdRef="pm"/>
              </Binop>
              <Binop op="times">
                <ct:SymbRef symbIdRef="A7"/>
                <ct:SymbRef symbIdRef="GLY" blkIdRef="pm"/>
              </Binop>
            </Binop>
          </Equation>
        </ct:Assign>
        <ct:IndependentVariable>
          <ct:SymbRef symbIdRef="t"/>
        </ct:IndependentVariable>
        <ct:InitialCondition>
          <ct:InitialValue>
            <ct:Assign>
              <ct:SymbRef symbIdRef="A7_0" blkIdRef="pm"/>
            </ct:Assign>
          </ct:InitialValue>
        </ct:InitialCondition>
      </ct:DerivativeVariable>
      <ct:DerivativeVariable xmlns:ct="http://www.pharmml.org/2013/03/CommonTypes" symbId="A8" symbolType="real">
        <ct:Assign>
          <Equation xmlns="http://www.pharmml.org/2013/03/Maths">
            <Binop op="minus">
              <Binop op="times">
                <Binop op="minus">
                  <ct:SymbRef symbIdRef="A7"/>
                  <ct:SymbRef symbIdRef="A8"/>
                </Binop>
                <ct:SymbRef symbIdRef="KLS" blkIdRef="pm"/>
              </Binop>
              <Binop op="times">
                <ct:SymbRef symbIdRef="A8"/>
                <ct:SymbRef symbIdRef="GLY" blkIdRef="pm"/>
              </Binop>
            </Binop>
          </Equation>
        </ct:Assign>
        <ct:IndependentVariable>
          <ct:SymbRef symbIdRef="t"/>
        </ct:IndependentVariable>
        <ct:InitialCondition>
          <ct:InitialValue>
            <ct:Assign>
              <ct:SymbRef symbIdRef="A8_0" blkIdRef="pm"/>
            </ct:Assign>
          </ct:InitialValue>
        </ct:InitialCondition>
      </ct:DerivativeVariable>
      <ct:DerivativeVariable xmlns:ct="http://www.pharmml.org/2013/03/CommonTypes" symbId="A9" symbolType="real">
        <ct:Assign>
          <Equation xmlns="http://www.pharmml.org/2013/03/Maths">
            <Binop op="minus">
              <Binop op="times">
                <Binop op="minus">
                  <ct:SymbRef symbIdRef="A8"/>
                  <ct:SymbRef symbIdRef="A9"/>
                </Binop>
                <ct:SymbRef symbIdRef="KLS" blkIdRef="pm"/>
              </Binop>
              <Binop op="times">
                <ct:SymbRef symbIdRef="A9"/>
                <ct:SymbRef symbIdRef="GLY" blkIdRef="pm"/>
              </Binop>
            </Binop>
          </Equation>
        </ct:Assign>
        <ct:IndependentVariable>
          <ct:SymbRef symbIdRef="t"/>
        </ct:IndependentVariable>
        <ct:InitialCondition>
          <ct:InitialValue>
            <ct:Assign>
              <ct:SymbRef symbIdRef="A9_0" blkIdRef="pm"/>
            </ct:Assign>
          </ct:InitialValue>
        </ct:InitialCondition>
      </ct:DerivativeVariable>
      <ct:DerivativeVariable xmlns:ct="http://www.pharmml.org/2013/03/CommonTypes" symbId="A10" symbolType="real">
        <ct:Assign>
          <Equation xmlns="http://www.pharmml.org/2013/03/Maths">
            <Binop op="minus">
              <Binop op="times">
                <Binop op="minus">
                  <ct:SymbRef symbIdRef="A9"/>
                  <ct:SymbRef symbIdRef="A10"/>
                </Binop>
                <ct:SymbRef symbIdRef="KLS" blkIdRef="pm"/>
              </Binop>
              <Binop op="times">
                <ct:SymbRef symbIdRef="A10"/>
                <ct:SymbRef symbIdRef="GLY" blkIdRef="pm"/>
              </Binop>
            </Binop>
          </Equation>
        </ct:Assign>
        <ct:IndependentVariable>
          <ct:SymbRef symbIdRef="t"/>
        </ct:IndependentVariable>
        <ct:InitialCondition>
          <ct:InitialValue>
            <ct:Assign>
              <ct:SymbRef symbIdRef="A10_0" blkIdRef="pm"/>
            </ct:Assign>
          </ct:InitialValue>
        </ct:InitialCondition>
      </ct:DerivativeVariable>
      <ct:DerivativeVariable xmlns:ct="http://www.pharmml.org/2013/03/CommonTypes" symbId="A11" symbolType="real">
        <ct:Assign>
          <Equation xmlns="http://www.pharmml.org/2013/03/Maths">
            <Binop op="minus">
              <Binop op="times">
                <Binop op="minus">
                  <ct:SymbRef symbIdRef="A10"/>
                  <ct:SymbRef symbIdRef="A11"/>
                </Binop>
                <ct:SymbRef symbIdRef="KLS" blkIdRef="pm"/>
              </Binop>
              <Binop op="times">
                <ct:SymbRef symbIdRef="A11"/>
                <ct:SymbRef symbIdRef="GLY" blkIdRef="pm"/>
              </Binop>
            </Binop>
          </Equation>
        </ct:Assign>
        <ct:IndependentVariable>
          <ct:SymbRef symbIdRef="t"/>
        </ct:IndependentVariable>
        <ct:InitialCondition>
          <ct:InitialValue>
            <ct:Assign>
              <ct:SymbRef symbIdRef="A11_0" blkIdRef="pm"/>
            </ct:Assign>
          </ct:InitialValue>
        </ct:InitialCondition>
      </ct:DerivativeVariable>
      <ct:DerivativeVariable xmlns:ct="http://www.pharmml.org/2013/03/CommonTypes" symbId="A12" symbolType="real">
        <ct:Assign>
          <Equation xmlns="http://www.pharmml.org/2013/03/Maths">
            <Binop op="minus">
              <Binop op="times">
                <Binop op="minus">
                  <ct:SymbRef symbIdRef="A11"/>
                  <ct:SymbRef symbIdRef="A12"/>
                </Binop>
                <ct:SymbRef symbIdRef="KLS" blkIdRef="pm"/>
              </Binop>
              <Binop op="times">
                <ct:SymbRef symbIdRef="A12"/>
                <ct:SymbRef symbIdRef="GLY" blkIdRef="pm"/>
              </Binop>
            </Binop>
          </Equation>
        </ct:Assign>
        <ct:IndependentVariable>
          <ct:SymbRef symbIdRef="t"/>
        </ct:IndependentVariable>
        <ct:InitialCondition>
          <ct:InitialValue>
            <ct:Assign>
              <ct:SymbRef symbIdRef="A12_0" blkIdRef="pm"/>
            </ct:Assign>
          </ct:InitialValue>
        </ct:InitialCondition>
      </ct:DerivativeVariable>
      <ct:DerivativeVariable xmlns:ct="http://www.pharmml.org/2013/03/CommonTypes" symbId="A13" symbolType="real">
        <ct:Assign>
          <Equation xmlns="http://www.pharmml.org/2013/03/Maths">
            <Binop op="minus">
              <Binop op="times">
                <Binop op="minus">
                  <ct:SymbRef symbIdRef="A12"/>
                  <ct:SymbRef symbIdRef="A13"/>
                </Binop>
                <ct:SymbRef symbIdRef="KLS" blkIdRef="pm"/>
              </Binop>
              <Binop op="times">
                <ct:SymbRef symbIdRef="A13"/>
                <ct:SymbRef symbIdRef="GLY" blkIdRef="pm"/>
              </Binop>
            </Binop>
          </Equation>
        </ct:Assign>
        <ct:IndependentVariable>
          <ct:SymbRef symbIdRef="t"/>
        </ct:IndependentVariable>
        <ct:InitialCondition>
          <ct:InitialValue>
            <ct:Assign>
              <ct:SymbRef symbIdRef="A13_0" blkIdRef="pm"/>
            </ct:Assign>
          </ct:InitialValue>
        </ct:InitialCondition>
      </ct:DerivativeVariable>
      <ct:DerivativeVariable xmlns:ct="http://www.pharmml.org/2013/03/CommonTypes" symbId="A14" symbolType="real">
        <ct:Assign>
          <Equation xmlns="http://www.pharmml.org/2013/03/Maths">
            <Binop op="plus">
              <Binop op="minus">
                <Binop op="times">
                  <ct:SymbRef symbIdRef="KIN" blkIdRef="pm"/>
                  <Binop op="minus">
                    <ct:Real>1</ct:Real>
                    <ct:SymbRef symbIdRef="PRE" blkIdRef="pm"/>
                  </Binop>
                </Binop>
                <Binop op="times">
                  <ct:SymbRef symbIdRef="A14"/>
                  <ct:SymbRef symbIdRef="KLS" blkIdRef="pm"/>
                </Binop>
              </Binop>
              <Binop op="times">
                <ct:SymbRef symbIdRef="A2"/>
                <ct:SymbRef symbIdRef="GLY" blkIdRef="pm"/>
              </Binop>
            </Binop>
          </Equation>
        </ct:Assign>
        <ct:IndependentVariable>
          <ct:SymbRef symbIdRef="t"/>
        </ct:IndependentVariable>
        <ct:InitialCondition>
          <ct:InitialValue>
            <ct:Assign>
              <ct:SymbRef symbIdRef="A14_0" blkIdRef="pm"/>
            </ct:Assign>
          </ct:InitialValue>
        </ct:InitialCondition>
      </ct:DerivativeVariable>
      <ct:DerivativeVariable xmlns:ct="http://www.pharmml.org/2013/03/CommonTypes" symbId="A15" symbolType="real">
        <ct:Assign>
          <Equation xmlns="http://www.pharmml.org/2013/03/Maths">
            <Binop op="plus">
              <Binop op="times">
                <Binop op="minus">
                  <ct:SymbRef symbIdRef="A14"/>
                  <ct:SymbRef symbIdRef="A15"/>
                </Binop>
                <ct:SymbRef symbIdRef="KLS" blkIdRef="pm"/>
              </Binop>
              <Binop op="times">
                <ct:SymbRef symbIdRef="A3"/>
                <ct:SymbRef symbIdRef="GLY" blkIdRef="pm"/>
              </Binop>
            </Binop>
          </Equation>
        </ct:Assign>
        <ct:IndependentVariable>
          <ct:SymbRef symbIdRef="t"/>
        </ct:IndependentVariable>
        <ct:InitialCondition>
          <ct:InitialValue>
            <ct:Assign>
              <ct:SymbRef symbIdRef="A15_0" blkIdRef="pm"/>
            </ct:Assign>
          </ct:InitialValue>
        </ct:InitialCondition>
      </ct:DerivativeVariable>
      <ct:DerivativeVariable xmlns:ct="http://www.pharmml.org/2013/03/CommonTypes" symbId="A16" symbolType="real">
        <ct:Assign>
          <Equation xmlns="http://www.pharmml.org/2013/03/Maths">
            <Binop op="plus">
              <Binop op="times">
                <Binop op="minus">
                  <ct:SymbRef symbIdRef="A15"/>
                  <ct:SymbRef symbIdRef="A16"/>
                </Binop>
                <ct:SymbRef symbIdRef="KLS" blkIdRef="pm"/>
              </Binop>
              <Binop op="times">
                <ct:SymbRef symbIdRef="A4"/>
                <ct:SymbRef symbIdRef="GLY" blkIdRef="pm"/>
              </Binop>
            </Binop>
          </Equation>
        </ct:Assign>
        <ct:IndependentVariable>
          <ct:SymbRef symbIdRef="t"/>
        </ct:IndependentVariable>
        <ct:InitialCondition>
          <ct:InitialValue>
            <ct:Assign>
              <ct:SymbRef symbIdRef="A16_0" blkIdRef="pm"/>
            </ct:Assign>
          </ct:InitialValue>
        </ct:InitialCondition>
      </ct:DerivativeVariable>
      <ct:DerivativeVariable xmlns:ct="http://www.pharmml.org/2013/03/CommonTypes" symbId="A17" symbolType="real">
        <ct:Assign>
          <Equation xmlns="http://www.pharmml.org/2013/03/Maths">
            <Binop op="plus">
              <Binop op="times">
                <Binop op="minus">
                  <ct:SymbRef symbIdRef="A16"/>
                  <ct:SymbRef symbIdRef="A17"/>
                </Binop>
                <ct:SymbRef symbIdRef="KLS" blkIdRef="pm"/>
              </Binop>
              <Binop op="times">
                <ct:SymbRef symbIdRef="A5"/>
                <ct:SymbRef symbIdRef="GLY" blkIdRef="pm"/>
              </Binop>
            </Binop>
          </Equation>
        </ct:Assign>
        <ct:IndependentVariable>
          <ct:SymbRef symbIdRef="t"/>
        </ct:IndependentVariable>
        <ct:InitialCondition>
          <ct:InitialValue>
            <ct:Assign>
              <ct:SymbRef symbIdRef="A17_0" blkIdRef="pm"/>
            </ct:Assign>
          </ct:InitialValue>
        </ct:InitialCondition>
      </ct:DerivativeVariable>
      <ct:DerivativeVariable xmlns:ct="http://www.pharmml.org/2013/03/CommonTypes" symbId="A18" symbolType="real">
        <ct:Assign>
          <Equation xmlns="http://www.pharmml.org/2013/03/Maths">
            <Binop op="plus">
              <Binop op="times">
                <Binop op="minus">
                  <ct:SymbRef symbIdRef="A17"/>
                  <ct:SymbRef symbIdRef="A18"/>
                </Binop>
                <ct:SymbRef symbIdRef="KLS" blkIdRef="pm"/>
              </Binop>
              <Binop op="times">
                <ct:SymbRef symbIdRef="A6"/>
                <ct:SymbRef symbIdRef="GLY" blkIdRef="pm"/>
              </Binop>
            </Binop>
          </Equation>
        </ct:Assign>
        <ct:IndependentVariable>
          <ct:SymbRef symbIdRef="t"/>
        </ct:IndependentVariable>
        <ct:InitialCondition>
          <ct:InitialValue>
            <ct:Assign>
              <ct:SymbRef symbIdRef="A18_0" blkIdRef="pm"/>
            </ct:Assign>
          </ct:InitialValue>
        </ct:InitialCondition>
      </ct:DerivativeVariable>
      <ct:DerivativeVariable xmlns:ct="http://www.pharmml.org/2013/03/CommonTypes" symbId="A19" symbolType="real">
        <ct:Assign>
          <Equation xmlns="http://www.pharmml.org/2013/03/Maths">
            <Binop op="plus">
              <Binop op="times">
                <Binop op="minus">
                  <ct:SymbRef symbIdRef="A18"/>
                  <ct:SymbRef symbIdRef="A19"/>
                </Binop>
                <ct:SymbRef symbIdRef="KLS" blkIdRef="pm"/>
              </Binop>
              <Binop op="times">
                <ct:SymbRef symbIdRef="A7"/>
                <ct:SymbRef symbIdRef="GLY" blkIdRef="pm"/>
              </Binop>
            </Binop>
          </Equation>
        </ct:Assign>
        <ct:IndependentVariable>
          <ct:SymbRef symbIdRef="t"/>
        </ct:IndependentVariable>
        <ct:InitialCondition>
          <ct:InitialValue>
            <ct:Assign>
              <ct:SymbRef symbIdRef="A19_0" blkIdRef="pm"/>
            </ct:Assign>
          </ct:InitialValue>
        </ct:InitialCondition>
      </ct:DerivativeVariable>
      <ct:DerivativeVariable xmlns:ct="http://www.pharmml.org/2013/03/CommonTypes" symbId="A20" symbolType="real">
        <ct:Assign>
          <Equation xmlns="http://www.pharmml.org/2013/03/Maths">
            <Binop op="plus">
              <Binop op="times">
                <Binop op="minus">
                  <ct:SymbRef symbIdRef="A19"/>
                  <ct:SymbRef symbIdRef="A20"/>
                </Binop>
                <ct:SymbRef symbIdRef="KLS" blkIdRef="pm"/>
              </Binop>
              <Binop op="times">
                <ct:SymbRef symbIdRef="A8"/>
                <ct:SymbRef symbIdRef="GLY" blkIdRef="pm"/>
              </Binop>
            </Binop>
          </Equation>
        </ct:Assign>
        <ct:IndependentVariable>
          <ct:SymbRef symbIdRef="t"/>
        </ct:IndependentVariable>
        <ct:InitialCondition>
          <ct:InitialValue>
            <ct:Assign>
              <ct:SymbRef symbIdRef="A20_0" blkIdRef="pm"/>
            </ct:Assign>
          </ct:InitialValue>
        </ct:InitialCondition>
      </ct:DerivativeVariable>
      <ct:DerivativeVariable xmlns:ct="http://www.pharmml.org/2013/03/CommonTypes" symbId="A21" symbolType="real">
        <ct:Assign>
          <Equation xmlns="http://www.pharmml.org/2013/03/Maths">
            <Binop op="plus">
              <Binop op="times">
                <Binop op="minus">
                  <ct:SymbRef symbIdRef="A20"/>
                  <ct:SymbRef symbIdRef="A21"/>
                </Binop>
                <ct:SymbRef symbIdRef="KLS" blkIdRef="pm"/>
              </Binop>
              <Binop op="times">
                <ct:SymbRef symbIdRef="A9"/>
                <ct:SymbRef symbIdRef="GLY" blkIdRef="pm"/>
              </Binop>
            </Binop>
          </Equation>
        </ct:Assign>
        <ct:IndependentVariable>
          <ct:SymbRef symbIdRef="t"/>
        </ct:IndependentVariable>
        <ct:InitialCondition>
          <ct:InitialValue>
            <ct:Assign>
              <ct:SymbRef symbIdRef="A21_0" blkIdRef="pm"/>
            </ct:Assign>
          </ct:InitialValue>
        </ct:InitialCondition>
      </ct:DerivativeVariable>
      <ct:DerivativeVariable xmlns:ct="http://www.pharmml.org/2013/03/CommonTypes" symbId="A22" symbolType="real">
        <ct:Assign>
          <Equation xmlns="http://www.pharmml.org/2013/03/Maths">
            <Binop op="plus">
              <Binop op="times">
                <Binop op="minus">
                  <ct:SymbRef symbIdRef="A21"/>
                  <ct:SymbRef symbIdRef="A22"/>
                </Binop>
                <ct:SymbRef symbIdRef="KLS" blkIdRef="pm"/>
              </Binop>
              <Binop op="times">
                <ct:SymbRef symbIdRef="A10"/>
                <ct:SymbRef symbIdRef="GLY" blkIdRef="pm"/>
              </Binop>
            </Binop>
          </Equation>
        </ct:Assign>
        <ct:IndependentVariable>
          <ct:SymbRef symbIdRef="t"/>
        </ct:IndependentVariable>
        <ct:InitialCondition>
          <ct:InitialValue>
            <ct:Assign>
              <ct:SymbRef symbIdRef="A22_0" blkIdRef="pm"/>
            </ct:Assign>
          </ct:InitialValue>
        </ct:InitialCondition>
      </ct:DerivativeVariable>
      <ct:DerivativeVariable xmlns:ct="http://www.pharmml.org/2013/03/CommonTypes" symbId="A23" symbolType="real">
        <ct:Assign>
          <Equation xmlns="http://www.pharmml.org/2013/03/Maths">
            <Binop op="plus">
              <Binop op="times">
                <Binop op="minus">
                  <ct:SymbRef symbIdRef="A22"/>
                  <ct:SymbRef symbIdRef="A23"/>
                </Binop>
                <ct:SymbRef symbIdRef="KLS" blkIdRef="pm"/>
              </Binop>
              <Binop op="times">
                <ct:SymbRef symbIdRef="A11"/>
                <ct:SymbRef symbIdRef="GLY" blkIdRef="pm"/>
              </Binop>
            </Binop>
          </Equation>
        </ct:Assign>
        <ct:IndependentVariable>
          <ct:SymbRef symbIdRef="t"/>
        </ct:IndependentVariable>
        <ct:InitialCondition>
          <ct:InitialValue>
            <ct:Assign>
              <ct:SymbRef symbIdRef="A23_0" blkIdRef="pm"/>
            </ct:Assign>
          </ct:InitialValue>
        </ct:InitialCondition>
      </ct:DerivativeVariable>
      <ct:DerivativeVariable xmlns:ct="http://www.pharmml.org/2013/03/CommonTypes" symbId="A24" symbolType="real">
        <ct:Assign>
          <Equation xmlns="http://www.pharmml.org/2013/03/Maths">
            <Binop op="plus">
              <Binop op="times">
                <Binop op="minus">
                  <ct:SymbRef symbIdRef="A23"/>
                  <ct:SymbRef symbIdRef="A24"/>
                </Binop>
                <ct:SymbRef symbIdRef="KLS" blkIdRef="pm"/>
              </Binop>
              <Binop op="times">
                <ct:SymbRef symbIdRef="A12"/>
                <ct:SymbRef symbIdRef="GLY" blkIdRef="pm"/>
              </Binop>
            </Binop>
          </Equation>
        </ct:Assign>
        <ct:IndependentVariable>
          <ct:SymbRef symbIdRef="t"/>
        </ct:IndependentVariable>
        <ct:InitialCondition>
          <ct:InitialValue>
            <ct:Assign>
              <ct:SymbRef symbIdRef="A24_0" blkIdRef="pm"/>
            </ct:Assign>
          </ct:InitialValue>
        </ct:InitialCondition>
      </ct:DerivativeVariable>
      <ct:DerivativeVariable xmlns:ct="http://www.pharmml.org/2013/03/CommonTypes" symbId="A25" symbolType="real">
        <ct:Assign>
          <Equation xmlns="http://www.pharmml.org/2013/03/Maths">
            <Binop op="plus">
              <Binop op="times">
                <Binop op="minus">
                  <ct:SymbRef symbIdRef="A24"/>
                  <ct:SymbRef symbIdRef="A25"/>
                </Binop>
                <ct:SymbRef symbIdRef="KLS" blkIdRef="pm"/>
              </Binop>
              <Binop op="times">
                <ct:SymbRef symbIdRef="A13"/>
                <ct:SymbRef symbIdRef="GLY" blkIdRef="pm"/>
              </Binop>
            </Binop>
          </Equation>
        </ct:Assign>
        <ct:IndependentVariable>
          <ct:SymbRef symbIdRef="t"/>
        </ct:IndependentVariable>
        <ct:InitialCondition>
          <ct:InitialValue>
            <ct:Assign>
              <ct:SymbRef symbIdRef="A25_0" blkIdRef="pm"/>
            </ct:Assign>
          </ct:InitialValue>
        </ct:InitialCondition>
      </ct:DerivativeVariable>
      <ct:Variable xmlns:ct="http://www.pharmml.org/2013/03/CommonTypes" symbolType="real" symbId="NONRBC">
        <ct:Assign>
          <Equation xmlns="http://www.pharmml.org/2013/03/Maths">
            <Binop op="plus">
              <Binop op="plus">
                <Binop op="plus">
                  <Binop op="plus">
                    <ct:SymbRef symbIdRef="A2"/>
                    <ct:SymbRef symbIdRef="A3"/>
                  </Binop>
                  <ct:SymbRef symbIdRef="A4"/>
                </Binop>
                <Binop op="plus">
                  <Binop op="plus">
                    <ct:SymbRef symbIdRef="A5"/>
                    <ct:SymbRef symbIdRef="A6"/>
                  </Binop>
                  <ct:SymbRef symbIdRef="A7"/>
                </Binop>
              </Binop>
              <Binop op="plus">
                <Binop op="plus">
                  <Binop op="plus">
                    <ct:SymbRef symbIdRef="A8"/>
                    <ct:SymbRef symbIdRef="A9"/>
                  </Binop>
                  <ct:SymbRef symbIdRef="A10"/>
                </Binop>
                <Binop op="plus">
                  <Binop op="plus">
                    <ct:SymbRef symbIdRef="A11"/>
                    <ct:SymbRef symbIdRef="A12"/>
                  </Binop>
                  <ct:SymbRef symbIdRef="A13"/>
                </Binop>
              </Binop>
            </Binop>
          </Equation>
        </ct:Assign>
      </ct:Variable>
      <ct:Variable xmlns:ct="http://www.pharmml.org/2013/03/CommonTypes" symbolType="real" symbId="GLYRBC">
        <ct:Assign>
          <Equation xmlns="http://www.pharmml.org/2013/03/Maths">
            <Binop op="plus">
              <Binop op="plus">
                <Binop op="plus">
                  <Binop op="plus">
                    <ct:SymbRef symbIdRef="A14"/>
                    <ct:SymbRef symbIdRef="A15"/>
                  </Binop>
                  <ct:SymbRef symbIdRef="A16"/>
                </Binop>
                <Binop op="plus">
                  <Binop op="plus">
                    <ct:SymbRef symbIdRef="A17"/>
                    <ct:SymbRef symbIdRef="A18"/>
                  </Binop>
                  <ct:SymbRef symbIdRef="A19"/>
                </Binop>
              </Binop>
              <Binop op="plus">
                <Binop op="plus">
                  <Binop op="plus">
                    <ct:SymbRef symbIdRef="A20"/>
                    <ct:SymbRef symbIdRef="A21"/>
                  </Binop>
                  <ct:SymbRef symbIdRef="A22"/>
                </Binop>
                <Binop op="plus">
                  <Binop op="plus">
                    <ct:SymbRef symbIdRef="A23"/>
                    <ct:SymbRef symbIdRef="A24"/>
                  </Binop>
                  <ct:SymbRef symbIdRef="A25"/>
                </Binop>
              </Binop>
            </Binop>
          </Equation>
        </ct:Assign>
      </ct:Variable>
      <ct:Variable xmlns:ct="http://www.pharmml.org/2013/03/CommonTypes" symbolType="real" symbId="TOTRBC">
        <ct:Assign>
          <Equation xmlns="http://www.pharmml.org/2013/03/Maths">
            <Binop op="plus">
              <ct:SymbRef symbIdRef="NONRBC"/>
              <ct:SymbRef symbIdRef="GLYRBC"/>
            </Binop>
          </Equation>
        </ct:Assign>
      </ct:Variable>
      <ct:Variable xmlns:ct="http://www.pharmml.org/2013/03/CommonTypes" symbolType="real" symbId="HBA1C">
        <ct:Assign>
          <Equation xmlns="http://www.pharmml.org/2013/03/Maths">
            <Binop op="times">
              <Binop op="divide">
                <ct:SymbRef symbIdRef="GLYRBC"/>
                <ct:SymbRef symbIdRef="TOTRBC"/>
              </Binop>
              <ct:Real>100</ct:Real>
            </Binop>
          </Equation>
        </ct:Assign>
      </ct:Variable>
    </StructuralModel>
    <ObservationModel blkId="om">
      <SimpleParameter symbId="cv_HBA1C"/>
      <RandomVariable symbId="eps_HBA1C">
        <ct:VariabilityReference xmlns:ct="http://www.pharmml.org/2013/03/CommonTypes">
          <ct:SymbRef symbIdRef="residual" blkIdRef="RUV"/>
        </ct:VariabilityReference>
        <NormalDistribution xmlns="http://www.uncertml.org/3.0" definition="http://www.uncertml.org/distributions/normal">
          <mean>
            <rVal>0</rVal>
          </mean>
          <variance>
            <prVal>1</prVal>
          </variance>
        </NormalDistribution>
      </RandomVariable>
      <Standard symbId="HBA1C_obs">
        <Output>
          <ct:SymbRef xmlns:ct="http://www.pharmml.org/2013/03/CommonTypes" symbIdRef="HBA1C" blkIdRef="sm"/>
        </Output>
        <ErrorModel>
          <ct:Assign xmlns:ct="http://www.pharmml.org/2013/03/CommonTypes">
            <Equation xmlns="http://www.pharmml.org/2013/03/Maths">
              <FunctionCall>
                <ct:SymbRef symbIdRef="proportionalErrorModel"/>
                <FunctionArgument symbId="cv">
                  <ct:SymbRef symbIdRef="cv_HBA1C"/>
                </FunctionArgument>
                <FunctionArgument symbId="ipred">
                  <ct:SymbRef symbIdRef="HBA1C" blkIdRef="sm"/>
                </FunctionArgument>
              </FunctionCall>
            </Equation>
          </ct:Assign>
        </ErrorModel>
        <ResidualError>
          <ct:SymbRef xmlns:ct="http://www.pharmml.org/2013/03/CommonTypes" symbIdRef="eps_HBA1C"/>
        </ResidualError>
      </Standard>
    </ObservationModel>
  </ModelDefinition>
  <TrialDesign xmlns="http://www.pharmml.org/2013/03/TrialDesign">
    <Structure>
      <Epoch oid="epoch1">
        <Start>
          <ct:Real xmlns:ct="http://www.pharmml.org/2013/03/CommonTypes">0</ct:Real>
        </Start>
        <End>
          <ct:Real xmlns:ct="http://www.pharmml.org/2013/03/CommonTypes">150</ct:Real>
        </End>
        <Order>1</Order>
      </Epoch>
      <Arm oid="arm1"/>
      <Cell oid="cell1">
        <EpochRef oidRef="epoch1"/>
        <ArmRef oidRef="arm1"/>
        <SegmentRef oidRef="seg1"/>
      </Cell>
      <Segment oid="seg1">
        <ActivityRef oidRef="null"/>
      </Segment>
      <Activity oid="null">
        <Washout/>
      </Activity>
    </Structure>
    <Population>
      <ColumnMapping>
        <ds:ColumnRef xmlns:ds="http://www.pharmml.org/2013/08/Dataset" columnIdRef="MPGL"/>
        <ct:SymbRef xmlns:ct="http://www.pharmml.org/2013/03/CommonTypes" symbIdRef="MPG" blkIdRef="cm"/>
      </ColumnMapping>
      <ds:DataSet xmlns:ds="http://www.pharmml.org/2013/08/Dataset">
        <ds:Definition>
          <ds:Column columnId="ID" columnType="id" valueType="id" columnNum="1"/>
          <ds:Column columnId="ARM" columnType="arm" valueType="id" columnNum="2"/>
          <ds:Column columnId="MPGL" columnType="covariate" valueType="real" columnNum="3"/>
        </ds:Definition>
        <ds:Table>
          <ds:Row>
            <ct:Id xmlns:ct="http://www.pharmml.org/2013/03/CommonTypes">i1</ct:Id>
            <ct:Id xmlns:ct="http://www.pharmml.org/2013/03/CommonTypes">arm1</ct:Id>
            <ct:Real xmlns:ct="http://www.pharmml.org/2013/03/CommonTypes">93</ct:Real>
          </ds:Row>
          <ds:Row>
            <ct:Id xmlns:ct="http://www.pharmml.org/2013/03/CommonTypes">i2</ct:Id>
            <ct:Id xmlns:ct="http://www.pharmml.org/2013/03/CommonTypes">arm1</ct:Id>
            <ct:Real xmlns:ct="http://www.pharmml.org/2013/03/CommonTypes">152</ct:Real>
          </ds:Row>
        </ds:Table>
      </ds:DataSet>
    </Population>
  </TrialDesign>
  <ModellingSteps xmlns="http://www.pharmml.org/2013/03/ModellingSteps">
    <SimulationStep oid="s1">
      <ct:VariableAssignment xmlns:ct="http://www.pharmml.org/2013/03/CommonTypes">
        <ct:SymbRef symbIdRef="POW" blkIdRef="pm"/>
        <ct:Assign>
          <ct:Real>0.381</ct:Real>
        </ct:Assign>
      </ct:VariableAssignment>
      <ct:VariableAssignment xmlns:ct="http://www.pharmml.org/2013/03/CommonTypes">
        <ct:SymbRef symbIdRef="TVLS" blkIdRef="pm"/>
        <ct:Assign>
          <ct:Real>91.7</ct:Real>
        </ct:Assign>
      </ct:VariableAssignment>
      <ct:VariableAssignment xmlns:ct="http://www.pharmml.org/2013/03/CommonTypes">
        <ct:SymbRef symbIdRef="SD_IIV_LS" blkIdRef="pm"/>
        <ct:Assign>
          <ct:Real>0.0822</ct:Real>
        </ct:Assign>
      </ct:VariableAssignment>
      <ct:VariableAssignment xmlns:ct="http://www.pharmml.org/2013/03/CommonTypes">
        <ct:Description>This is the KG = TH(5)/1000</ct:Description>
        <ct:SymbRef blkIdRef="pm" symbIdRef="KG"/>
        <ct:Assign>
          <Equation xmlns="http://www.pharmml.org/2013/03/Maths">
            <Binop op="divide">
              <ct:Real>0.00837</ct:Real>
              <ct:Real>1000</ct:Real>
            </Binop>
          </Equation>
        </ct:Assign>
      </ct:VariableAssignment>
      <ct:VariableAssignment xmlns:ct="http://www.pharmml.org/2013/03/CommonTypes">
        <ct:SymbRef symbIdRef="TVLSP" blkIdRef="pm"/>
        <ct:Assign>
          <ct:Real>8.20</ct:Real>
        </ct:Assign>
      </ct:VariableAssignment>
      <ct:VariableAssignment xmlns:ct="http://www.pharmml.org/2013/03/CommonTypes">
        <ct:SymbRef symbIdRef="SD_IIV_LSP" blkIdRef="pm"/>
        <ct:Assign>
          <ct:Real>0.115</ct:Real>
        </ct:Assign>
      </ct:VariableAssignment>
      <ct:VariableAssignment xmlns:ct="http://www.pharmml.org/2013/03/CommonTypes">
        <ct:SymbRef symbIdRef="cv_HBA1C" blkIdRef="om"/>
        <ct:Assign>
          <ct:Real>0.0227</ct:Real>
        </ct:Assign>
      </ct:VariableAssignment>
      <Observations>
        <Timepoints>
          <ct:Vector xmlns:ct="http://www.pharmml.org/2013/03/CommonTypes">
            <ct:Sequence>
              <ct:Begin>
                <ct:Int>0</ct:Int>
              </ct:Begin>
              <ct:StepSize>
                <ct:Int>1</ct:Int>
              </ct:StepSize>
              <ct:End>
                <ct:Int>150</ct:Int>
              </ct:End>
            </ct:Sequence>
          </ct:Vector>
        </Timepoints>
        <Continuous>
          <ct:SymbRef xmlns:ct="http://www.pharmml.org/2013/03/CommonTypes" symbIdRef="HBA1C" blkIdRef="sm"/>
          <ct:SymbRef xmlns:ct="http://www.pharmml.org/2013/03/CommonTypes" symbIdRef="HBA1C_obs" blkIdRef="om"/>
        </Continuous>
      </Observations>
    </SimulationStep>
    <StepDependencies>
      <Step>
        <ct:OidRef xmlns:ct="http://www.pharmml.org/2013/03/CommonTypes" oidRef="s1"/>
      </Step>
    </StepDependencies>
  </ModellingSteps>
</PharmML>
