<?xml version="1.0" encoding="UTF-8"?>
<PharmML xmlns="http://www.pharmml.org/pharmml/0.7/PharmML"
    xmlns:xsi="http://www.w3.org/2001/XMLSchema-instance"
    xsi:schemaLocation="http://www.pharmml.org/pharmml/0.7/PharmML http://www.pharmml.org/pharmml/0.7/PharmML"
    xmlns:ct="http://www.pharmml.org/pharmml/0.7/CommonTypes"
    xmlns:math="http://www.pharmml.org/pharmml/0.7/Maths" 
    xmlns:ds="http://www.pharmml.org/pharmml/0.7/Dataset"
    xmlns:po="http://www.pharmml.org/probonto/ProbOnto"
    implementedBy="MJS" writtenVersion="0.7.1" id="i1">
    
    <!-- MODEL NAME -->
    <ct:Name>Example C4</ct:Name>
    
    <ct:Description>Example C4 - model with PK macros</ct:Description>
    
    <!-- INDEPENDENT VARIABLE -->
    <IndependentVariable symbId="t"/>

    <!-- BLOCK I: MODEL DEFINITION -->
    <ModelDefinition  xmlns="http://www.pharmml.org/pharmml/0.7/ModelDefinition">
        
        <!-- VARIABILITY MODEL -->
        <VariabilityModel blkId="modelVar" type="parameterVariability"> 
            <Level symbId="indiv"/>
        </VariabilityModel>
        
        <VariabilityModel blkId="obsErr" type="residualError"> 
            <Level symbId="residual"/>
        </VariabilityModel>
                
        <ParameterModel blkId="pm1">
            <PopulationParameter symbId="V"/>
            <PopulationParameter symbId="F1"/>
            <PopulationParameter symbId="F2"/>
            <PopulationParameter symbId="ka"/>
            <PopulationParameter symbId="Tk0"/>
            <PopulationParameter symbId="kl"/>
            <PopulationParameter symbId="k23"/>
            <PopulationParameter symbId="k32"/>
            <PopulationParameter symbId="k"/>
            <PopulationParameter symbId="Vm"/>
            <PopulationParameter symbId="Km"/>
            <PopulationParameter symbId="a"/>
        </ParameterModel>
        
        <!--
            compartment(cmt=1, amount=Al) 
            compartment(cmt=2, amount=Ac) 
            oral(adm=1, cmt=1, ka, p=F1) 
            oral(adm=2, cmt=2, Tk0, p=F2) 
            iv(adm=3, cmt=2)
            transfer(from=1, to=2, kt=kl) 
            peripheral(k23, k32, amount=Ap) 
            elimination(cmt=1, k) 
            elimination(cmt=2, Km, Vm)
            Cc = Ac/V
        -->
        
        <StructuralModel blkId="smC4">
            <ct:Variable symbolType="real" symbId="Al"/>
            <ct:Variable symbolType="real" symbId="Ac"/>
            <ct:Variable symbolType="real" symbId="Ap"/>
            <ct:Variable symbolType="real" symbId="Cc">
                <ct:Assign>
                    <math:Binop op="divide">
                        <ct:SymbRef symbIdRef="Ac"/>
                        <ct:SymbRef blkIdRef="pm1" symbIdRef="V"/>
                    </math:Binop>
                </ct:Assign>
            </ct:Variable>
            
            <PKmacros>
                <Compartment>
                    <Value argument="cmt">
                        <ct:Int>1</ct:Int>
                    </Value>
                    <Value argument="amount">
                        <ct:SymbRef symbIdRef="Al"/>
                    </Value>
                </Compartment>
                
                <Compartment>
                    <Value argument="cmt">
                        <ct:Int>2</ct:Int>
                    </Value>
                    <Value argument="amount">
                        <ct:SymbRef symbIdRef="Ac"/>
                    </Value>
                </Compartment>
                
                <Oral>
                    <Value argument="adm">
                        <ct:Int>1</ct:Int>
                    </Value>
                    <Value argument="cmt">
                        <ct:Int>1</ct:Int>
                    </Value>
                    <Value>
                        <ct:SymbRef blkIdRef="pm1" symbIdRef="ka"/>
                    </Value>
                    <Value argument="p">
                        <ct:SymbRef blkIdRef="pm1" symbIdRef="F1"/>
                    </Value>
                </Oral>
                
                <Oral>
                    <Value argument="adm">
                        <ct:Int>2</ct:Int>
                    </Value>
                    <Value argument="cmt">
                        <ct:Int>2</ct:Int>
                    </Value>
                    <Value>
                        <ct:SymbRef blkIdRef="pm1" symbIdRef="Tk0"/>
                    </Value>
                    <Value argument="p">
                        <ct:SymbRef blkIdRef="pm1" symbIdRef="F2"/>
                    </Value>
                </Oral>
                
                <IV>
                    <Value argument="type">
                        <ct:Int>3</ct:Int>
                    </Value>
                    <Value argument="cmt">
                        <ct:Int>2</ct:Int>
                    </Value>
                </IV>
                
                <Transfer>
                    <Value argument="from">
                        <ct:Int>1</ct:Int>
                    </Value>
                    <Value argument="to">
                        <ct:Int>2</ct:Int>
                    </Value>
                    <Value argument="kt">
                        <ct:SymbRef blkIdRef="pm1" symbIdRef="kl"/>
                    </Value>
                </Transfer>
                
                <Peripheral>
                    <Value>
                        <ct:SymbRef blkIdRef="pm1" symbIdRef="k23"/>
                    </Value>
                    <Value>
                        <ct:SymbRef blkIdRef="pm1" symbIdRef="k32"/>
                    </Value>
                    <Value argument="amount">
                        <ct:SymbRef symbIdRef="Ap"/>
                    </Value>
                </Peripheral>
                
                <Elimination>
                    <Value argument="cmt">
                        <ct:Int>1</ct:Int>
                    </Value>
                    <Value>
                        <ct:SymbRef blkIdRef="pm1" symbIdRef="k"/>
                    </Value>
                </Elimination>
                
                <Elimination>
                    <Value argument="cmt">
                        <ct:Int>2</ct:Int>
                    </Value>
                    <Value>
                        <ct:SymbRef blkIdRef="pm1" symbIdRef="Vm"/>
                    </Value>
                    <Value>
                        <ct:SymbRef blkIdRef="pm1" symbIdRef="Km"/>
                    </Value>
                </Elimination>
            </PKmacros>
        </StructuralModel>
        
        
        <ObservationModel blkId="om1">
            <ContinuousData>
                <RandomVariable symbId="eta">
                    <ct:VariabilityReference>
                        <ct:SymbRef blkIdRef="obsErr" symbIdRef="residual"/>
                    </ct:VariabilityReference>
                    <Distribution>
                        <po:ProbOnto name="Normal1">
                            <po:Parameter name="mean">
                                <ct:Assign>
                                    <ct:Real>0</ct:Real>
                                </ct:Assign>
                            </po:Parameter>
                            <po:Parameter name="stdev">
                                <ct:Assign>
                                    <ct:Real>1</ct:Real>
                                </ct:Assign>
                            </po:Parameter>
                        </po:ProbOnto>
                    </Distribution>
                </RandomVariable>
                <Standard symbId="Cc_obs">
                    <Output>
                        <ct:SymbRef blkIdRef="smC4" symbIdRef="Cc"/>
                    </Output>
                    <ErrorModel>
                        <ct:Assign>
                            <ct:SymbRef blkIdRef="pm1" symbIdRef="a"/>
                        </ct:Assign>
                    </ErrorModel>
                    <ResidualError>
                        <ct:SymbRef symbIdRef="eta"/>
                    </ResidualError>
                </Standard>
            </ContinuousData>
        </ObservationModel>
    </ModelDefinition>


    <TrialDesign xmlns="http://www.pharmml.org/pharmml/0.7/TrialDesign">
        
        <ExternalDataSet toolName="Monolix" oid="MLXoid">
            
            <ColumnMapping>
                <ColumnRef xmlns="http://www.pharmml.org/pharmml/0.7/Dataset" columnIdRef="TIME"/>
                <ct:SymbRef symbIdRef="t"/>
            </ColumnMapping>
            
            <ColumnMapping>
                <ColumnRef xmlns="http://www.pharmml.org/pharmml/0.7/Dataset" columnIdRef="DV"/>
                <ct:SymbRef blkIdRef="om1" symbIdRef="Cc_obs"/>
            </ColumnMapping>
            
            <ColumnMapping>
                <ds:ColumnRef columnIdRef="ADM"/>
                <ds:TargetMapping blkIdRef="smC4">
                    <ds:Map dataSymbol="1" admNumber="1"/>
                    <ds:Map dataSymbol="2" admNumber="2"/>
                    <ds:Map dataSymbol="3" admNumber="3"/>
                </ds:TargetMapping>
            </ColumnMapping> 
            
            <DataSet xmlns="http://www.pharmml.org/pharmml/0.7/Dataset">
                <Definition>
                    <Column columnId="ID" columnType="id" valueType="id" columnNum="1"/>
                    <Column columnId="TIME" columnType="idv" valueType="real" columnNum="2"/>
                    <Column columnId="DV" columnType="dv" valueType="real" columnNum="3"/>
                    <Column columnId="AMT" columnType="dose" valueType="real" columnNum="4"/>
                    <Column columnId="ADM" columnType="adm" valueType="int" columnNum="5"/> 
                </Definition>
                <ExternalFile oid="importMLX">
                    <path>exampleC4.csv</path>
                    <!-- format and delimiter are optional -->
                </ExternalFile>
            </DataSet>
        </ExternalDataSet>
    </TrialDesign>
    

    <ModellingSteps xmlns="http://www.pharmml.org/pharmml/0.7/ModellingSteps">
        
        <!-- ESTIMATION STEP -->
        <EstimationStep oid="estTask1">
            
            <ExternalDataSetReference>
                <ct:OidRef oidRef="MLXoid"/>
            </ExternalDataSetReference>
            
            <ParametersToEstimate>
                
                <ParameterEstimation>
                    <ct:SymbRef blkIdRef="pm1" symbIdRef="a"/>
                    <InitialEstimate>
                        <ct:Real>1</ct:Real>
                    </InitialEstimate>
                </ParameterEstimation>
                
                <ParameterEstimation>
                    <ct:SymbRef blkIdRef="pm1" symbIdRef="V"/>
                    <InitialEstimate>
                        <ct:Real>10</ct:Real>
                    </InitialEstimate>
                </ParameterEstimation>
                
                <!-- omitted other parameters -->
            </ParametersToEstimate>
            
            <Operation order="1" opType="estPop"/>
            <Operation order="2" opType="estIndiv"/>
        </EstimationStep>
        
        <!-- STEP DEPENDENCIES -->
        <StepDependencies>
            <Step>
                <ct:OidRef oidRef="estTask1"/>
            </Step>
        </StepDependencies>
        
    </ModellingSteps>
</PharmML>
