<?xml version="1.0" encoding="UTF-8"?>
<PharmML xmlns="http://www.pharmml.org/pharmml/0.7/PharmML"
    xmlns:xsi="http://www.w3.org/2001/XMLSchema-instance"
    xsi:schemaLocation="http://www.pharmml.org/pharmml/0.7/PharmML http://www.pharmml.org/pharmml/0.7/PharmML"
    xmlns:ct="http://www.pharmml.org/pharmml/0.7/CommonTypes"
    xmlns:math="http://www.pharmml.org/pharmml/0.7/Maths" 
    xmlns:ds="http://www.pharmml.org/pharmml/0.7/Dataset"
    xmlns:po="http://www.pharmml.org/probonto/ProbOnto"
    implementedBy="MJS" writtenVersion="0.7.1" id="i1">
    
    <!-- MODEL NAME -->
    <ct:Name>Example C2</ct:Name>
    
    <ct:Description>Example C2 - model with PK macros</ct:Description>
    
    <!-- INDEPENDENT VARIABLE -->
    <IndependentVariable symbId="t"/>

    <!-- SECTION I -->
    <ModelDefinition  xmlns="http://www.pharmml.org/pharmml/0.7/ModelDefinition">
        
        <!-- VARIABILITY MODEL -->
        <VariabilityModel blkId="modelVar" type="parameterVariability"> 
            <Level symbId="indiv"/>
        </VariabilityModel>
        
        <VariabilityModel blkId="obsErr" type="residualError"> 
            <Level symbId="residual"/>
        </VariabilityModel>
        
        <ParameterModel blkId="pm1">
            <PopulationParameter symbId="V"/>
            <PopulationParameter symbId="k12"/>
            <PopulationParameter symbId="k21"/>
            <PopulationParameter symbId="alpha"/>
            <PopulationParameter symbId="k13">
                <ct:Assign>
                    <math:Binop op="plus">
                        <ct:Real>0.6</ct:Real>
                        <ct:SymbRef symbIdRef="alpha"/>
                    </math:Binop>
                </ct:Assign>
            </PopulationParameter>
            <PopulationParameter symbId="beta"/>
            <PopulationParameter symbId="k31">
                <ct:Assign>
                    <math:Binop op="plus">
                        <ct:Real>0.8</ct:Real>
                        <ct:SymbRef symbIdRef="beta"/>
                    </math:Binop>
                </ct:Assign>
            </PopulationParameter>
            <PopulationParameter symbId="p"/>
            <PopulationParameter symbId="k"/>
            <PopulationParameter symbId="a"/>
            <PopulationParameter symbId="Tk0"/>
        </ParameterModel>
        
        <!--
            compartment(cmt=1, volume=V, concentration=Cc)
            iv(adm=1, cmt=1, p=0.1, Tlag=t/(t + 10)) 
            oral(adm=2, cmt=1, Tk0=0.1) 
            elimination(cmt=1, k=0.2)
            peripheral(k12=0.6, k21=0.8, amount=Ap2) 
            peripheral(k13=0.6+alpha, k31=0.8+beta, amount=Ap3)
        -->
        
        <StructuralModel blkId="smC2">
            <ct:Variable symbolType="real" symbId="Cc"/>
            <ct:Variable symbolType="real" symbId="Ap2"/>
            <ct:Variable symbolType="real" symbId="Ap3"/>
            
            <ct:Variable symbolType="real" symbId="Tlag">
                <ct:Assign>
                    <math:Binop op="divide">
                        <ct:SymbRef symbIdRef="t"/>
                        <math:Binop op="plus">
                            <ct:SymbRef symbIdRef="t"/>
                            <ct:Real>10</ct:Real>
                        </math:Binop>
                    </math:Binop>
                </ct:Assign>
            </ct:Variable>

            <PKmacros>
                <Compartment>
                    <Value argument="cmt">
                        <ct:Int>1</ct:Int>
                    </Value>
                    <Value argument="volume">
                        <ct:SymbRef blkIdRef="pm1" symbIdRef="V"/>
                    </Value>
                    <Value argument="concentration">
                        <ct:SymbRef symbIdRef="Cc"/>
                    </Value>
                </Compartment>
                
                <IV>
                    <Value argument="adm">
                        <ct:Int>1</ct:Int>
                    </Value>
                    <Value argument="cmt">
                        <ct:Int>1</ct:Int>
                    </Value>
                    <Value>
                        <ct:SymbRef blkIdRef="pm1" symbIdRef="p"/>
                    </Value>
                    <Value>
                        <ct:SymbRef symbIdRef="Tlag"/>
                    </Value>
                </IV>
                
                <Oral>
                    <Value argument="adm">
                        <ct:Int>2</ct:Int>
                    </Value>
                    <Value argument="cmt">
                        <ct:Int>1</ct:Int>
                    </Value>
                    <Value>
                        <ct:SymbRef blkIdRef="pm1" symbIdRef="Tk0"/>
                    </Value>
                </Oral>
                
                <Elimination>
                    <Value argument="cmt">
                        <ct:Int>1</ct:Int>
                    </Value>
                    <Value>
                        <ct:SymbRef blkIdRef="pm1" symbIdRef="k"/>
                    </Value>
                </Elimination>
                
                <Peripheral>
                    <Value>
                        <ct:SymbRef blkIdRef="pm1" symbIdRef="k12"/>
                    </Value>
                    <Value>
                        <ct:SymbRef blkIdRef="pm1" symbIdRef="k21"/>
                    </Value>
                    <Value argument="amount">
                        <ct:SymbRef symbIdRef="Ap2"/>
                    </Value>
                </Peripheral>
                
                <Peripheral>
                    <Value>
                        <ct:SymbRef blkIdRef="pm1" symbIdRef="k13"/>
                    </Value>
                    <Value>
                        <ct:SymbRef blkIdRef="pm1" symbIdRef="k31"/>
                    </Value>
                    <Value argument="amount">
                        <ct:SymbRef symbIdRef="Ap3"/>
                    </Value>
                </Peripheral>
                
            </PKmacros>
        </StructuralModel>
        
        <ObservationModel blkId="om1">
            <ContinuousData>
                <RandomVariable symbId="eta">
                    <ct:VariabilityReference>
                        <ct:SymbRef blkIdRef="obsErr" symbIdRef="residual"/>
                    </ct:VariabilityReference>
                    <Distribution>
                        <po:ProbOnto name="Normal1">
                            <po:Parameter name="mean">
                                <ct:Assign>
                                    <ct:Real>0</ct:Real>
                                </ct:Assign>
                            </po:Parameter>
                            <po:Parameter name="stdev">
                                <ct:Assign>
                                    <ct:Real>1</ct:Real>
                                </ct:Assign>
                            </po:Parameter>
                        </po:ProbOnto>
                    </Distribution>
                </RandomVariable>
                <Standard symbId="Cc_obs">
                    <Output>
                        <ct:SymbRef blkIdRef="smC2" symbIdRef="Cc"/>
                    </Output>
                    <ErrorModel>
                        <ct:Assign>
                            <ct:SymbRef blkIdRef="pm1" symbIdRef="a"/>
                        </ct:Assign>
                    </ErrorModel>
                    <ResidualError>
                        <ct:SymbRef symbIdRef="eta"/>
                    </ResidualError>
                </Standard>
            </ContinuousData>
        </ObservationModel>
    </ModelDefinition>
    
    <!-- SECTION II -->
    <TrialDesign xmlns="http://www.pharmml.org/pharmml/0.7/TrialDesign">
        <ExternalDataSet toolName="Monolix" oid="MLXoid">
            <ColumnMapping>
                <ColumnRef xmlns="http://www.pharmml.org/pharmml/0.7/Dataset" columnIdRef="TIME"/>
                <ct:SymbRef symbIdRef="t"/>
            </ColumnMapping>
            <ColumnMapping>
                <ColumnRef xmlns="http://www.pharmml.org/pharmml/0.7/Dataset" columnIdRef="DV"/>
                <ct:SymbRef blkIdRef="om1" symbIdRef="Cc_obs"/>
            </ColumnMapping>
            <ColumnMapping>
                <ds:ColumnRef columnIdRef="ADM"/>
                <ds:TargetMapping blkIdRef="smC2">
                    <ds:Map dataSymbol="1" admNumber="1"/>
                    <ds:Map dataSymbol="2" admNumber="2"/>
                </ds:TargetMapping>
            </ColumnMapping> 
            <DataSet xmlns="http://www.pharmml.org/pharmml/0.7/Dataset">
                <Definition>
                    <Column columnId="ID" columnType="id" valueType="id" columnNum="1"/>
                    <Column columnId="TIME" columnType="idv" valueType="real" columnNum="2"/>
                    <Column columnId="DV" columnType="dv" valueType="real" columnNum="3"/>
                    <Column columnId="AMT" columnType="dose" valueType="real" columnNum="4"/>
                    <Column columnId="ADM" columnType="adm" valueType="int" columnNum="5"/> 
                </Definition>
                <ExternalFile oid="importMLX">
                    <path>exampleC2.csv</path>
                    <format>CSV</format>
                    <delimiter>COMMA</delimiter>
                </ExternalFile>
            </DataSet>
        </ExternalDataSet>
    </TrialDesign>

    <!-- SECTION III -->
    <ModellingSteps xmlns="http://www.pharmml.org/pharmml/0.7/ModellingSteps">
        
        <!-- ESTIMATION STEP -->
        <EstimationStep oid="estTask1">
            <ExternalDataSetReference>
                <ct:OidRef oidRef="MLXoid"/>
            </ExternalDataSetReference>
            <ParametersToEstimate>
                <ParameterEstimation>
                    <ct:SymbRef blkIdRef="pm1" symbIdRef="a"/>
                    <InitialEstimate>
                        <ct:Real>1</ct:Real>
                    </InitialEstimate>
                </ParameterEstimation>
                <ParameterEstimation>
                    <ct:SymbRef blkIdRef="pm1" symbIdRef="V"/>
                    <InitialEstimate>
                        <ct:Real>10</ct:Real>
                    </InitialEstimate>
                </ParameterEstimation>
                <!-- omitted other parameters -->
            </ParametersToEstimate>
            
            <Operation order="1" opType="estPop"/>
            <Operation order="2" opType="estIndiv"/>
        </EstimationStep>
        
        <!-- STEP DEPENDENCIES -->
        <StepDependencies>
            <Step>
                <ct:OidRef oidRef="estTask1"/>
            </Step>
        </StepDependencies>
    </ModellingSteps>
</PharmML>
